station,date,aqi,pm25_ug_m3,pm10_ug_m3,no2_ug_m3,so2_ug_m3,co_mg_m3,o3_ug_m3,nh3_ug_m3,daily_aqi_definition,temperature_2m_mean,relative_humidity_2m_mean,wind_speed_10m_max,pressure_msl_mean,aqi_lag_1,aqi_lag_2,aqi_lag_3,aqi_rolling_mean_3,aqi_rolling_mean_7,aqi_next_day,day_of_week,month,day_of_year_sin,day_of_year_cos
"Ballygunge, Kolkata - WBPCB",2024-01-08,306.0,127.41,213.73,57.84,19.23,1.72,71.49,60.44,mean_of_source_observations,19.5,80,13.3,1017.5,304.0,276.0,297.0,292.3333333333333,257.57142857142856,266.0,0,1,0.13718540405660057,0.9905453876091833
"Ballygunge, Kolkata - WBPCB",2024-01-09,266.0,109.73,182.55,60.63,12.97,1.61,75.05,57.29,mean_of_source_observations,19.0,77,10.1,1016.6,306.0,304.0,276.0,295.3333333333333,266.7142857142857,272.0,1,1,0.1542040475626894,0.988039023376751
"Ballygunge, Kolkata - WBPCB",2024-01-10,272.0,111.51,203.43,86.07,12.53,2.08,83.2,68.99,mean_of_source_observations,19.9,76,8.7,1015.0,266.0,306.0,304.0,292.0,272.85714285714283,268.0,2,1,0.17117705961019986,0.985240282501282
"Ballygunge, Kolkata - WBPCB",2024-01-11,268.0,110.29,200.29,63.88,14.39,2.81,78.06,73.87,mean_of_source_observations,19.2,76,12.1,1016.3,272.0,266.0,306.0,281.3333333333333,281.7142857142857,244.0,3,1,0.18809941761179758,0.9821499931752291
"Ballygunge, Kolkata - WBPCB",2024-01-12,244.0,103.24,179.16,44.77,14.41,0.82,80.86,51.0,mean_of_source_observations,16.6,76,15.3,1016.2,268.0,272.0,266.0,268.6666666666667,284.14285714285717,302.0,4,1,0.20496611396949532,0.9787690698649216
"Ballygunge, Kolkata - WBPCB",2024-01-13,302.0,123.0,206.88,64.29,16.67,1.37,67.23,46.85,mean_of_source_observations,16.0,75,11.8,1015.9,244.0,268.0,272.0,261.3333333333333,276.57142857142856,330.0,5,1,0.22177215755648186,0.975098513039961
"Ballygunge, Kolkata - WBPCB",2024-01-14,330.0,158.87,260.62,54.83,15.55,1.43,83.49,42.76,mean_of_source_observations,15.7,77,10.6,1015.4,302.0,244.0,268.0,271.3333333333333,280.2857142857143,315.0,6,1,0.23851257519407648,0.9711394088771653
"Ballygunge, Kolkata - WBPCB",2024-01-15,315.0,139.88,237.58,42.1,11.3,1.18,59.43,39.36,mean_of_source_observations,15.5,81,10.8,1015.0,330.0,302.0,244.0,292.0,284.0,289.0,0,1,0.2551824131233728,0.9668929289391521
"Ballygunge, Kolkata - WBPCB",2024-01-16,289.0,116.59,204.1,51.77,10.29,1.32,59.73,39.96,mean_of_source_observations,16.6,77,9.0,1014.5,315.0,330.0,302.0,315.6666666666667,285.2857142857143,230.0,1,1,0.2717767384711357,0.9623603298276545
"Ballygunge, Kolkata - WBPCB",2024-01-17,230.0,99.03,166.28,48.55,7.88,1.36,35.79,33.97,mean_of_source_observations,17.7,78,9.7,1014.8,289.0,315.0,330.0,311.3333333333333,288.57142857142856,244.0,2,1,0.2882906407095177,0.9575429528116719
"Ballygunge, Kolkata - WBPCB",2024-01-18,244.0,103.19,162.98,51.12,11.97,0.82,31.74,24.35,mean_of_source_observations,17.3,91,13.4,1014.8,230.0,289.0,315.0,278.0,282.57142857142856,204.0,3,1,0.3047192331091634,0.9524422234305676
"Ballygunge, Kolkata - WBPCB",2024-01-19,204.0,91.11,145.82,51.52,9.93,0.87,44.6,25.1,mean_of_source_observations,18.3,85,10.1,1016.2,244.0,230.0,289.0,254.33333333333334,279.14285714285717,304.0,4,1,0.321057654185271,0.9470596510722283
"Ballygunge, Kolkata - WBPCB",2024-01-20,304.0,124.94,212.54,68.81,13.07,1.72,55.5,23.19,mean_of_source_observations,17.6,79,8.4,1016.4,204.0,244.0,230.0,226.0,273.42857142857144,322.0,5,1,0.3373010691361842,0.9413968285264122
"Ballygunge, Kolkata - WBPCB",2024-01-21,322.0,147.98,253.63,84.82,11.57,2.13,46.17,25.65,mean_of_source_observations,17.3,84,8.5,1016.1,304.0,204.0,244.0,250.66666666666666,273.7142857142857,313.0,6,1,0.3534446712740877,0.9354554315134164
"Ballygunge, Kolkata - WBPCB",2024-01-22,313.0,137.2,236.85,66.28,12.85,1.45,58.93,41.52,mean_of_source_observations,15.7,79,11.9,1018.2,322.0,304.0,204.0,276.6666666666667,272.57142857142856,310.0,0,1,0.3694836834473831,0.9292372181882051
"Ballygunge, Kolkata - WBPCB",2024-01-23,310.0,132.69,237.13,80.46,16.3,1.77,77.39,56.14,mean_of_source_observations,16.5,76,10.2,1016.8,313.0,322.0,304.0,313.0,272.2857142857143,275.0,1,1,0.38541335945432564,0.9227440286201427
"Ballygunge, Kolkata - WBPCB",2024-01-24,275.0,112.5,184.87,52.64,13.35,2.0,56.63,47.33,mean_of_source_observations,17.7,80,9.6,1016.9,310.0,313.0,322.0,315.0,275.2857142857143,266.0,2,1,0.4012289854475009,0.9159777842484877
"Ballygunge, Kolkata - WBPCB",2024-01-25,266.0,109.74,199.63,68.32,13.4,2.34,65.18,52.81,mean_of_source_observations,17.3,83,10.5,1018.7,275.0,310.0,313.0,299.3333333333333,281.7142857142857,307.0,3,1,0.4169258813287287,0.908940487313808
"Ballygunge, Kolkata - WBPCB",2024-01-26,307.0,129.29,209.15,62.21,13.76,2.47,78.62,51.19,mean_of_source_observations,17.2,73,12.5,1019.6,266.0,275.0,310.0,283.6666666666667,284.85714285714283,229.0,4,1,0.4324994021339788,0.901634220265486
"Ballygunge, Kolkata - WBPCB",2024-01-27,229.0,98.85,167.77,79.29,12.44,1.9,73.71,56.75,mean_of_source_observations,16.4,71,12.6,1019.3,307.0,266.0,275.0,282.6666666666667,299.57142857142856,284.0,5,1,0.44794493940789115,0.8940611451454876
"Ballygunge, Kolkata - WBPCB",2024-01-28,284.0,115.18,198.97,81.66,13.58,2.83,79.49,69.47,mean_of_source_observations,16.6,74,11.0,1018.8,229.0,307.0,266.0,267.3333333333333,288.85714285714283,228.0,6,1,0.4632579225674917,0.88622350294858
"Ballygunge, Kolkata - WBPCB",2024-01-29,228.0,98.28,175.5,66.47,18.03,1.43,87.18,48.43,mean_of_source_observations,17.9,74,9.5,1017.2,284.0,229.0,307.0,273.3333333333333,283.42857142857144,131.0,0,1,0.4784338202547012,0.8781236129591848
"Ballygunge, Kolkata - WBPCB",2024-01-30,131.0,69.2,125.59,39.24,21.97,1.02,88.48,37.47,mean_of_source_observations,19.7,82,12.5,1015.8,228.0,284.0,229.0,247.0,271.2857142857143,103.0,1,1,0.49346814167723735,0.8697638720650646
"Ballygunge, Kolkata - WBPCB",2024-01-31,103.0,58.32,103.75,34.04,15.9,0.54,74.67,34.66,mean_of_source_observations,20.1,88,12.4,1015.7,131.0,228.0,284.0,214.33333333333334,245.71428571428572,102.0,2,1,0.5083564379375122,0.8611467540480452
"Ballygunge, Kolkata - WBPCB",2024-02-01,102.0,60.53,101.86,50.94,5.6,1.34,25.55,40.54,mean_of_source_observations,20.5,91,12.5,1015.9,103.0,131.0,228.0,154.0,221.14285714285714,121.0,3,2,0.5230943033491326,0.8522748088519838
"Ballygunge, Kolkata - WBPCB",2024-02-02,121.0,66.43,108.51,51.33,15.77,1.15,67.16,35.32,mean_of_source_observations,20.7,85,10.3,1015.1,102.0,103.0,131.0,112.0,197.71428571428572,138.0,4,2,0.5376773767406141,0.8431506618282
"Ballygunge, Kolkata - WBPCB",2024-02-03,138.0,71.43,130.4,56.73,16.51,1.15,89.69,32.2,mean_of_source_observations,20.6,74,13.2,1016.2,121.0,102.0,103.0,108.66666666666667,171.14285714285714,164.0,5,2,0.5521013427459208,0.8337770129585915
"Ballygunge, Kolkata - WBPCB",2024-02-04,164.0,79.09,150.4,63.72,16.96,1.26,87.73,29.98,mean_of_source_observations,19.9,73,11.4,1017.3,138.0,121.0,102.0,120.33333333333333,158.14285714285714,143.0,6,2,0.5663619330814524,0.8241566360566663
"Ballygunge, Kolkata - WBPCB",2024-02-05,143.0,72.97,141.73,61.24,14.65,1.35,96.68,35.83,mean_of_source_observations,21.2,79,9.3,1016.6,164.0,138.0,121.0,141.0,141.0,118.0,0,2,0.580454927809098,0.8142923779467267
"Ballygunge, Kolkata - WBPCB",2024-02-06,118.0,65.48,119.72,38.35,12.07,0.76,42.0,35.11,mean_of_source_observations,23.0,87,13.2,1015.7,143.0,164.0,138.0,148.33333333333334,128.85714285714286,113.0,1,2,0.5943761565849831,0.804187157621448
"Ballygunge, Kolkata - WBPCB",2024-02-07,113.0,60.25,119.54,50.74,12.29,0.68,70.65,29.6,mean_of_source_observations,21.5,78,12.7,1016.1,118.0,143.0,164.0,141.66666666666666,127.0,110.0,2,2,0.6081214998935418,0.7938439653781019
"Ballygunge, Kolkata - WBPCB",2024-02-08,110.0,54.37,115.26,65.38,16.53,0.82,76.83,56.91,mean_of_source_observations,19.6,60,11.3,1016.3,113.0,118.0,143.0,124.66666666666667,128.42857142857142,110.0,3,2,0.6216868902665479,0.7832658619336791
"Ballygunge, Kolkata - WBPCB",2024-02-09,110.0,58.33,115.62,59.85,19.01,0.85,48.63,60.2,mean_of_source_observations,18.2,63,12.3,1018.6,110.0,113.0,118.0,113.66666666666667,129.57142857142858,212.0,4,2,0.6350683134867438,0.7724559775191742
"Ballygunge, Kolkata - WBPCB",2024-02-10,212.0,93.57,167.42,73.91,21.81,1.5,48.92,63.47,mean_of_source_observations,18.5,66,12.4,1018.8,110.0,110.0,113.0,111.0,128.0,209.0,5,2,0.6482618097757122,0.7614175109532997
"Ballygunge, Kolkata - WBPCB",2024-02-11,209.0,92.63,177.57,88.75,18.61,2.07,47.69,91.05,mean_of_source_observations,20.3,64,10.5,1018.8,212.0,110.0,110.0,144.0,138.57142857142858,264.0,6,2,0.6612634749656386,0.7501537286959042
"Ballygunge, Kolkata - WBPCB",2024-02-12,264.0,109.19,209.69,111.17,21.82,2.51,46.97,108.21,mean_of_source_observations,21.4,63,9.7,1018.7,209.0,212.0,110.0,177.0,145.0,236.0,0,2,0.6740694616546161,0.7386679638813748
"Ballygunge, Kolkata - WBPCB",2024-02-13,236.0,100.7,195.13,87.21,23.05,1.65,52.36,51.61,mean_of_source_observations,22.6,70,9.0,1017.9,264.0,209.0,212.0,228.33333333333334,162.28571428571428,213.0,1,2,0.6866759803451553,0.726963615332308
"Ballygunge, Kolkata - WBPCB",2024-02-14,213.0,94.0,176.16,64.78,21.34,1.61,46.09,48.16,mean_of_source_observations,22.3,73,9.8,1016.5,236.0,264.0,209.0,236.33333333333334,179.14285714285714,243.0,2,2,0.6990793005655562,0.7150441465537444
"Ballygunge, Kolkata - WBPCB",2024-02-15,243.0,102.8,186.94,64.89,25.89,1.84,44.88,50.56,mean_of_source_observations,22.5,76,20.5,1016.9,213.0,236.0,264.0,237.66666666666666,193.42857142857142,183.0,3,2,0.7112757519738152,0.7029130847082615
"Ballygunge, Kolkata - WBPCB",2024-02-16,183.0,84.92,157.43,52.74,24.93,1.14,41.39,45.85,mean_of_source_observations,22.9,75,10.8,1017.1,243.0,213.0,236.0,230.66666666666666,212.42857142857142,192.0,4,2,0.7232617254437388,0.6905740195722294
"Ballygunge, Kolkata - WBPCB",2024-02-17,192.0,87.69,164.73,62.31,16.9,1.65,49.33,78.8,mean_of_source_observations,21.7,72,11.5,1014.2,183.0,243.0,213.0,213.0,222.85714285714286,138.0,5,2,0.7350336741329412,0.6780306024735382
"Ballygunge, Kolkata - WBPCB",2024-02-18,138.0,71.48,129.12,37.58,20.45,1.22,50.57,85.92,mean_of_source_observations,22.9,74,9.5,1013.5,192.0,183.0,243.0,206.0,220.0,80.0,6,2,0.746588114532413,0.6652865452111116
"Ballygunge, Kolkata - WBPCB",2024-02-19,80.0,47.76,80.46,25.75,19.07,0.35,36.08,59.72,mean_of_source_observations,24.0,82,11.0,1013.4,138.0,192.0,183.0,171.0,209.85714285714286,79.0,0,2,0.7579216274973472,0.6523456189565257
"Ballygunge, Kolkata - WBPCB",2024-02-20,79.0,40.01,78.93,19.72,9.88,0.56,28.05,48.13,mean_of_source_observations,25.2,82,18.9,1011.0,80.0,138.0,192.0,136.66666666666666,183.57142857142858,95.0,1,2,0.7690308592589181,0.6392116531380588
"Ballygunge, Kolkata - WBPCB",2024-02-21,95.0,44.61,95.25,40.7,13.36,1.11,37.94,55.48,mean_of_source_observations,25.0,77,10.5,1009.6,79.0,80.0,138.0,99.0,161.14285714285714,132.0,2,2,0.7799125224167177,0.6258885343075018
"Ballygunge, Kolkata - WBPCB",2024-02-22,132.0,69.61,136.69,39.79,10.95,1.21,24.46,44.37,mean_of_source_observations,24.7,82,16.7,1009.6,95.0,79.0,80.0,84.66666666666667,144.28571428571428,79.0,3,2,0.7905633969115482,0.612380204990065
"Ballygunge, Kolkata - WBPCB",2024-02-23,79.0,45.11,79.39,44.3,11.34,0.91,37.15,32.1,mean_of_source_observations,23.2,74,18.7,1012.8,132.0,95.0,79.0,102.0,128.42857142857142,111.0,4,2,0.8009803309782905,0.5986906625177214
"Ballygunge, Kolkata - WBPCB",2024-02-24,111.0,57.45,117.12,52.98,17.24,0.82,41.76,33.77,mean_of_source_observations,22.9,71,15.5,1014.5,79.0,132.0,95.0,102.0,113.57142857142857,86.0,5,2,0.8111602420785621,0.5848239578463322
"Ballygunge, Kolkata - WBPCB",2024-02-25,86.0,48.79,86.26,38.33,12.74,0.84,38.46,32.63,mean_of_source_observations,21.1,70,19.1,1015.7,111.0,79.0,132.0,107.33333333333333,102.0,101.0,6,2,0.8211001178128892,0.5707841943569036
"Ballygunge, Kolkata - WBPCB",2024-02-26,101.0,49.33,101.26,48.99,17.49,0.99,47.2,41.07,mean_of_source_observations,22.3,65,11.2,1015.9,86.0,111.0,79.0,92.0,94.57142857142857,125.0,0,2,0.8307970168121247,0.5565755266413303
"Ballygunge, Kolkata - WBPCB",2024-02-27,125.0,65.99,137.82,67.94,28.67,1.38,54.54,55.7,mean_of_source_observations,22.8,64,8.2,1014.6,101.0,86.0,111.0,99.33333333333333,97.57142857142857,132.0,1,2,0.8402480696078469,0.5422021592729844
"Ballygunge, Kolkata - WBPCB",2024-02-28,132.0,69.62,135.04,50.2,23.8,1.39,44.96,50.5,mean_of_source_observations,23.8,72,10.5,1012.8,125.0,101.0,86.0,104.0,104.14285714285714,149.0,2,2,0.8494504794814806,0.527668345562516
"Ballygunge, Kolkata - WBPCB",2024-02-29,149.0,74.55,149.45,75.8,21.93,1.46,46.66,57.52,mean_of_source_observations,23.9,66,9.7,1013.3,132.0,125.0,101.0,119.33333333333333,109.42857142857143,131.0,3,2,0.8584015232918917,0.512978386299228
"Ballygunge, Kolkata - WBPCB",2024-03-01,131.0,69.29,143.07,62.36,22.65,0.92,62.57,57.94,mean_of_source_observations,24.0,65,9.9,1014.0,149.0,132.0,125.0,135.33333333333334,111.85714285714286,145.0,4,3,0.8670985522812081,0.4981366284784055
"Ballygunge, Kolkata - WBPCB",2024-03-02,145.0,73.43,150.09,58.07,15.11,0.97,63.14,55.77,mean_of_source_observations,24.8,69,8.9,1013.0,131.0,149.0,132.0,137.33333333333334,119.28571428571429,111.0,5,3,0.8755389928586302,0.4831474640149687
"Ballygunge, Kolkata - WBPCB",2024-03-03,111.0,58.49,115.82,31.92,12.32,0.84,48.37,46.32,mean_of_source_observations,25.7,75,7.7,1012.3,145.0,131.0,149.0,141.66666666666666,124.14285714285714,110.0,6,3,0.8837203473619977,0.4680153284438345
"Ballygunge, Kolkata - WBPCB",2024-03-04,110.0,57.4,114.94,35.66,13.26,0.8,43.03,45.29,mean_of_source_observations,25.3,69,21.7,1012.3,111.0,145.0,131.0,129.0,127.71428571428571,104.0,0,3,0.8916401947968874,0.45274469960737107
"Ballygunge, Kolkata - WBPCB",2024-03-05,104.0,55.24,106.15,40.13,15.3,0.75,50.41,46.72,mean_of_source_observations,25.4,73,11.4,1012.4,110.0,111.0,145.0,122.0,129.0,109.0,1,3,0.8992961915530253,0.4373400963303323
"Ballygunge, Kolkata - WBPCB",2024-03-06,109.0,51.74,113.63,58.24,14.75,0.81,57.89,44.32,mean_of_source_observations,23.8,64,12.6,1012.7,104.0,110.0,111.0,108.33333333333333,126.0,124.0,2,3,0.9066860720977985,0.4218060770826634
"Ballygunge, Kolkata - WBPCB",2024-03-07,124.0,61.5,135.48,72.46,17.63,0.87,46.71,46.29,mean_of_source_observations,23.8,64,11.0,1012.0,109.0,104.0,110.0,107.66666666666667,122.71428571428571,118.0,3,3,0.9138076496466615,0.40614723863057883
"Ballygunge, Kolkata - WBPCB",2024-03-08,118.0,61.56,127.18,74.16,21.1,1.19,50.14,47.97,mean_of_source_observations,24.1,54,12.6,1012.3,124.0,109.0,104.0,112.33333333333333,119.14285714285714,126.0,4,3,0.9206588168102428,0.3903682146763026
"Ballygunge, Kolkata - WBPCB",2024-03-09,126.0,66.88,138.78,80.8,17.34,2.21,49.71,73.41,mean_of_source_observations,23.3,55,11.5,1013.4,118.0,124.0,109.0,117.0,117.28571428571429,141.0,5,3,0.9272375462179537,0.374473674486883
"Ballygunge, Kolkata - WBPCB",2024-03-10,141.0,72.32,138.47,67.44,20.0,1.28,67.64,40.83,mean_of_source_observations,23.3,56,11.2,1014.8,126.0,118.0,124.0,122.66666666666667,114.57142857142857,130.0,6,3,0.9335418911179212,0.35846832151248087
"Ballygunge, Kolkata - WBPCB",2024-03-11,130.0,69.03,139.3,67.21,21.69,1.25,73.43,44.61,mean_of_source_observations,24.6,56,10.7,1014.1,141.0,126.0,118.0,128.33333333333334,118.85714285714286,110.0,0,3,0.9395699859530622,0.342356891994542
"Ballygunge, Kolkata - WBPCB",2024-03-12,110.0,52.48,115.05,,6.17,0.7,64.45,,mean_of_source_observations,27.1,76,13.5,1011.5,130.0,141.0,126.0,132.33333333333334,121.71428571428571,75.0,1,3,0.945320046913132,0.3261441535642696
"Ballygunge, Kolkata - WBPCB",2024-03-13,75.0,37.5,75.0,,3.19,0.55,44.8,,mean_of_source_observations,27.7,74,15.2,1011.3,110.0,130.0,141.0,127.0,122.57142857142857,76.0,2,3,0.9507903724625832,0.3098349038318025
"Ballygunge, Kolkata - WBPCB",2024-03-14,76.0,36.82,75.63,52.39,3.18,0.51,38.8,60.9,mean_of_source_observations,26.1,85,18.7,1011.1,75.0,110.0,130.0,105.0,117.71428571428571,87.0,3,3,0.9559793438440766,0.2934339689665273
"Ballygunge, Kolkata - WBPCB",2024-03-15,87.0,40.85,86.75,53.43,6.28,0.52,57.69,44.1,mean_of_source_observations,26.6,81,21.0,1011.6,76.0,75.0,110.0,87.0,110.85714285714286,67.0,4,3,0.9608854255574977,0.27694620226893646
"Ballygunge, Kolkata - WBPCB",2024-03-16,67.0,37.25,67.11,18.47,4.73,0.49,41.99,41.84,mean_of_source_observations,26.9,83,12.4,1013.0,87.0,76.0,75.0,79.33333333333333,106.42857142857143,77.0,5,3,0.9655071658143364,0.2603764827344581
"Ballygunge, Kolkata - WBPCB",2024-03-17,77.0,41.75,76.67,31.21,10.13,0.72,65.46,44.15,mean_of_source_observations,25.9,82,9.5,1012.9,67.0,87.0,76.0,76.66666666666667,98.0,101.0,6,3,0.969843196967294,0.24372971360968387
"Ballygunge, Kolkata - WBPCB",2024-03-18,101.0,56.43,101.47,44.54,14.12,0.75,57.39,52.72,mean_of_source_observations,25.6,85,12.8,1012.1,77.0,67.0,87.0,77.0,88.85714285714286,89.0,0,3,0.9738922359149924,0.22701082094141847
"Ballygunge, Kolkata - WBPCB",2024-03-19,89.0,42.02,89.02,38.24,21.78,0.77,54.05,46.0,mean_of_source_observations,25.7,80,21.1,1012.1,101.0,77.0,67.0,81.66666666666667,84.71428571428571,37.0,1,3,0.9776530844816641,0.2102247521189836
"Ballygunge, Kolkata - WBPCB",2024-03-20,37.0,20.33,37.14,24.23,6.89,0.31,35.26,44.79,mean_of_source_observations,21.2,90,11.0,1013.8,89.0,101.0,77.0,89.0,81.71428571428571,62.0,2,3,0.981124629771712,0.19337647441020586
"Ballygunge, Kolkata - WBPCB",2024-03-21,62.0,27.33,51.92,25.27,8.79,0.73,62.18,30.63,mean_of_source_observations,21.3,87,8.7,1013.0,37.0,89.0,101.0,75.66666666666667,76.28571428571429,103.0,3,3,0.984305844499033,0.17647097349152166
"Ballygunge, Kolkata - WBPCB",2024-03-22,103.0,54.46,104.85,27.32,11.83,0.98,64.03,29.43,mean_of_source_observations,22.9,80,8.2,1010.0,62.0,37.0,89.0,62.666666666666664,74.28571428571429,94.0,4,3,0.9871957872910085,0.15951325197263655
"Ballygunge, Kolkata - WBPCB",2024-03-23,94.0,52.86,93.94,10.32,11.91,1.05,36.78,18.85,mean_of_source_observations,25.3,80,16.6,1008.5,103.0,62.0,37.0,67.33333333333333,76.57142857142857,56.0,5,3,0.9897936029670716,0.14250832791617088
"Ballygunge, Kolkata - WBPCB",2024-03-24,56.0,31.56,55.71,14.57,9.24,0.47,32.55,18.97,mean_of_source_observations,27.9,81,19.4,1009.9,94.0,103.0,62.0,86.33333333333333,80.42857142857143,53.0,6,3,0.992098522791769,0.12546123335273648
"Ballygunge, Kolkata - WBPCB",2024-03-25,53.0,31.15,53.38,41.31,4.91,0.5,28.5,41.7,mean_of_source_observations,27.0,84,16.6,1010.4,56.0,94.0,103.0,84.33333333333333,77.42857142857143,46.0,0,3,0.9941098647022418,0.10837701279187609
"Ballygunge, Kolkata - WBPCB",2024-03-26,46.0,27.85,45.96,31.85,8.31,0.44,33.93,37.8,mean_of_source_observations,27.2,81,10.8,1011.2,53.0,56.0,94.0,67.66666666666667,70.57142857142857,60.0,1,3,0.9958270335100595,0.09126072172931188
"Ballygunge, Kolkata - WBPCB",2024-03-27,60.0,32.19,59.56,29.13,5.56,0.6,30.99,40.25,mean_of_source_observations,28.1,79,15.0,1012.1,46.0,53.0,56.0,51.666666666666664,64.42857142857143,78.0,2,3,0.9972495210773451,0.07411742515094437
"Ballygunge, Kolkata - WBPCB",2024-03-28,78.0,41.97,78.45,37.87,6.55,0.82,36.12,32.0,mean_of_source_observations,28.0,79,17.8,1009.5,60.0,46.0,53.0,53.0,67.71428571428571,75.0,3,3,0.998376906467142,0.056952196034039754
"Ballygunge, Kolkata - WBPCB",2024-03-29,75.0,41.92,74.94,15.47,3.67,0.82,32.94,15.9,mean_of_source_observations,28.6,83,16.9,1008.3,78.0,60.0,46.0,61.333333333333336,70.0,62.0,4,3,0.9992088560679753,0.03977011384605572
"Ballygunge, Kolkata - WBPCB",2024-03-30,62.0,34.91,62.32,19.43,2.59,0.66,29.16,15.18,mean_of_source_observations,29.3,79,17.8,1009.3,75.0,78.0,60.0,71.0,66.0,74.0,5,3,0.9997451236925734,0.022576263041545485
"Ballygunge, Kolkata - WBPCB",2024-03-31,74.0,36.33,73.92,16.64,4.09,0.59,31.13,14.48,mean_of_source_observations,28.8,81,20.6,1008.8,62.0,75.0,78.0,71.66666666666667,61.42857142857143,83.0,6,3,0.9999855506507186,0.005375731557583884
"Ballygunge, Kolkata - WBPCB",2024-04-01,83.0,46.99,82.87,25.93,13.02,0.69,56.03,21.54,mean_of_source_observations,30.3,64,13.9,1005.5,74.0,62.0,75.0,70.33333333333333,64.0,104.0,0,4,0.9999300657962057,-0.011826390691832589
"Ballygunge, Kolkata - WBPCB",2024-04-02,104.0,46.83,103.27,29.42,9.09,0.6,102.62,32.42,mean_of_source_observations,30.1,69,13.2,1005.2,83.0,74.0,62.0,73.0,68.28571428571429,96.0,1,4,0.9995786855478958,-0.029025013321975237
"Ballygunge, Kolkata - WBPCB",2024-04-03,96.0,44.31,94.29,23.81,10.44,0.38,96.02,30.56,mean_of_source_observations,30.2,75,15.6,1007.3,104.0,83.0,74.0,87.0,76.57142857142857,63.0,2,4,0.9989315138848577,-0.046215046983708354
"Ballygunge, Kolkata - WBPCB",2024-04-04,63.0,37.23,62.51,13.97,3.23,0.42,50.81,26.14,mean_of_source_observations,30.0,82,20.8,1006.8,96.0,104.0,83.0,94.33333333333333,81.71428571428571,91.0,3,4,0.9979887423155984,-0.06339140486951038
"Ballygunge, Kolkata - WBPCB",2024-04-05,91.0,49.2,90.94,23.09,4.34,0.83,75.53,29.44,mean_of_source_observations,31.5,77,18.3,1004.9,63.0,96.0,104.0,87.66666666666667,79.57142857142857,86.0,4,4,0.9967506498213929,-0.08054900421874167
"Ballygunge, Kolkata - WBPCB",2024-04-06,86.0,51.13,86.32,17.1,6.78,0.38,54.95,27.97,mean_of_source_observations,30.7,80,19.1,1005.6,91.0,63.0,96.0,83.33333333333333,81.85714285714286,70.0,5,4,0.9952176027737294,-0.09768276782171598
"Ballygunge, Kolkata - WBPCB",2024-04-07,70.0,40.06,69.92,21.14,6.99,0.71,42.06,29.73,mean_of_source_observations,30.2,75,17.8,1006.9,86.0,91.0,63.0,80.0,85.28571428571429,71.0,6,4,0.9933900548258936,-0.11478762552212701
"Ballygunge, Kolkata - WBPCB",2024-04-08,71.0,39.6,71.14,39.96,12.92,0.62,54.98,33.13,mean_of_source_observations,27.3,70,22.1,1010.3,70.0,86.0,91.0,82.33333333333333,84.71428571428571,90.0,0,4,0.9912685467787256,-0.13185851571739118
"Ballygunge, Kolkata - WBPCB",2024-04-09,90.0,45.3,82.38,58.15,19.89,1.06,90.27,39.06,mean_of_source_observations,28.1,64,10.9,1010.0,71.0,70.0,86.0,75.66666666666667,83.0,134.0,1,4,0.9888537064205885,-0.1488903868564548
"Ballygunge, Kolkata - WBPCB",2024-04-10,134.0,70.15,131.34,63.6,19.74,1.23,88.83,40.76,mean_of_source_observations,29.1,62,14.5,1010.0,90.0,71.0,70.0,77.0,81.0,135.0,2,4,0.986146248341595,-0.16587819893463143
"Ballygunge, Kolkata - WBPCB",2024-04-11,135.0,70.51,126.55,59.79,18.4,1.12,76.66,41.47,mean_of_source_observations,27.3,72,16.6,1011.3,134.0,90.0,71.0,98.33333333333333,86.42857142857143,96.0,3,4,0.9831469737221499,-0.1828169249850199
"Ballygunge, Kolkata - WBPCB",2024-04-12,96.0,46.14,90.2,29.85,19.37,1.12,96.26,30.38,mean_of_source_observations,28.4,64,9.0,1010.5,135.0,134.0,90.0,119.66666666666667,96.71428571428571,102.0,4,4,0.9798567700958665,-0.1997015525660636
"Ballygunge, Kolkata - WBPCB",2024-04-13,102.0,52.07,99.81,31.39,18.25,0.52,101.18,30.03,mean_of_source_observations,29.4,63,9.2,1009.9,96.0,135.0,134.0,121.66666666666667,97.42857142857143,94.0,5,4,0.9762766110869321,-0.21652708524481437
"Ballygunge, Kolkata - WBPCB",2024-04-14,94.0,43.82,83.02,20.77,15.87,0.33,93.71,27.12,mean_of_source_observations,30.0,61,10.8,1009.9,102.0,96.0,135.0,111.0,99.71428571428571,98.0,6,4,0.9724075561219968,-0.23328854407545518
"Ballygunge, Kolkata - WBPCB",2024-04-15,98.0,44.82,89.75,19.9,10.29,0.36,98.04,33.23,mean_of_source_observations,31.2,64,15.4,1008.7,94.0,102.0,96.0,97.33333333333333,103.14285714285714,85.0,0,4,0.9682507501166718,-0.2499809690726521
"Ballygunge, Kolkata - WBPCB",2024-04-16,85.0,37.0,76.12,24.82,8.87,0.53,84.93,35.48,mean_of_source_observations,32.2,59,14.5,1006.3,98.0,94.0,102.0,98.0,107.0,96.0,1,4,0.9638074231367307,-0.26659942067929354
"Ballygunge, Kolkata - WBPCB",2024-04-17,96.0,47.42,96.44,22.39,11.32,0.41,94.37,34.11,mean_of_source_observations,32.3,60,10.5,1004.5,85.0,98.0,94.0,92.33333333333333,106.28571428571429,100.0,2,4,0.9590788900341131,-0.28313898122818354
"Ballygunge, Kolkata - WBPCB",2024-04-18,100.0,37.36,93.21,41.23,9.66,0.87,99.57,37.07,mean_of_source_observations,31.9,52,13.1,1004.2,96.0,85.0,98.0,93.0,100.85714285714286,109.0,3,4,0.9540665500578387,-0.2995947563972602
"Ballygunge, Kolkata - WBPCB",2024-04-19,109.0,42.08,99.17,21.12,15.59,0.9,106.07,21.0,mean_of_source_observations,32.1,56,23.8,1002.0,100.0,96.0,85.0,93.66666666666667,95.85714285714286,71.0,4,4,0.9487718864399473,-0.31596187665790293
"Ballygunge, Kolkata - WBPCB",2024-04-20,71.0,30.08,70.77,16.07,4.11,0.39,67.14,21.6,mean_of_source_observations,32.8,64,24.6,1001.3,109.0,100.0,96.0,101.66666666666667,97.71428571428571,71.0,5,4,0.9431964659565866,-0.33223549871590435
"Ballygunge, Kolkata - WBPCB",2024-04-21,71.0,28.06,70.77,16.48,3.44,0.32,70.2,22.53,mean_of_source_observations,33.5,62,21.5,1002.5,71.0,109.0,100.0,93.33333333333333,93.28571428571429,97.0,6,4,0.9373419384643772,-0.3484108069446808
"Ballygunge, Kolkata - WBPCB",2024-04-22,97.0,41.32,96.77,18.6,5.97,0.82,76.22,21.76,mean_of_source_observations,33.2,55,16.0,1004.6,71.0,71.0,109.0,83.66666666666667,90.0,94.0,0,4,0.9312100364121947,-0.3644830148102912
"Ballygunge, Kolkata - WBPCB",2024-04-23,94.0,45.51,93.98,17.03,19.81,0.82,81.47,19.63,mean_of_source_observations,32.4,47,17.8,1004.5,97.0,71.0,71.0,79.66666666666667,89.85714285714286,97.0,1,4,0.9248025743285089,-0.38044736628785164
"Ballygunge, Kolkata - WBPCB",2024-04-24,97.0,47.85,92.49,16.1,18.9,0.64,97.18,24.2,mean_of_source_observations,33.3,49,14.8,1003.5,94.0,97.0,71.0,87.33333333333333,91.14285714285714,134.0,2,4,0.9181214482844365,-0.39629913726891813
"Ballygunge, Kolkata - WBPCB",2024-04-25,134.0,44.29,102.9,17.97,15.46,0.62,123.41,31.78,mean_of_source_observations,33.1,50,15.2,1004.0,97.0,94.0,97.0,96.0,91.28571428571429,73.0,3,4,0.9111686353326631,-0.41203363695942635
"Ballygunge, Kolkata - WBPCB",2024-04-26,73.0,36.09,73.17,13.61,4.9,0.47,68.85,32.74,mean_of_source_observations,32.8,68,19.5,1003.7,134.0,97.0,94.0,108.33333333333333,96.14285714285714,148.0,4,4,0.9039461929224011,-0.42764620926777464
"Ballygunge, Kolkata - WBPCB",2024-04-27,148.0,33.2,78.97,13.36,9.01,0.37,132.89,30.43,mean_of_source_observations,33.4,64,18.0,1003.8,73.0,134.0,97.0,101.33333333333333,91.0,130.0,5,4,0.8964562582905575,-0.44313223418263453
"Ballygunge, Kolkata - WBPCB",2024-04-28,130.0,34.77,76.79,12.79,6.61,,120.54,29.97,mean_of_source_observations,33.7,59,15.3,1004.2,148.0,73.0,134.0,118.33333333333333,102.0,129.0,6,4,0.8887010478292915,-0.45848712914008766
"Ballygunge, Kolkata - WBPCB",2024-04-29,129.0,50.41,96.48,13.54,16.53,0.18,119.52,28.27,mean_of_source_observations,34.1,53,20.7,1004.6,130.0,148.0,73.0,117.0,110.42857142857143,153.0,0,4,0.8806828564301475,-0.47370635037968
"Ballygunge, Kolkata - WBPCB",2024-04-30,153.0,46.45,91.4,12.9,20.18,0.16,135.88,28.0,mean_of_source_observations,35.0,52,22.8,1000.4,129.0,130.0,148.0,135.66666666666666,115.0,119.0,1,4,0.8724040568049612,-0.48878539428899265
"Ballygunge, Kolkata - WBPCB",2024-05-01,119.0,46.73,115.68,12.69,16.07,0.4,113.03,27.64,mean_of_source_observations,35.0,47,21.2,999.8,153.0,129.0,130.0,137.33333333333334,123.42857142857143,127.0,2,5,0.8638670987837349,-0.503719798736334
"Ballygunge, Kolkata - WBPCB",2024-05-02,127.0,37.76,88.39,13.06,12.6,0.38,118.68,30.16,mean_of_source_observations,33.6,64,25.6,1000.3,119.0,153.0,129.0,133.66666666666666,126.57142857142857,120.0,3,5,0.8550745085896932,-0.518505144391157
"Ballygunge, Kolkata - WBPCB",2024-05-03,120.0,33.52,93.54,11.01,8.49,0.25,113.77,30.38,mean_of_source_observations,33.1,61,16.1,1004.0,127.0,119.0,153.0,133.0,125.57142857142857,58.0,4,5,0.8460288880917339,-0.533137056031809
"Ballygunge, Kolkata - WBPCB",2024-05-04,58.0,26.88,58.18,10.3,5.56,0.44,55.79,36.13,mean_of_source_observations,32.4,70,21.8,1004.5,120.0,127.0,119.0,122.0,132.28571428571428,60.0,5,5,0.8367329140344921,-0.5476112038402312
"Ballygunge, Kolkata - WBPCB",2024-05-05,60.0,25.51,60.4,9.7,5.64,0.53,58.72,32.53,mean_of_source_observations,32.1,71,26.8,1002.0,58.0,120.0,127.0,101.66666666666667,119.42857142857143,49.0,6,5,0.8271893372462497,-0.5619233046832195
"Ballygunge, Kolkata - WBPCB",2024-05-06,49.0,16.96,49.14,10.93,6.49,0.35,44.87,30.83,mean_of_source_observations,30.1,79,34.4,1004.1,60.0,58.0,120.0,79.33333333333333,109.42857142857143,75.0,0,5,0.8174009818249189,-0.5760691233798758
"Ballygunge, Kolkata - WBPCB",2024-05-07,75.0,12.52,28.37,20.03,8.98,0.4,74.84,73.33,mean_of_source_observations,28.5,77,25.0,1008.1,49.0,60.0,58.0,55.666666666666664,98.0,61.0,1,5,0.8073707443023492,-0.5900444739548627
"Ballygunge, Kolkata - WBPCB",2024-05-08,61.0,11.03,25.23,16.74,7.46,0.43,60.87,105.19,mean_of_source_observations,26.7,82,17.4,1009.0,75.0,49.0,60.0,61.333333333333336,86.85714285714286,54.0,2,5,0.7971015927871943,-0.6038452208771035
"Ballygunge, Kolkata - WBPCB",2024-05-09,54.0,14.98,41.44,18.92,6.96,0.54,53.99,91.2,mean_of_source_observations,26.7,86,16.5,1007.9,61.0,75.0,49.0,61.666666666666664,78.57142857142857,62.0,3,5,0.7865965660866021,-0.6174672802835514
"Ballygunge, Kolkata - WBPCB",2024-05-10,62.0,18.11,36.79,19.38,10.04,0.47,62.12,92.23,mean_of_source_observations,26.8,86,12.7,1008.3,54.0,61.0,75.0,63.333333333333336,68.14285714285714,53.0,4,5,0.7758587728069828,-0.6309066211876704
"Ballygunge, Kolkata - WBPCB",2024-05-11,53.0,15.08,34.64,17.79,6.84,0.5,52.6,81.0,mean_of_source_observations,28.1,85,19.9,1008.6,62.0,54.0,61.0,59.0,59.857142857142854,69.0,5,5,0.7648913904341226,-0.6441592666722685
"Ballygunge, Kolkata - WBPCB",2024-05-12,69.0,23.59,46.67,20.3,7.35,0.45,68.72,80.45,mean_of_source_observations,27.9,83,15.8,1008.9,53.0,62.0,54.0,56.333333333333336,59.142857142857146,75.0,6,5,0.753697664392914,-0.6572212950663319
"Ballygunge, Kolkata - WBPCB",2024-05-13,75.0,26.23,51.17,22.4,8.64,0.4,74.87,74.24,mean_of_source_observations,29.2,78,13.2,1008.3,69.0,53.0,62.0,61.333333333333336,60.42857142857143,61.0,0,5,0.742280907086982,-0.6700888411055113
"Ballygunge, Kolkata - WBPCB",2024-05-14,61.0,26.5,46.1,16.96,9.36,0.42,61.24,37.07,mean_of_source_observations,29.7,81,12.0,1008.2,75.0,69.0,53.0,65.66666666666667,64.14285714285714,54.0,1,5,0.7306444969184916,-0.6827580970759147
"Ballygunge, Kolkata - WBPCB",2024-05-15,54.0,21.35,43.27,16.37,8.72,0.46,54.18,26.27,mean_of_source_observations,30.4,75,12.4,1008.7,61.0,75.0,69.0,68.33333333333333,62.142857142857146,51.0,2,5,0.7187918772884232,-0.6952253139408722
"Ballygunge, Kolkata - WBPCB",2024-05-16,51.0,16.93,37.97,14.87,6.19,0.46,51.22,23.72,mean_of_source_observations,30.7,76,13.6,1008.1,54.0,61.0,75.0,63.333333333333336,61.142857142857146,58.0,3,5,0.7067265555776158,-0.7074868024503348
"Ballygunge, Kolkata - WBPCB",2024-05-17,58.0,20.11,36.4,13.16,5.45,0.51,58.48,24.01,mean_of_source_observations,31.8,73,19.4,1005.8,51.0,54.0,61.0,55.333333333333336,60.714285714285715,80.0,4,5,0.6944521021088763,-0.719538934232584
"Ballygunge, Kolkata - WBPCB",2024-05-18,80.0,25.67,54.1,18.75,8.64,0.48,80.47,25.41,mean_of_source_observations,32.0,72,17.1,1004.1,58.0,51.0,54.0,54.333333333333336,60.142857142857146,64.0,5,5,0.6819721490904629,-0.7313781428679254
"Ballygunge, Kolkata - WBPCB",2024-05-19,64.0,24.28,43.53,18.67,8.98,0.34,63.57,23.37,mean_of_source_observations,31.0,75,14.2,1003.2,80.0,58.0,51.0,63.0,64.0,48.0,6,5,0.6692903895412567,-0.7430009249440493
"Ballygunge, Kolkata - WBPCB",2024-05-20,48.0,11.07,23.54,16.13,6.56,0.38,47.57,21.24,mean_of_source_observations,29.3,84,16.7,1003.7,64.0,80.0,58.0,67.33333333333333,63.285714285714285,50.0,0,5,0.6564105761979381,-0.7544038410927472
"Ballygunge, Kolkata - WBPCB",2024-05-21,50.0,15.06,39.82,19.96,8.35,0.54,49.73,22.99,mean_of_source_observations,29.4,83,13.8,1004.0,48.0,64.0,80.0,64.0,59.42857142857143,47.0,1,5,0.6433365204044917,-0.765583517007675
"Ballygunge, Kolkata - WBPCB",2024-05-22,47.0,10.89,29.81,26.27,4.58,0.95,39.79,22.2,mean_of_source_observations,29.9,79,13.7,1004.1,50.0,48.0,64.0,54.0,57.857142857142854,47.0,2,5,0.6300720909843687,-0.7765366444428655
"Ballygunge, Kolkata - WBPCB",2024-05-23,47.0,18.06,37.11,16.87,5.18,0.95,46.21,29.8,mean_of_source_observations,30.1,78,21.7,1002.7,47.0,50.0,48.0,48.333333333333336,56.857142857142854,58.0,3,5,0.6166212130956382,-0.7872599821916922
"Ballygunge, Kolkata - WBPCB",2024-05-24,58.0,19.22,53.04,17.12,6.9,0.56,57.98,41.22,mean_of_source_observations,30.9,75,15.5,1000.9,47.0,47.0,50.0,48.0,56.285714285714285,60.0,4,5,0.6029878670694714,-0.7977503570459932
"Ballygunge, Kolkata - WBPCB",2024-05-25,60.0,19.31,60.02,21.53,4.78,0.42,60.12,40.62,mean_of_source_observations,31.2,75,16.0,998.6,58.0,47.0,47.0,50.666666666666664,56.285714285714285,43.0,5,5,0.5891760872322963,-0.8080046647350754
"Ballygunge, Kolkata - WBPCB",2024-05-26,43.0,9.77,34.9,11.68,4.53,0.37,42.93,34.26,mean_of_source_observations,27.9,87,43.2,992.9,60.0,58.0,47.0,55.0,53.42857142857143,51.0,6,5,0.5751899607119775,-0.8180198708443175
"Ballygunge, Kolkata - WBPCB",2024-05-27,51.0,9.69,29.81,14.15,4.7,0.43,50.95,34.04,mean_of_source_observations,26.9,90,45.1,987.0,43.0,60.0,58.0,53.666666666666664,50.42857142857143,62.0,0,5,0.5610336262283677,-0.8277930117131022
"Ballygunge, Kolkata - WBPCB",2024-05-28,62.0,26.78,61.78,23.37,6.04,0.49,50.18,43.99,mean_of_source_observations,30.7,81,22.9,996.4,51.0,43.0,60.0,51.333333333333336,50.857142857142854,85.0,1,5,0.5467112728685939,-0.8373211953118121
"Ballygunge, Kolkata - WBPCB",2024-05-29,85.0,30.39,84.63,8.15,3.22,0.39,51.73,36.27,mean_of_source_observations,31.9,83,31.1,997.7,62.0,51.0,43.0,52.0,52.57142857142857,68.0,2,5,0.5322271388474397,-0.8466016020976267
"Ballygunge, Kolkata - WBPCB",2024-05-30,68.0,23.52,68.3,8.97,4.58,0.41,48.72,36.96,mean_of_source_observations,31.7,80,30.3,1000.1,85.0,62.0,51.0,66.0,58.0,65.0,3,5,0.5175855102531889,-0.8556314858488706
"Ballygunge, Kolkata - WBPCB",2024-05-31,65.0,21.39,40.25,20.75,6.78,0.62,64.72,44.42,mean_of_source_observations,30.8,82,28.2,1001.9,68.0,85.0,62.0,71.66666666666667,61.0,52.0,4,5,0.5027907197793043,-0.8644081744776648
"Ballygunge, Kolkata - WBPCB",2024-06-01,52.0,21.2,52.07,9.01,3.4,0.61,45.7,43.37,mean_of_source_observations,30.7,83,23.6,1003.3,65.0,68.0,85.0,72.66666666666667,62.0,49.0,5,6,0.4878471454423119,-0.8729290708206411
"Ballygunge, Kolkata - WBPCB",2024-06-02,49.0,16.88,48.92,8.57,2.98,0.28,42.57,40.73,mean_of_source_observations,31.2,81,21.6,1003.9,52.0,65.0,68.0,61.666666666666664,60.857142857142854,80.0,6,6,0.47275920928627757,-0.881191653407483
"Ballygunge, Kolkata - WBPCB",2024-06-03,80.0,18.23,42.38,12.68,3.89,0.26,79.78,37.08,mean_of_source_observations,31.0,78,21.3,1003.3,49.0,52.0,65.0,55.333333333333336,61.714285714285715,60.0,0,6,0.4575313760742512,-0.8891934772070711
"Ballygunge, Kolkata - WBPCB",2024-06-04,60.0,24.16,51.63,12.92,3.28,0.26,60.12,34.95,mean_of_source_observations,31.4,79,19.6,1003.2,80.0,49.0,52.0,60.333333333333336,65.85714285714286,86.0,1,6,0.44216815196707204,-0.8969321743510065
"Ballygunge, Kolkata - WBPCB",2024-06-05,86.0,30.13,62.86,23.4,6.08,0.38,86.19,39.31,mean_of_source_observations,31.5,80,21.1,1003.5,60.0,80.0,49.0,63.0,65.57142857142857,81.0,2,6,0.42667408318992467,-0.9044054548343001
"Ballygunge, Kolkata - WBPCB",2024-06-06,81.0,33.2,67.37,15.79,5.23,0.46,80.84,38.27,mean_of_source_observations,31.4,83,19.3,1003.3,86.0,60.0,80.0,75.33333333333333,65.71428571428571,64.0,3,6,0.4110537546870351,-0.9116111071930239
"Ballygunge, Kolkata - WBPCB",2024-06-07,64.0,31.88,63.49,15.13,5.91,0.48,64.21,34.14,mean_of_source_observations,31.3,79,22.4,1002.0,81.0,86.0,60.0,75.66666666666667,67.57142857142857,55.0,4,6,0.3953117887649151,-0.9185469991587165
"Ballygunge, Kolkata - WBPCB",2024-06-08,55.0,27.76,55.32,12.43,4.83,0.42,54.87,31.21,mean_of_source_observations,31.3,78,21.3,1000.9,64.0,81.0,86.0,77.0,67.42857142857143,71.0,5,6,0.37945284372454435,-0.925211078289358
"Ballygunge, Kolkata - WBPCB",2024-06-09,71.0,27.49,61.62,13.94,4.59,0.32,70.93,31.62,mean_of_source_observations,31.9,79,17.1,1000.1,55.0,64.0,81.0,66.66666666666667,67.85714285714286,65.0,6,6,0.36348161248290634,-0.9316013725767187
"Ballygunge, Kolkata - WBPCB",2024-06-10,65.0,26.2,58.03,10.56,4.11,0.35,65.12,31.57,mean_of_source_observations,32.0,76,18.4,1000.5,71.0,55.0,64.0,63.333333333333336,71.0,52.0,0,6,0.3474028211842774,-0.9377159910299093
"Ballygunge, Kolkata - WBPCB",2024-06-11,52.0,16.76,44.77,9.0,3.24,0.34,52.07,29.8,mean_of_source_observations,31.8,76,19.1,1000.3,65.0,71.0,55.0,63.666666666666664,68.85714285714286,51.0,1,6,0.3312212278016865,-0.9435531242349544
"Ballygunge, Kolkata - WBPCB",2024-06-12,51.0,21.65,46.3,10.48,4.24,0.54,51.11,30.87,mean_of_source_observations,31.5,76,20.1,1000.9,52.0,65.0,71.0,62.666666666666664,67.71428571428571,52.0,2,6,0.31494162072895193,-0.9491110448902284
"Ballygunge, Kolkata - WBPCB",2024-06-13,52.0,24.26,52.41,11.3,3.66,0.61,51.37,25.95,mean_of_source_observations,32.0,75,24.7,999.9,51.0,52.0,65.0,56.0,62.714285714285715,71.0,3,6,0.2985688173637202,-0.9543881083175908
"Ballygunge, Kolkata - WBPCB",2024-06-14,71.0,30.66,66.99,13.26,3.02,0.58,71.16,24.98,mean_of_source_observations,32.5,75,19.9,998.8,52.0,51.0,52.0,51.666666666666664,58.57142857142857,60.0,4,6,0.2821076626819194,-0.9593827529490743
"Ballygunge, Kolkata - WBPCB",2024-06-15,60.0,28.65,60.0,11.89,4.64,0.34,57.67,24.15,mean_of_source_observations,32.2,76,22.0,999.1,71.0,52.0,51.0,58.0,59.57142857142857,51.0,5,6,0.26556302780405594,-0.9640935007889755
"Ballygunge, Kolkata - WBPCB",2024-06-16,51.0,25.03,49.87,12.24,4.63,0.28,50.52,23.96,mean_of_source_observations,32.6,73,20.0,1000.7,60.0,71.0,52.0,61.0,60.285714285714285,52.0,6,6,0.24893980855376657,-0.9685189578512204
"Ballygunge, Kolkata - WBPCB",2024-06-17,52.0,26.09,51.75,11.12,4.37,0.29,52.27,22.51,mean_of_source_observations,32.5,74,29.1,1001.0,51.0,60.0,71.0,60.666666666666664,57.42857142857143,56.0,0,6,0.23224292400907015,-0.9726578145718654
"Ballygunge, Kolkata - WBPCB",2024-06-18,56.0,27.84,55.88,15.76,4.66,0.47,46.97,23.3,mean_of_source_observations,30.6,83,24.5,999.5,52.0,51.0,60.0,54.333333333333336,55.57142857142857,55.0,1,6,0.21547731504673012,-0.976508846196619
"Ballygunge, Kolkata - WBPCB",2024-06-19,55.0,27.39,55.48,21.47,3.55,0.55,45.82,22.81,mean_of_source_observations,30.3,83,23.4,998.7,56.0,52.0,51.0,53.0,56.142857142857146,51.0,2,6,0.19864794288017112,-0.9800709131432666
"Ballygunge, Kolkata - WBPCB",2024-06-20,51.0,16.24,33.64,16.55,4.77,0.34,51.04,20.75,mean_of_source_observations,29.5,85,20.0,999.6,55.0,56.0,52.0,54.333333333333336,56.714285714285715,44.0,3,6,0.18175978759137534,-0.9833429613388902
"Ballygunge, Kolkata - WBPCB",2024-06-21,44.0,24.75,44.08,18.35,3.83,0.4,34.24,16.16,mean_of_source_observations,29.1,86,12.0,1000.7,51.0,55.0,56.0,54.0,56.57142857142857,29.0,4,6,0.16481784665719793,-0.9863240225317866
"Ballygunge, Kolkata - WBPCB",2024-06-22,29.0,15.94,28.71,14.96,5.39,0.33,8.16,16.19,mean_of_source_observations,29.3,83,17.3,1000.2,44.0,51.0,55.0,50.0,52.714285714285715,23.0,5,6,0.14782713347053048,-0.9890132145779883
"Ballygunge, Kolkata - WBPCB",2024-06-23,23.0,8.9,23.02,13.27,3.22,0.25,8.75,14.79,mean_of_source_observations,29.6,83,16.7,1000.9,29.0,44.0,51.0,41.333333333333336,48.285714285714285,37.0,6,6,0.13079267585675922,-0.9914097417023038
"Ballygunge, Kolkata - WBPCB",2024-06-24,37.0,13.62,36.74,12.31,3.7,0.26,19.19,15.08,mean_of_source_observations,30.2,79,18.4,1000.2,23.0,29.0,44.0,32.0,44.285714285714285,38.0,0,6,0.11371951458594969,-0.9935128947338007
"Ballygunge, Kolkata - WBPCB",2024-06-25,38.0,18.67,38.11,11.98,4.53,0.34,26.11,20.13,mean_of_source_observations,30.8,77,16.1,999.6,37.0,23.0,29.0,29.666666666666668,42.142857142857146,32.0,1,6,0.0966127018812031,-0.9953220513156602
"Ballygunge, Kolkata - WBPCB",2024-06-26,32.0,10.69,31.56,12.18,3.35,0.34,27.41,23.67,mean_of_source_observations,30.1,79,14.0,1000.3,38.0,37.0,23.0,32.666666666666664,39.57142857142857,29.0,2,6,0.07947729992362097,-0.9968366760893436
"Ballygunge, Kolkata - WBPCB",2024-06-27,29.0,10.28,21.46,12.91,6.44,0.4,29.27,20.94,mean_of_source_observations,29.0,85,17.3,1001.3,32.0,38.0,37.0,35.666666666666664,36.285714285714285,27.0,3,6,0.062318379354325076,-0.998056320853012
"Ballygunge, Kolkata - WBPCB",2024-06-28,27.0,10.4,23.77,14.89,5.55,0.44,26.83,14.98,mean_of_source_observations,29.1,86,13.8,999.3,29.0,32.0,38.0,33.0,33.142857142857146,25.0,4,6,0.04514101777397193,-0.9989806246941579
"Ballygunge, Kolkata - WBPCB",2024-06-29,25.0,14.13,25.03,16.1,3.13,0.49,23.92,17.15,mean_of_source_observations,28.9,87,16.9,999.3,27.0,29.0,32.0,29.333333333333332,30.714285714285715,46.0,5,6,0.02795029824021032,-0.999609314096404
"Ballygunge, Kolkata - WBPCB",2024-06-30,46.0,27.87,44.25,17.75,3.31,0.39,23.6,29.38,mean_of_source_observations,28.2,89,18.8,999.6,25.0,27.0,29.0,27.0,30.142857142857142,45.0,6,6,0.01075130776352193,-0.9999422030204416
"Ballygunge, Kolkata - WBPCB",2024-07-01,45.0,26.86,45.03,17.76,4.71,0.52,26.44,30.4,mean_of_source_observations,28.1,88,19.6,999.2,46.0,25.0,27.0,32.666666666666664,33.42857142857143,32.0,0,7,-0.00645086419810515,-0.9999791929590823
"Ballygunge, Kolkata - WBPCB",2024-07-02,32.0,18.49,32.12,19.11,3.25,0.56,24.77,35.1,mean_of_source_observations,27.4,91,18.4,998.3,45.0,46.0,25.0,38.666666666666664,34.57142857142857,40.0,1,7,-0.023651127245231586,-0.9997202729664083
"Ballygunge, Kolkata - WBPCB",2024-07-03,40.0,21.96,40.35,21.01,4.99,0.39,28.89,36.52,mean_of_source_observations,27.2,91,18.6,1000.0,32.0,45.0,46.0,41.0,33.714285714285715,46.0,2,7,-0.04084439154329611,-0.9991655196610109
"Ballygunge, Kolkata - WBPCB",2024-07-04,46.0,21.11,46.06,20.85,5.2,0.43,26.01,36.68,mean_of_source_observations,28.1,87,20.0,1001.5,40.0,32.0,45.0,39.0,34.857142857142854,50.0,3,7,-0.05802556932878035,-0.9983150972033183
"Ballygunge, Kolkata - WBPCB",2024-07-05,50.0,18.55,49.6,17.17,5.4,0.33,23.04,36.77,mean_of_source_observations,29.0,83,20.3,1000.9,46.0,40.0,32.0,39.333333333333336,37.285714285714285,52.0,4,7,-0.07518957641475855,-0.9971692572470178
"Ballygunge, Kolkata - WBPCB",2024-07-06,52.0,21.02,51.69,21.18,5.25,0.2,23.29,34.85,mean_of_source_observations,28.8,84,19.4,1000.8,50.0,46.0,40.0,45.333333333333336,40.57142857142857,39.0,5,7,-0.09233133369539122,-0.9957283388645872
"Ballygunge, Kolkata - WBPCB",2024-07-07,39.0,12.09,38.65,20.12,4.97,0.26,23.35,35.51,mean_of_source_observations,29.0,83,17.2,1002.3,52.0,50.0,46.0,49.333333333333336,44.42857142857143,39.0,6,7,-0.10944576864891556,-0.993992768446958
"Ballygunge, Kolkata - WBPCB",2024-07-08,39.0,10.81,38.73,17.89,6.06,0.27,23.21,39.22,mean_of_source_observations,29.1,81,16.5,1002.8,39.0,52.0,50.0,47.0,43.42857142857143,36.0,0,7,-0.12652781683868314,-0.9919630595773397
"Ballygunge, Kolkata - WBPCB",2024-07-09,36.0,12.51,36.15,15.99,4.5,0.36,23.89,36.22,mean_of_source_observations,29.3,82,18.3,1003.7,39.0,39.0,52.0,43.333333333333336,42.57142857142857,43.0,1,7,-0.1435724234118113,-0.9896398128792412
"Ballygunge, Kolkata - WBPCB",2024-07-10,43.0,19.28,43.41,14.16,5.35,0.36,24.14,34.47,mean_of_source_observations,29.7,80,22.3,1004.1,36.0,39.0,39.0,38.0,43.142857142857146,66.0,2,7,-0.16057454459499376,-0.9870237158387383
"Ballygunge, Kolkata - WBPCB",2024-07-11,66.0,33.56,65.53,17.24,5.31,0.29,24.51,37.08,mean_of_source_observations,29.7,83,19.3,1001.3,43.0,36.0,39.0,39.333333333333336,43.57142857142857,37.0,3,7,-0.17752914918703497,-0.984115542601034
"Ballygunge, Kolkata - WBPCB",2024-07-12,37.0,18.93,36.67,18.42,4.95,0.41,20.31,44.22,mean_of_source_observations,28.3,87,16.1,999.5,66.0,43.0,36.0,48.333333333333336,46.42857142857143,47.0,4,7,-0.19443122004766195,-0.9809161537413774
"Ballygunge, Kolkata - WBPCB",2024-07-13,47.0,19.76,46.68,17.97,7.85,0.41,21.92,46.43,mean_of_source_observations,28.6,85,18.8,997.6,37.0,66.0,43.0,48.666666666666664,44.57142857142857,35.0,5,7,-0.2112757555821793,-0.9774264960104055
"Ballygunge, Kolkata - WBPCB",2024-07-14,35.0,12.73,34.65,16.19,6.12,0.38,21.37,42.56,mean_of_source_observations,29.2,84,15.5,997.5,47.0,37.0,66.0,50.0,43.857142857142854,24.0,6,7,-0.2280577712215198,-0.9736476020539838
"Ballygunge, Kolkata - WBPCB",2024-07-15,24.0,9.74,21.22,19.25,7.21,0.4,21.13,41.66,mean_of_source_observations,29.3,82,23.8,999.1,35.0,47.0,37.0,39.666666666666664,43.285714285714285,37.0,0,7,-0.24477230089725957,-0.9695805901076308
"Ballygunge, Kolkata - WBPCB",2024-07-16,37.0,11.39,21.06,18.98,7.79,0.36,37.1,37.35,mean_of_source_observations,29.3,82,14.5,1000.4,24.0,35.0,47.0,35.333333333333336,41.142857142857146,50.0,1,7,-0.2614143985111562,-0.965226663665613
"Ballygunge, Kolkata - WBPCB",2024-07-17,50.0,9.63,22.86,14.48,5.39,0.61,49.67,32.55,mean_of_source_observations,29.3,84,13.9,1000.4,37.0,24.0,35.0,32.0,41.285714285714285,32.0,2,7,-0.2779791393987801,-0.9605871111248129
"Ballygunge, Kolkata - WBPCB",2024-07-18,32.0,11.32,28.1,15.35,5.85,0.61,32.46,34.2,mean_of_source_observations,29.9,80,24.1,998.7,50.0,37.0,24.0,37.0,42.285714285714285,33.0,3,7,-0.2944616217868012,-0.9556633054034704
"Ballygunge, Kolkata - WBPCB",2024-07-19,33.0,12.75,26.64,16.26,2.28,0.44,32.53,31.29,mean_of_source_observations,29.3,81,24.5,996.6,32.0,50.0,37.0,39.666666666666664,37.42857142857143,33.0,4,7,-0.3108569682435036,-0.9504567035349151
"Ballygunge, Kolkata - WBPCB",2024-07-20,33.0,13.18,26.81,16.06,2.91,0.42,33.02,29.54,mean_of_source_observations,29.5,79,25.5,997.2,33.0,32.0,50.0,38.333333333333336,36.857142857142854,33.0,5,7,-0.3271603271220951,-0.9449688462364056
"Ballygunge, Kolkata - WBPCB",2024-07-21,33.0,11.1,24.15,15.78,3.75,0.44,32.99,30.95,mean_of_source_observations,29.1,82,21.5,998.0,33.0,33.0,32.0,32.666666666666664,34.857142857142854,32.0,6,7,-0.34336687399638804,-0.939201357453208
"Ballygunge, Kolkata - WBPCB",2024-07-22,32.0,12.21,23.19,17.24,3.35,0.34,32.3,31.99,mean_of_source_observations,29.0,82,19.1,998.4,33.0,33.0,33.0,33.0,34.57142857142857,33.0,0,7,-0.3594718130884232,-0.9331559438780432
"Ballygunge, Kolkata - WBPCB",2024-07-23,33.0,12.71,28.81,17.82,5.45,0.36,33.23,37.21,mean_of_source_observations,28.5,86,14.7,996.7,32.0,33.0,33.0,32.666666666666664,35.714285714285715,38.0,1,7,-0.3754703786876202,-0.9268343944460494
"Ballygunge, Kolkata - WBPCB",2024-07-24,38.0,15.6,37.83,17.38,5.45,0.43,28.41,38.31,mean_of_source_observations,28.8,85,14.8,993.9,33.0,32.0,33.0,32.666666666666664,35.142857142857146,61.0,2,7,-0.3913578365610259,-0.9202385798054075
"Ballygunge, Kolkata - WBPCB",2024-07-25,61.0,30.85,61.13,6.51,5.93,0.57,27.96,20.29,mean_of_source_observations,28.3,88,15.0,992.4,38.0,33.0,32.0,34.333333333333336,33.42857142857143,46.0,3,7,-0.4071294853542516,-0.9133704517637858
"Ballygunge, Kolkata - WBPCB",2024-07-26,46.0,23.74,45.84,19.06,5.23,0.53,27.51,30.91,mean_of_source_observations,28.2,88,18.4,991.7,61.0,38.0,33.0,44.0,37.57142857142857,32.0,4,7,-0.4227806579826773,-0.9062320427107697
"Ballygunge, Kolkata - WBPCB",2024-07-27,32.0,12.59,31.67,16.7,2.29,0.52,25.78,45.0,mean_of_source_observations,28.6,86,20.7,995.3,46.0,61.0,38.0,48.333333333333336,39.42857142857143,28.0,5,7,-0.4383067230125192,-0.898825465016444
"Ballygunge, Kolkata - WBPCB",2024-07-28,28.0,12.89,27.52,10.24,3.1,0.34,25.74,43.2,mean_of_source_observations,28.6,87,13.1,997.4,32.0,46.0,61.0,46.333333333333336,39.285714285714285,28.0,6,7,-0.45370308603134424,-0.8911529104063088
"Ballygunge, Kolkata - WBPCB",2024-07-29,28.0,16.96,27.78,18.26,6.06,0.56,25.41,46.67,mean_of_source_observations,28.2,89,13.1,997.6,28.0,32.0,46.0,35.333333333333336,38.57142857142857,51.0,0,7,-0.46896519100763184,-0.8832166493127127
"Ballygunge, Kolkata - WBPCB",2024-07-30,51.0,19.6,40.4,40.56,3.48,0.56,33.2,51.35,mean_of_source_observations,29.0,84,19.6,999.7,28.0,28.0,32.0,29.333333333333332,38.0,75.0,1,7,-0.48408852163897587,-0.8750190302029955
"Ballygunge, Kolkata - WBPCB",2024-07-31,75.0,28.63,49.2,60.4,3.61,0.5,32.38,50.63,mean_of_source_observations,28.0,89,13.0,1000.0,51.0,28.0,28.0,35.666666666666664,40.57142857142857,64.0,2,7,-0.4990686026885319,-0.8665624788845385
"Ballygunge, Kolkata - WBPCB",2024-08-01,64.0,19.88,34.27,51.48,3.74,0.5,32.59,48.61,mean_of_source_observations,26.8,93,23.9,997.9,75.0,51.0,28.0,51.333333333333336,45.857142857142854,36.0,3,8,-0.5139010013093103,-0.8578494977869301
"Ballygunge, Kolkata - WBPCB",2024-08-02,36.0,9.79,36.43,26.47,3.13,0.38,33.69,49.83,mean_of_source_observations,27.5,88,24.4,998.8,64.0,75.0,51.0,63.333333333333336,46.285714285714285,36.0,4,8,-0.5285813283559292,-0.8488826652214553
"Ballygunge, Kolkata - WBPCB",2024-08-03,36.0,8.59,29.58,28.45,3.68,0.34,32.87,50.79,mean_of_source_observations,27.5,88,20.3,1002.0,36.0,64.0,75.0,58.333333333333336,44.857142857142854,40.0,5,8,-0.5431052396834317,-0.8396646346181327
"Ballygunge, Kolkata - WBPCB",2024-08-04,40.0,12.37,39.76,25.01,4.46,0.26,32.56,65.67,mean_of_source_observations,27.6,89,18.7,1004.2,36.0,36.0,64.0,45.333333333333336,45.42857142857143,42.0,6,8,-0.5574684374327892,-0.8301981337405212
"Ballygunge, Kolkata - WBPCB",2024-08-05,42.0,17.71,41.83,25.66,3.7,,34.59,56.45,mean_of_source_observations,28.1,87,15.1,1003.4,40.0,36.0,36.0,37.333333333333336,47.142857142857146,51.0,0,8,-0.5716666713027052,-0.8204859638785327
"Ballygunge, Kolkata - WBPCB",2024-08-06,51.0,29.87,50.99,21.56,3.91,0.56,32.21,65.79,mean_of_source_observations,28.0,87,14.9,1001.7,42.0,40.0,36.0,39.333333333333336,49.142857142857146,33.0,1,8,-0.5856957398073508,-0.8105309990194823
"Ballygunge, Kolkata - WBPCB",2024-08-07,33.0,19.36,33.1,19.59,2.72,0.49,32.47,61.35,mean_of_source_observations,27.8,86,18.2,1001.6,51.0,42.0,40.0,44.333333333333336,49.142857142857146,41.0,2,8,-0.5995514915196489,-0.8003361849976323
"Ballygunge, Kolkata - WBPCB",2024-08-08,41.0,22.41,40.99,21.26,3.88,0.47,32.83,62.4,mean_of_source_observations,28.0,84,20.2,1003.5,33.0,51.0,42.0,42.0,43.142857142857146,38.0,3,8,-0.6132298262997502,-0.7899045386224707
"Ballygunge, Kolkata - WBPCB",2024-08-09,38.0,17.66,38.31,16.03,4.53,0.47,32.24,50.81,mean_of_source_observations,27.9,85,18.6,1004.6,41.0,33.0,51.0,41.666666666666664,39.857142857142854,49.0,4,8,-0.6267266965083301,-0.7792391467859886
"Ballygunge, Kolkata - WBPCB",2024-08-10,49.0,27.17,48.99,26.73,5.19,0.74,33.01,49.86,mean_of_source_observations,27.6,88,16.3,1003.8,38.0,41.0,33.0,37.333333333333336,40.142857142857146,54.0,5,8,-0.6400381082043503,-0.7683431655492202
"Ballygunge, Kolkata - WBPCB",2024-08-11,54.0,29.36,53.69,21.0,4.19,0.72,32.69,50.43,mean_of_source_observations,28.1,86,15.8,1002.9,49.0,38.0,41.0,42.666666666666664,42.0,51.0,6,8,-0.65316012232693,-0.7572198192083127
"Ballygunge, Kolkata - WBPCB",2024-08-12,51.0,28.26,51.29,16.05,3.87,0.53,32.63,48.2,mean_of_source_observations,28.7,85,14.7,1003.3,54.0,49.0,38.0,47.0,44.0,51.0,0,8,-0.666088855860977,-0.7458723993404063
"Ballygunge, Kolkata - WBPCB",2024-08-13,51.0,28.71,50.78,28.21,4.08,0.79,33.0,47.97,mean_of_source_observations,28.4,87,14.9,1003.7,51.0,54.0,49.0,51.333333333333336,45.285714285714285,85.0,1,8,-0.6788204829862355,-0.734304263829602
"Ballygunge, Kolkata - WBPCB",2024-08-14,85.0,32.99,85.32,45.27,4.49,1.06,32.5,58.78,mean_of_source_observations,27.9,88,11.8,1003.4,51.0,51.0,54.0,52.0,45.285714285714285,64.0,2,8,-0.6913512362094071,-0.722518835873311
"Ballygunge, Kolkata - WBPCB",2024-08-15,64.0,33.77,63.67,40.56,4.21,1.07,33.02,60.89,mean_of_source_observations,28.3,87,14.3,1002.3,85.0,51.0,51.0,62.333333333333336,52.714285714285715,57.0,3,8,-0.7036774074790128,-0.7105196029692745
"Ballygunge, Kolkata - WBPCB",2024-08-16,57.0,26.94,56.79,44.26,1.88,1.02,33.86,58.31,mean_of_source_observations,28.0,87,12.5,1001.9,64.0,85.0,51.0,66.66666666666667,56.0,63.0,4,8,-0.7157953492826642,-0.6983101158835584
"Ballygunge, Kolkata - WBPCB",2024-08-17,63.0,27.69,60.83,50.63,3.31,1.2,33.24,49.98,mean_of_source_observations,28.2,88,12.2,1002.9,57.0,64.0,85.0,68.66666666666667,58.714285714285715,60.0,5,8,-0.7277014757264236,-0.6858939875998223
"Ballygunge, Kolkata - WBPCB",2024-08-18,60.0,16.19,40.54,46.7,3.61,1.21,32.8,49.1,mean_of_source_observations,27.4,88,20.0,1002.6,63.0,57.0,64.0,61.333333333333336,60.714285714285715,60.0,6,8,-0.7393922635959241,-0.673274892250183
"Ballygunge, Kolkata - WBPCB",2024-08-19,60.0,22.81,49.25,47.0,3.25,1.2,32.36,51.22,mean_of_source_observations,27.1,90,14.3,1002.2,60.0,63.0,57.0,60.0,61.57142857142857,71.0,0,8,-0.7508642533989489,-0.6604565640279754
"Ballygunge, Kolkata - WBPCB",2024-08-20,71.0,27.96,68.46,56.76,3.98,1.23,18.75,59.96,mean_of_source_observations,27.2,91,12.9,1003.7,60.0,60.0,63.0,61.0,62.857142857142854,64.0,1,8,-0.7621140503891487,-0.6474427960827475
"Ballygunge, Kolkata - WBPCB",2024-08-21,64.0,28.49,63.82,40.11,4.23,0.8,19.47,55.2,mean_of_source_observations,27.9,89,15.3,1004.8,71.0,60.0,60.0,63.666666666666664,65.71428571428571,61.0,2,8,-0.7731383255706026,-0.6342374393978054
"Ballygunge, Kolkata - WBPCB",2024-08-22,61.0,31.16,61.02,37.57,2.89,0.72,19.18,57.59,mean_of_source_observations,28.0,90,13.0,1003.8,64.0,71.0,60.0,65.0,62.714285714285715,56.0,3,8,-0.7839338166829201,-0.620844401650647
"Ballygunge, Kolkata - WBPCB",2024-08-23,56.0,17.69,40.07,45.12,4.73,0.67,18.1,56.67,mean_of_source_observations,26.7,92,10.5,1004.2,61.0,64.0,71.0,65.33333333333333,62.285714285714285,41.0,4,8,-0.7944973291665992,-0.6072676460566135
"Ballygunge, Kolkata - WBPCB",2024-08-24,41.0,13.18,34.26,32.72,3.78,0.68,18.73,57.72,mean_of_source_observations,25.9,94,10.8,1004.4,56.0,61.0,64.0,60.333333333333336,62.142857142857146,55.0,5,8,-0.8048257371083452,-0.593511190196115
"Ballygunge, Kolkata - WBPCB",2024-08-25,55.0,25.73,54.75,42.99,4.65,0.77,18.11,69.5,mean_of_source_observations,26.4,92,10.0,1002.7,41.0,56.0,61.0,52.666666666666664,59.0,37.0,6,8,-0.8149159841660791,-0.5795791048257612
"Ballygunge, Kolkata - WBPCB",2024-08-26,37.0,17.56,33.48,29.9,4.45,0.65,29.38,53.73,mean_of_source_observations,26.5,91,13.2,1001.8,55.0,41.0,56.0,50.666666666666664,58.285714285714285,32.0,0,8,-0.8247650844733614,-0.5654755126737576
"Ballygunge, Kolkata - WBPCB",2024-08-27,32.0,10.31,21.47,25.04,3.5,0.64,22.78,51.93,mean_of_source_observations,26.9,90,10.6,1004.7,37.0,55.0,41.0,44.333333333333336,55.0,33.0,1,8,-0.8343701235229537,-0.5512045872199277
"Ballygunge, Kolkata - WBPCB",2024-08-28,33.0,10.74,29.63,20.24,4.79,0.66,22.47,66.34,mean_of_source_observations,27.6,88,14.6,1004.3,32.0,37.0,55.0,41.333333333333336,49.42857142857143,42.0,2,8,-0.8437282590292712,-0.5367705514607103
"Ballygunge, Kolkata - WBPCB",2024-08-29,42.0,13.27,38.4,28.58,2.61,0.85,21.82,69.7,mean_of_source_observations,28.5,84,13.0,1003.5,33.0,32.0,37.0,34.0,45.0,43.0,3,8,-0.8528367217694595,-0.522177676659508
"Ballygunge, Kolkata - WBPCB",2024-08-30,43.0,12.76,37.8,25.36,3.64,0.85,23.09,62.95,mean_of_source_observations,28.6,83,12.8,1003.8,42.0,33.0,32.0,35.666666666666664,42.285714285714285,31.0,4,8,-0.8616928164028521,-0.5074302810827518
"Ballygunge, Kolkata - WBPCB",2024-08-31,31.0,12.03,31.49,19.55,2.76,0.61,25.48,46.37,mean_of_source_observations,28.8,82,20.4,1003.9,43.0,42.0,33.0,39.333333333333336,40.42857142857143,30.0,5,8,-0.8702939222685674,-0.49253272872205434
"Ballygunge, Kolkata - WBPCB",2024-09-01,30.0,12.19,30.5,15.44,3.86,0.48,21.83,53.56,mean_of_source_observations,27.8,88,14.6,1005.1,31.0,43.0,42.0,38.666666666666664,39.0,35.0,6,9,-0.8786374941610001,-0.4774894280028391
"Ballygunge, Kolkata - WBPCB",2024-09-02,35.0,14.32,34.91,16.93,4.74,0.51,27.78,50.61,mean_of_source_observations,28.1,87,13.5,1005.6,30.0,31.0,43.0,34.666666666666664,35.42857142857143,37.0,0,9,-0.886721063082993,-0.46230483047981086
"Ballygunge, Kolkata - WBPCB",2024-09-03,37.0,11.35,36.55,18.86,2.76,0.51,21.79,55.61,mean_of_source_observations,27.9,89,11.0,1005.9,35.0,30.0,31.0,32.0,35.142857142857146,44.0,1,9,-0.8945422369764496,-0.4469834295196741
"Ballygunge, Kolkata - WBPCB",2024-09-04,44.0,15.97,44.04,24.58,2.89,0.62,24.35,48.35,mean_of_source_observations,28.0,87,11.5,1003.7,37.0,35.0,30.0,34.0,35.857142857142854,35.0,2,9,-0.9020987014301837,-0.43152975897147144
"Ballygunge, Kolkata - WBPCB",2024-09-05,35.0,16.3,34.64,19.4,2.91,0.54,23.39,50.29,mean_of_source_observations,28.5,84,18.3,1002.3,44.0,37.0,35.0,38.666666666666664,37.42857142857143,42.0,3,9,-0.9093882203647925,-0.4159483918249421
"Ballygunge, Kolkata - WBPCB",2024-09-06,42.0,16.24,42.09,30.05,3.59,0.7,34.38,49.49,mean_of_source_observations,29.5,83,11.4,1002.7,35.0,44.0,37.0,38.666666666666664,36.42857142857143,86.0,4,9,-0.9164086366943458,-0.4002439388573056
"Ballygunge, Kolkata - WBPCB",2024-09-07,86.0,27.7,54.6,37.01,3.33,1.72,35.25,49.84,mean_of_source_observations,29.1,84,13.2,1002.6,42.0,35.0,44.0,40.333333333333336,36.285714285714285,68.0,5,9,-0.9231578729647039,-0.38442104726885545
"Ballygunge, Kolkata - WBPCB",2024-09-08,68.0,15.59,26.36,18.87,3.86,1.37,27.67,38.47,mean_of_source_observations,28.7,85,17.4,1002.2,86.0,42.0,35.0,54.333333333333336,44.142857142857146,31.0,6,9,-0.9296339319682695,-0.3684843993077793
"Ballygunge, Kolkata - WBPCB",2024-09-09,31.0,14.75,25.81,19.94,3.72,0.6,31.22,36.26,mean_of_source_observations,28.8,83,22.2,1000.1,68.0,86.0,42.0,65.33333333333333,49.57142857142857,33.0,0,9,-0.9358348973349941,-0.35243871088460327
"Ballygunge, Kolkata - WBPCB",2024-09-10,33.0,15.01,31.51,21.31,3.2,0.65,32.91,40.04,mean_of_source_observations,28.8,84,17.6,1000.4,31.0,68.0,86.0,61.666666666666664,49.0,44.0,1,9,-0.9417589340994617,-0.33628873017668287
"Ballygunge, Kolkata - WBPCB",2024-09-11,44.0,18.38,38.42,25.75,3.92,0.88,39.34,42.52,mean_of_source_observations,28.7,87,11.2,1001.6,33.0,31.0,68.0,44.0,48.42857142857143,80.0,2,9,-0.9474042892438845,-0.32003923622313857
"Ballygunge, Kolkata - WBPCB",2024-09-12,80.0,45.97,79.88,41.31,3.74,1.15,34.35,48.28,mean_of_source_observations,28.3,91,10.1,1001.8,44.0,33.0,31.0,36.0,48.42857142857143,73.0,3,9,-0.9527692922168511,-0.30369503751065885
"Ballygunge, Kolkata - WBPCB",2024-09-13,73.0,40.59,72.74,41.43,2.55,1.16,38.19,45.8,mean_of_source_observations,28.0,89,18.7,999.7,80.0,44.0,33.0,52.333333333333336,54.857142857142854,51.0,4,9,-0.9578523554276669,-0.28726097055059635
"Ballygunge, Kolkata - WBPCB",2024-09-14,51.0,17.28,22.42,38.09,2.0,1.02,30.0,37.2,mean_of_source_observations,25.9,94,29.1,993.5,73.0,80.0,44.0,65.66666666666667,59.285714285714285,47.0,5,9,-0.9626519747161487,-0.2707418984477642
"Ballygunge, Kolkata - WBPCB",2024-09-15,47.0,12.63,15.12,21.46,3.27,0.93,24.7,32.89,mean_of_source_observations,25.7,93,28.3,992.1,51.0,73.0,80.0,68.0,54.285714285714285,40.0,6,9,-0.9671667297977312,-0.2541427094613622
"Ballygunge, Kolkata - WBPCB",2024-09-16,40.0,19.31,38.29,20.36,3.55,0.8,27.16,31.42,mean_of_source_observations,26.8,88,24.1,999.8,47.0,51.0,73.0,57.0,51.285714285714285,58.0,0,9,-0.97139528468375,-0.23746831555846842
"Ballygunge, Kolkata - WBPCB",2024-09-17,58.0,27.44,57.75,19.33,4.35,0.81,28.78,39.64,mean_of_source_observations,28.6,81,18.6,1004.2,40.0,47.0,51.0,46.0,52.57142857142857,59.0,1,9,-0.9753363880767837,-0.2207236509605022
"Ballygunge, Kolkata - WBPCB",2024-09-18,59.0,27.43,56.24,32.37,4.59,1.18,30.37,48.48,mean_of_source_observations,28.6,82,7.9,1004.1,58.0,40.0,47.0,48.333333333333336,56.142857142857146,110.0,2,9,-0.9789888737409319,-0.20391367068311472
"Ballygunge, Kolkata - WBPCB",2024-09-19,110.0,57.09,115.55,59.11,3.31,1.27,39.31,57.37,mean_of_source_observations,29.0,85,7.1,1003.8,59.0,58.0,40.0,52.333333333333336,58.285714285714285,143.0,3,9,-0.9823516608469237,-0.18704334906991657
"Ballygunge, Kolkata - WBPCB",2024-09-20,143.0,73.04,134.22,59.4,3.3,1.36,39.06,50.26,mean_of_source_observations,30.0,83,11.0,1003.5,110.0,59.0,58.0,75.66666666666667,62.57142857142857,74.0,4,9,-0.9854237542919524,-0.17011767832049052
"Ballygunge, Kolkata - WBPCB",2024-09-21,74.0,35.07,73.96,45.95,3.51,1.38,49.62,44.16,mean_of_source_observations,29.5,83,10.0,1004.2,143.0,110.0,59.0,104.0,72.57142857142857,68.0,5,9,-0.9882042449941422,-0.15314166701312007
"Ballygunge, Kolkata - WBPCB",2024-09-22,68.0,33.55,67.12,38.57,4.58,1.35,43.65,45.65,mean_of_source_observations,30.2,82,12.3,1002.9,74.0,143.0,110.0,109.0,75.85714285714286,93.0,6,9,-0.9906923101615609,-0.13612033862266704
"Ballygunge, Kolkata - WBPCB",2024-09-23,93.0,46.11,93.46,42.48,2.92,1.3,35.95,44.04,mean_of_source_observations,28.7,89,14.9,1003.1,68.0,74.0,143.0,95.0,78.85714285714286,60.0,0,9,-0.9928872135356962,-0.11905873003404988
"Ballygunge, Kolkata - WBPCB",2024-09-24,60.0,11.82,29.94,26.27,3.86,1.19,23.45,34.97,mean_of_source_observations,27.8,88,18.9,1003.3,93.0,68.0,74.0,78.33333333333333,86.42857142857143,45.0,1,9,-0.994788305609327,-0.10196189005174576
"Ballygunge, Kolkata - WBPCB",2024-09-25,45.0,10.17,16.13,24.48,3.18,0.9,20.28,35.97,mean_of_source_observations,26.1,93,22.4,1004.4,60.0,93.0,68.0,73.66666666666667,86.71428571428571,47.0,2,9,-0.9963950238187231,-0.08483487790576538
"Ballygunge, Kolkata - WBPCB",2024-09-26,47.0,13.27,19.44,28.42,4.49,0.94,25.14,36.67,mean_of_source_observations,26.2,92,19.1,1007.0,45.0,60.0,93.0,66.0,84.71428571428571,46.0,3,9,-0.9977068927101168,-0.06768276175455162
"Ballygunge, Kolkata - WBPCB",2024-09-27,46.0,13.1,21.91,20.64,4.58,0.92,23.06,38.15,mean_of_source_observations,27.0,89,19.8,1008.6,47.0,45.0,60.0,50.666666666666664,75.71428571428571,45.0,4,9,-0.9987235240803972,-0.050510617185222886
"Ballygunge, Kolkata - WBPCB",2024-09-28,45.0,12.78,31.47,18.97,3.58,0.9,26.08,39.61,mean_of_source_observations,28.2,86,18.6,1008.6,46.0,47.0,45.0,46.0,61.857142857142854,45.0,5,9,-0.9994446170919858,-0.033323525711631344
"Ballygunge, Kolkata - WBPCB",2024-09-29,45.0,16.12,36.45,17.81,3.92,0.9,30.88,41.7,mean_of_source_observations,28.9,87,15.9,1008.2,45.0,46.0,47.0,46.0,57.714285714285715,73.0,6,9,-0.9998699583618592,-0.016126573270657762
"Ballygunge, Kolkata - WBPCB",2024-09-30,73.0,38.62,73.12,36.76,4.06,1.25,38.54,42.94,mean_of_source_observations,29.7,84,9.0,1006.8,45.0,45.0,46.0,45.333333333333336,54.42857142857143,98.0,0,9,-0.9999994220246925,0.001075151282798226
"Ballygunge, Kolkata - WBPCB",2024-10-01,98.0,54.27,97.73,63.95,3.5,1.73,42.21,49.9,mean_of_source_observations,30.0,84,11.6,1004.4,73.0,45.0,45.0,54.333333333333336,51.57142857142857,105.0,1,10,-0.999832969770105,0.018276557681691223
"Ballygunge, Kolkata - WBPCB",2024-10-02,105.0,55.63,106.88,62.42,2.65,1.89,30.91,50.95,mean_of_source_observations,27.8,89,11.7,1003.8,98.0,73.0,45.0,72.0,57.0,116.0,2,10,-0.9993706508539969,0.03547255575312556
"Ballygunge, Kolkata - WBPCB",2024-10-03,116.0,64.95,111.17,59.25,3.69,1.67,36.2,42.68,mean_of_source_observations,28.2,88,12.3,1003.0,105.0,98.0,73.0,92.0,65.57142857142857,83.0,3,10,-0.9986126020839734,0.052658056924614005
"Ballygunge, Kolkata - WBPCB",2024-10-04,83.0,49.63,78.91,29.67,3.7,1.47,32.55,23.02,mean_of_source_observations,27.1,92,10.0,1004.7,116.0,105.0,98.0,106.33333333333333,75.42857142857143,78.0,4,10,-0.9975590477788613,0.06982797572987089
"Ballygunge, Kolkata - WBPCB",2024-10-05,78.0,31.03,60.12,44.0,3.63,1.55,32.07,30.31,mean_of_source_observations,26.7,92,10.3,1007.1,83.0,116.0,105.0,101.33333333333333,80.71428571428571,86.0,5,10,-0.9962102997023297,0.0869772313136861
"Ballygunge, Kolkata - WBPCB",2024-10-06,86.0,44.7,85.63,39.81,4.4,1.69,32.97,30.31,mean_of_source_observations,26.6,90,12.2,1009.8,78.0,83.0,116.0,92.33333333333333,85.42857142857143,63.0,6,10,-0.9945667569706337,0.1041007489354256
"Ballygunge, Kolkata - WBPCB",2024-10-07,63.0,15.07,41.96,22.04,4.85,1.25,33.36,25.2,mean_of_source_observations,26.9,91,9.3,1011.9,86.0,78.0,83.0,82.33333333333333,91.28571428571429,68.0,0,10,-0.9926289059345095,0.121193461470736
"Ballygunge, Kolkata - WBPCB",2024-10-08,68.0,16.2,39.37,27.8,5.09,1.36,32.44,27.45,mean_of_source_observations,27.2,90,8.0,1011.8,63.0,86.0,78.0,75.66666666666667,89.85714285714286,66.0,1,10,-0.9903973200352558,0.1382503109109819
"Ballygunge, Kolkata - WBPCB",2024-10-09,66.0,14.44,38.25,21.56,4.35,1.32,32.54,24.93,mean_of_source_observations,26.8,91,10.9,1010.1,68.0,63.0,86.0,72.33333333333333,85.57142857142857,51.0,2,10,-0.9878726596350429,0.15526624985999563
"Ballygunge, Kolkata - WBPCB",2024-10-10,51.0,10.82,28.63,22.56,4.08,1.02,32.99,24.39,mean_of_source_observations,27.8,86,9.2,1008.9,66.0,68.0,63.0,65.66666666666667,80.0,53.0,3,10,-0.9850556718215013,0.172236243027682
"Ballygunge, Kolkata - WBPCB",2024-10-11,53.0,13.11,34.38,19.98,4.25,1.05,33.04,25.2,mean_of_source_observations,28.1,86,16.0,1008.7,51.0,66.0,68.0,61.666666666666664,70.71428571428571,63.0,4,10,-0.981947190186646,0.18915526872004093
"Ballygunge, Kolkata - WBPCB",2024-10-12,63.0,25.18,47.09,27.2,4.03,1.26,32.53,25.55,mean_of_source_observations,28.6,87,8.6,1009.9,53.0,51.0,66.0,56.666666666666664,66.42857142857143,100.0,5,10,-0.9785481345802031,0.20601832032517084
"Ballygunge, Kolkata - WBPCB",2024-10-13,100.0,52.0,83.39,38.62,4.28,2.03,32.68,27.27,mean_of_source_observations,28.4,86,8.1,1010.7,63.0,53.0,51.0,55.666666666666664,64.28571428571429,209.0,6,10,-0.9748595108374125,0.22282040779479959
"Ballygunge, Kolkata - WBPCB",2024-10-14,209.0,92.57,144.28,38.34,5.77,2.27,32.76,26.96,mean_of_source_observations,28.5,81,7.8,1010.3,100.0,63.0,53.0,72.0,66.28571428571429,244.0,0,10,-0.9708824104813836,0.23955655912092708
"Ballygunge, Kolkata - WBPCB",2024-10-15,244.0,103.17,161.32,38.77,4.55,1.74,32.76,23.83,mean_of_source_observations,27.3,85,10.0,1009.9,209.0,100.0,63.0,124.0,87.14285714285714,171.0,1,10,-0.9666180104000972,0.2562218218071163
"Ballygunge, Kolkata - WBPCB",2024-10-16,171.0,81.4,118.6,32.86,5.14,1.72,33.72,23.82,mean_of_source_observations,27.3,84,11.5,1010.2,244.0,209.0,100.0,184.33333333333334,112.28571428571429,108.0,2,10,-0.9620675724981452,0.27281126433401914
"Ballygunge, Kolkata - WBPCB",2024-10-17,108.0,62.55,92.57,26.48,4.02,1.76,32.69,24.06,mean_of_source_observations,26.8,90,8.1,1010.3,171.0,244.0,209.0,208.0,127.28571428571429,64.0,3,10,-0.957232443323312,0.28931997761869527
"Ballygunge, Kolkata - WBPCB",2024-10-18,64.0,29.98,50.73,26.04,3.75,1.28,32.76,23.87,mean_of_source_observations,26.5,90,12.4,1009.9,108.0,171.0,244.0,174.33333333333334,135.42857142857142,75.0,4,10,-0.9521140536681102,0.3057430764672831
"Ballygunge, Kolkata - WBPCB",2024-10-19,75.0,28.38,72.09,33.82,3.99,1.5,32.38,26.6,mean_of_source_observations,26.7,88,11.2,1010.9,64.0,108.0,171.0,114.33333333333333,137.0,151.0,5,10,-0.9467139181463862,0.3220757010206104
"Ballygunge, Kolkata - WBPCB",2024-10-20,151.0,75.19,139.67,43.97,3.89,1.68,33.27,27.86,mean_of_source_observations,26.6,82,13.2,1011.9,75.0,64.0,108.0,82.33333333333333,138.71428571428572,162.0,6,10,-0.9410336347451197,0.3383130181923076
"Ballygunge, Kolkata - WBPCB",2024-10-21,162.0,78.67,143.47,42.85,4.7,1.73,32.56,25.18,mean_of_source_observations,26.4,82,13.5,1010.8,151.0,75.0,64.0,96.66666666666667,146.0,138.0,0,10,-0.9350748843515574,0.3544502230989869
"Ballygunge, Kolkata - WBPCB",2024-10-22,138.0,71.27,141.91,33.48,4.21,1.73,33.27,28.14,mean_of_source_observations,26.6,81,10.8,1010.1,162.0,151.0,75.0,129.33333333333334,139.28571428571428,104.0,1,10,-0.9288394302558068,0.3704825404820963
"Ballygunge, Kolkata - WBPCB",2024-10-23,104.0,52.9,105.78,15.01,4.25,1.73,34.1,27.2,mean_of_source_observations,26.4,84,17.4,1009.0,138.0,162.0,151.0,150.33333333333334,124.14285714285714,32.0,2,10,-0.9223291176290545,0.3864052261209853
"Ballygunge, Kolkata - WBPCB",2024-10-24,32.0,18.4,32.47,14.99,4.76,0.44,23.12,27.08,mean_of_source_observations,25.0,91,26.8,1006.3,104.0,138.0,162.0,134.66666666666666,114.57142857142857,50.0,3,10,-0.9155458729775467,0.40221356823680365
"Ballygunge, Kolkata - WBPCB",2024-10-25,50.0,30.28,44.68,15.0,5.4,0.36,24.18,27.01,mean_of_source_observations,25.0,93,24.2,1005.6,32.0,104.0,138.0,91.33333333333333,103.71428571428571,69.0,4,10,-0.9084917035725082,0.41790288888678667
"Ballygunge, Kolkata - WBPCB",2024-10-26,69.0,41.37,69.05,15.01,4.77,0.34,25.19,27.03,mean_of_source_observations,27.2,81,22.0,1007.5,50.0,32.0,104.0,62.0,101.71428571428571,81.0,5,10,-0.9011686968561569,0.4334685453485363
"Ballygunge, Kolkata - WBPCB",2024-10-27,81.0,48.8,76.19,14.97,4.22,0.64,24.93,27.0,mean_of_source_observations,26.8,87,11.4,1008.2,69.0,50.0,32.0,50.333333333333336,100.85714285714286,71.0,6,10,-0.8935790198239952,0.4489059314938798
"Ballygunge, Kolkata - WBPCB",2024-10-28,71.0,42.47,70.23,14.99,4.62,0.71,24.78,27.07,mean_of_source_observations,27.4,81,7.8,1007.9,81.0,69.0,50.0,66.66666666666667,90.85714285714286,83.0,0,10,-0.8857249183835637,0.4642104791518923
"Ballygunge, Kolkata - WBPCB",2024-10-29,83.0,46.82,83.02,14.95,5.16,0.71,27.35,26.98,mean_of_source_observations,27.3,82,8.1,1008.7,71.0,81.0,69.0,73.66666666666667,77.85714285714286,64.0,1,10,-0.8776087166898392,0.4793776594606945
"Ballygunge, Kolkata - WBPCB",2024-10-30,64.0,36.42,63.96,14.98,3.9,0.32,29.18,26.97,mean_of_source_observations,26.8,90,15.0,1010.1,83.0,71.0,81.0,78.33333333333333,70.0,171.0,2,10,-0.8692328164574792,0.49440298420761813
"Ballygunge, Kolkata - WBPCB",2024-10-31,171.0,81.31,103.15,16.83,6.72,,29.14,27.75,mean_of_source_observations,27.0,87,10.8,1010.6,64.0,83.0,71.0,72.66666666666667,64.28571428571429,256.0,3,10,-0.8605996962501181,0.5092820071573356
"Ballygunge, Kolkata - WBPCB",2024-11-01,256.0,106.89,158.53,26.98,14.37,1.56,34.55,30.28,mean_of_source_observations,27.6,78,8.6,1011.7,171.0,64.0,83.0,106.0,84.14285714285714,354.0,4,11,-0.8517119107469189,0.5240103253675756
"Ballygunge, Kolkata - WBPCB",2024-11-02,354.0,190.3,252.71,26.94,16.72,2.12,26.75,30.11,mean_of_source_observations,27.6,70,7.7,1012.6,256.0,171.0,64.0,163.66666666666666,113.57142857142857,242.0,5,11,-0.8425720899866032,0.5385835804920232
"Ballygunge, Kolkata - WBPCB",2024-11-03,242.0,102.48,193.07,26.89,14.18,1.06,27.22,30.29,mean_of_source_observations,26.0,78,8.9,1012.7,354.0,256.0,171.0,260.3333333333333,154.28571428571428,213.0,6,11,-0.8331829385891785,0.5529974600700271
"Ballygunge, Kolkata - WBPCB",2024-11-04,213.0,93.78,173.29,26.95,12.99,1.4,25.82,30.28,mean_of_source_observations,26.1,78,7.6,1012.1,242.0,354.0,256.0,284.0,177.28571428571428,173.0,0,11,-0.8235472349556007,0.5672476988027229
"Ballygunge, Kolkata - WBPCB",2024-11-05,173.0,82.05,165.08,26.87,12.88,1.46,26.29,30.23,mean_of_source_observations,25.6,79,8.2,1012.9,213.0,242.0,354.0,269.6666666666667,197.57142857142858,113.0,1,11,-0.8136678304455991,0.5813300798152042
"Ballygunge, Kolkata - WBPCB",2024-11-06,113.0,55.93,118.85,27.05,12.9,0.74,23.89,30.25,mean_of_source_observations,25.6,80,12.5,1013.3,173.0,213.0,242.0,209.33333333333334,210.42857142857142,123.0,2,11,-0.8035476485339116,0.5952404359043674
"Ballygunge, Kolkata - WBPCB",2024-11-07,123.0,63.8,133.81,27.02,12.71,0.72,25.65,30.24,mean_of_source_observations,25.5,82,8.2,1013.0,113.0,173.0,213.0,166.33333333333334,217.42857142857142,105.0,3,11,-0.7931896839451843,0.6089746507720486
"Ballygunge, Kolkata - WBPCB",2024-11-08,105.0,52.02,106.84,26.9,12.26,0.68,25.81,30.24,mean_of_source_observations,25.8,78,10.9,1013.0,123.0,113.0,173.0,136.33333333333334,210.57142857142858,100.0,4,11,-0.7825970017677834,0.6225286602431057
"Ballygunge, Kolkata - WBPCB",2024-11-09,100.0,43.06,100.6,26.96,13.08,0.75,23.65,30.26,mean_of_source_observations,25.1,80,9.7,1013.1,105.0,123.0,113.0,113.66666666666667,189.0,99.0,5,11,-0.7717727365467837,0.6358984534680745
"Ballygunge, Kolkata - WBPCB",2024-11-10,99.0,39.82,99.36,27.03,11.44,0.99,24.61,30.26,mean_of_source_observations,24.9,79,9.5,1013.1,100.0,105.0,123.0,109.33333333333333,152.71428571428572,92.0,6,11,-0.7607200913564104,0.6490800741100398
"Ballygunge, Kolkata - WBPCB",2024-11-11,92.0,39.8,92.22,26.96,11.84,1.08,28.28,30.14,mean_of_source_observations,25.4,74,10.6,1012.9,99.0,100.0,105.0,101.33333333333333,132.28571428571428,109.0,0,11,-0.7494423368521953,0.6620696215153815
"Ballygunge, Kolkata - WBPCB",2024-11-12,109.0,48.25,113.74,26.97,12.72,1.01,24.82,30.22,mean_of_source_observations,25.9,73,10.3,1012.3,92.0,99.0,100.0,97.0,115.0,153.0,1,11,-0.7379428103031386,0.6748632518680403
"Ballygunge, Kolkata - WBPCB",2024-11-13,153.0,75.8,156.98,26.96,,1.35,24.5,30.27,mean_of_source_observations,26.2,67,6.9,1011.6,109.0,92.0,99.0,100.0,105.85714285714286,313.0,2,11,-0.7262249146041543,0.6874571793269664
"Ballygunge, Kolkata - WBPCB",2024-11-14,313.0,137.13,250.3,26.91,14.47,1.46,30.24,30.24,mean_of_source_observations,26.0,61,10.0,1012.7,153.0,109.0,92.0,118.0,111.57142857142857,271.0,3,11,-0.7142921172691032,0.699847677146407
"Ballygunge, Kolkata - WBPCB",2024-11-15,271.0,111.38,227.36,26.89,14.25,1.27,23.37,30.23,mean_of_source_observations,24.8,63,7.6,1012.3,313.0,153.0,109.0,191.66666666666666,138.71428571428572,279.0,4,11,-0.7021479494046978,0.7120310787787131
"Ballygunge, Kolkata - WBPCB",2024-11-16,279.0,113.84,221.36,27.1,12.93,1.47,20.8,30.24,mean_of_source_observations,23.7,62,8.7,1012.0,271.0,313.0,153.0,245.66666666666666,162.42857142857142,286.0,5,11,-0.6897960046655887,0.7240037789593305
"Ballygunge, Kolkata - WBPCB",2024-11-17,286.0,115.88,229.87,27.02,10.63,1.77,20.71,30.15,mean_of_source_observations,23.4,63,6.8,1012.2,279.0,271.0,313.0,287.6666666666667,188.0,214.0,6,11,-0.6772399381909491,0.7357622347736527
"Ballygunge, Kolkata - WBPCB",2024-11-18,214.0,94.16,180.96,27.02,9.44,1.56,26.34,30.15,mean_of_source_observations,23.3,64,6.9,1013.1,286.0,279.0,271.0,278.6666666666667,214.71428571428572,207.0,0,11,-0.6644834655228552,0.7473029667054297
"Ballygunge, Kolkata - WBPCB",2024-11-19,207.0,92.01,181.68,26.96,10.37,1.6,25.24,30.23,mean_of_source_observations,23.0,68,4.9,1013.6,214.0,286.0,279.0,259.6666666666667,232.14285714285714,197.0,1,11,-0.6515303615068021,0.75862255966641
"Ballygunge, Kolkata - WBPCB",2024-11-20,197.0,89.07,186.31,26.95,7.75,1.99,21.91,30.11,mean_of_source_observations,23.4,67,6.0,1012.7,207.0,214.0,286.0,235.66666666666666,246.14285714285714,207.0,2,11,-0.6383844591746642,0.769717664006921
"Ballygunge, Kolkata - WBPCB",2024-11-21,207.0,92.13,171.31,26.99,7.49,1.76,24.36,30.22,mean_of_source_observations,23.7,66,8.5,1012.6,197.0,207.0,214.0,206.0,252.42857142857142,261.0,3,11,-0.6250496486104377,0.7805849965070866
"Ballygunge, Kolkata - WBPCB",2024-11-22,261.0,108.19,202.5,26.92,7.39,1.39,21.03,30.23,mean_of_source_observations,23.8,64,7.2,1012.9,207.0,197.0,207.0,203.66666666666666,237.28571428571428,294.0,4,11,-0.6115298757991053,0.7912213413483807
"Ballygunge, Kolkata - WBPCB",2024-11-23,294.0,118.19,216.47,27.05,9.57,1.71,19.62,30.24,mean_of_source_observations,23.4,62,8.4,1014.1,261.0,207.0,197.0,221.66666666666666,235.85714285714286,287.0,5,11,-0.5978291414589552,0.801623551065242
"Ballygunge, Kolkata - WBPCB",2024-11-24,287.0,116.11,211.43,27.03,8.18,2.02,19.03,30.23,mean_of_source_observations,23.1,60,8.0,1014.2,294.0,261.0,207.0,254.0,238.0,312.0,6,11,-0.5839514998576998,0.8117885474764613
"Ballygunge, Kolkata - WBPCB",2024-11-25,312.0,135.88,250.77,26.95,7.17,1.97,22.35,30.27,mean_of_source_observations,22.8,62,7.8,1014.1,287.0,294.0,261.0,280.6666666666667,238.14285714285714,318.0,0,11,-0.5699010576127624,0.821713322596059
"Ballygunge, Kolkata - WBPCB",2024-11-26,318.0,143.32,253.85,26.99,3.88,2.15,16.7,30.27,mean_of_source_observations,22.9,62,6.6,1013.4,312.0,287.0,294.0,297.6666666666667,252.14285714285714,249.0,1,11,-0.5556819724760489,0.8313949395234058
"Ballygunge, Kolkata - WBPCB",2024-11-27,249.0,104.74,205.85,26.95,4.21,2.61,17.56,30.23,mean_of_source_observations,23.4,61,6.7,1012.8,318.0,312.0,287.0,305.6666666666667,268.0,121.0,2,11,-0.5412984521036173,0.8408305333122887
"Ballygunge, Kolkata - WBPCB",2024-11-28,121.0,62.29,131.24,26.94,3.62,2.62,19.51,30.19,mean_of_source_observations,24.0,65,9.1,1013.4,249.0,318.0,312.0,293.0,275.42857142857144,102.0,3,11,-0.5267547528105542,0.8500173118187018
"Ballygunge, Kolkata - WBPCB",2024-11-29,102.0,45.82,103.56,26.95,3.64,1.79,23.63,30.2,mean_of_source_observations,24.4,65,8.4,1013.7,121.0,249.0,318.0,229.33333333333334,263.14285714285717,103.0,4,11,-0.5120551783114646,0.8589525565270845
"Ballygunge, Kolkata - WBPCB",2024-11-30,103.0,49.37,103.95,26.92,2.45,1.69,19.25,30.18,mean_of_source_observations,22.0,76,11.5,1013.0,102.0,121.0,249.0,157.33333333333334,240.42857142857142,95.0,5,11,-0.4972040784469378,0.8676336233547726
"Ballygunge, Kolkata - WBPCB",2024-12-01,95.0,41.72,95.42,26.82,4.11,1.38,18.64,30.22,mean_of_source_observations,22.9,77,8.3,1011.3,103.0,102.0,121.0,108.66666666666667,213.14285714285714,122.0,6,12,-0.4822058478963526,0.8760579434344281
"Ballygunge, Kolkata - WBPCB",2024-12-02,122.0,64.52,132.71,26.97,4.13,1.55,18.32,30.28,mean_of_source_observations,21.9,78,9.0,1012.3,95.0,103.0,102.0,100.0,185.71428571428572,224.0,0,12,-0.46706492487743034,0.8842230238742036
"Ballygunge, Kolkata - WBPCB",2024-12-03,224.0,97.23,203.59,28.33,8.33,2.62,17.77,30.21,mean_of_source_observations,23.0,70,7.5,1013.0,122.0,95.0,103.0,106.66666666666667,158.57142857142858,268.0,1,12,-0.451785789832884,0.8921264484954345
"Ballygunge, Kolkata - WBPCB",2024-12-04,268.0,110.45,213.44,37.77,15.23,2.98,30.8,30.26,mean_of_source_observations,22.1,75,4.8,1012.9,224.0,122.0,95.0,147.0,145.14285714285714,259.0,2,12,-0.4363729641045924,0.8997658785476209
"Ballygunge, Kolkata - WBPCB",2024-12-05,259.0,107.68,217.01,37.78,14.49,3.13,23.87,30.26,mean_of_source_observations,22.5,68,6.3,1012.5,268.0,224.0,122.0,204.66666666666666,147.85714285714286,146.0,3,12,-0.42083100859565564,0.9071390534005044
"Ballygunge, Kolkata - WBPCB",2024-12-06,146.0,73.7,158.63,37.77,10.33,2.05,15.59,30.31,mean_of_source_observations,21.4,67,7.5,1012.3,259.0,268.0,224.0,250.33333333333334,167.57142857142858,135.0,4,12,-0.4051645224207563,0.9142437912130223
"Ballygunge, Kolkata - WBPCB",2024-12-07,135.0,69.2,153.24,37.85,15.22,2.05,13.95,30.28,mean_of_source_observations,21.0,69,5.6,1013.0,146.0,259.0,268.0,224.33333333333334,173.85714285714286,187.0,5,12,-0.3893781415452015,0.9210779895789526
"Ballygunge, Kolkata - WBPCB",2024-12-08,187.0,86.05,185.88,38.06,19.29,2.42,13.05,30.28,mean_of_source_observations,20.9,65,6.5,1013.2,135.0,146.0,259.0,180.0,178.42857142857142,195.0,6,12,-0.37347653741307074,0.9276396261490467
"Ballygunge, Kolkata - WBPCB",2024-12-09,195.0,88.61,166.56,37.79,19.96,2.67,20.82,30.22,mean_of_source_observations,21.6,69,8.2,1012.5,187.0,135.0,146.0,156.0,191.57142857142858,209.0,0,12,-0.3574644155648614,0.9339267592294762
"Ballygunge, Kolkata - WBPCB",2024-12-10,209.0,92.82,171.59,37.99,17.48,1.61,20.71,30.31,mean_of_source_observations,21.3,75,7.5,1013.5,195.0,187.0,135.0,172.33333333333334,202.0,218.0,1,12,-0.34134651424503615,0.9399375283564133
"Ballygunge, Kolkata - WBPCB",2024-12-11,218.0,95.27,181.01,38.13,11.29,1.63,16.81,30.3,mean_of_source_observations,20.1,70,9.7,1014.8,209.0,195.0,187.0,197.0,199.85714285714286,207.0,2,12,-0.3251276029999093,0.9456701548465688
"Ballygunge, Kolkata - WBPCB",2024-12-12,207.0,92.02,176.36,37.88,10.42,1.69,13.44,30.22,mean_of_source_observations,18.8,66,7.7,1013.6,218.0,209.0,195.0,207.33333333333334,192.71428571428572,257.0,3,12,-0.30881248126625377,0.9511229423235357
"Ballygunge, Kolkata - WBPCB",2024-12-13,257.0,107.0,203.63,37.84,12.93,2.1,13.72,30.17,mean_of_source_observations,18.5,66,7.9,1014.1,207.0,218.0,209.0,211.33333333333334,185.28571428571428,245.0,4,12,-0.29240597695107734,0.9562942772197719
"Ballygunge, Kolkata - WBPCB",2024-12-14,245.0,103.43,205.18,37.89,12.49,2.14,11.6,30.18,mean_of_source_observations,18.2,65,8.4,1016.0,257.0,207.0,218.0,227.33333333333334,201.14285714285714,226.0,5,12,-0.27591294500296043,0.9611826292540837
"Ballygunge, Kolkata - WBPCB",2024-12-15,226.0,97.87,178.36,37.52,11.85,2.11,10.64,30.35,mean_of_source_observations,18.3,63,8.9,1016.5,245.0,257.0,207.0,236.33333333333334,216.85714285714286,262.0,6,12,-0.2593382659754056,0.9657865518844574
"Ballygunge, Kolkata - WBPCB",2024-12-16,262.0,108.58,215.21,37.88,11.2,2.13,16.51,30.17,mean_of_source_observations,19.3,73,6.4,1015.2,226.0,245.0,257.0,242.66666666666666,222.42857142857142,261.0,0,12,-0.2426868445825954,0.9701046827361175
"Ballygunge, Kolkata - WBPCB",2024-12-17,261.0,108.38,207.82,37.89,10.47,2.64,15.98,30.22,mean_of_source_observations,21.1,70,5.8,1014.2,262.0,226.0,245.0,244.33333333333334,232.0,291.0,1,12,-0.22596360824801906,0.974135744004672
"Ballygunge, Kolkata - WBPCB",2024-12-18,291.0,117.35,214.48,37.94,12.49,2.12,14.99,30.34,mean_of_source_observations,21.8,65,6.1,1013.5,261.0,262.0,226.0,249.66666666666666,239.42857142857142,158.0,2,12,-0.20917350564635637,0.9778785428342386
"Ballygunge, Kolkata - WBPCB",2024-12-19,158.0,77.46,159.37,37.83,10.0,2.58,23.7,30.21,mean_of_source_observations,21.5,64,8.8,1014.3,291.0,261.0,262.0,271.3333333333333,249.85714285714286,220.0,3,12,-0.19232150523909483,0.9813319716704275
"Ballygunge, Kolkata - WBPCB",2024-12-20,220.0,95.91,167.42,37.79,8.8,1.71,15.39,30.22,mean_of_source_observations,21.3,68,8.9,1013.3,158.0,291.0,261.0,236.66666666666666,242.85714285714286,154.0,4,12,-0.17541259380427843,0.9844950085880858
"Ballygunge, Kolkata - WBPCB",2024-12-21,154.0,76.23,125.99,37.97,7.32,0.97,14.37,30.32,mean_of_source_observations,19.0,86,7.4,1014.0,220.0,158.0,291.0,223.0,237.57142857142858,97.0,5,12,-0.15845177496083632,0.9873667175937016
"Ballygunge, Kolkata - WBPCB",2024-12-22,97.0,58.09,93.9,37.87,7.41,1.36,16.29,30.3,mean_of_source_observations,20.1,83,9.3,1014.4,154.0,220.0,158.0,177.33333333333334,224.57142857142858,184.0,6,12,-0.14144406768794202,0.9899462489023779
"Ballygunge, Kolkata - WBPCB",2024-12-23,184.0,85.11,151.05,37.73,8.7,1.58,19.72,30.29,mean_of_source_observations,21.4,69,9.3,1014.4,97.0,154.0,220.0,157.0,206.14285714285714,131.0,0,12,-0.12439450483979998,0.9922328391893008
"Ballygunge, Kolkata - WBPCB",2024-12-24,131.0,69.33,133.4,37.79,9.31,1.67,80.73,30.15,mean_of_source_observations,21.5,67,7.2,1014.8,184.0,97.0,154.0,145.0,195.0,183.0,1,12,-0.10730813165636247,0.9942258118156161
"Ballygunge, Kolkata - WBPCB",2024-12-25,183.0,84.81,167.52,37.63,10.83,1.93,41.32,30.2,mean_of_source_observations,20.9,75,6.2,1016.7,131.0,184.0,97.0,137.33333333333334,176.42857142857142,172.0,2,12,-0.09019000427034513,0.9959245770286599
"Ballygunge, Kolkata - WBPCB",2024-12-26,172.0,81.74,154.02,37.61,13.25,1.61,68.84,30.24,mean_of_source_observations,22.0,69,7.6,1018.3,183.0,131.0,184.0,166.0,161.0,224.0,3,12,-0.07304518821104743,0.9973286321364752
"Ballygunge, Kolkata - WBPCB",2024-12-27,224.0,97.11,185.47,39.94,11.47,1.95,70.24,31.36,mean_of_source_observations,21.7,65,8.0,1018.3,172.0,183.0,131.0,162.0,163.0,213.0,4,12,-0.05587875690537313,0.9984375616565666
"Ballygunge, Kolkata - WBPCB",2024-12-28,213.0,93.78,182.13,38.52,10.15,2.45,61.86,30.21,mean_of_source_observations,21.6,65,7.6,1016.8,224.0,172.0,183.0,193.0,163.57142857142858,262.0,5,12,-0.03869579017652689,0.9992510374388481
"Ballygunge, Kolkata - WBPCB",2024-12-29,262.0,108.47,200.21,37.93,9.79,3.16,60.78,30.3,mean_of_source_observations,22.1,67,6.4,1016.0,213.0,224.0,172.0,203.0,172.0,156.0,6,12,-0.021501372740813793,0.999768818762748
"Ballygunge, Kolkata - WBPCB",2024-12-30,156.0,76.84,139.82,79.99,10.07,2.03,62.44,65.36,mean_of_source_observations,22.3,69,8.2,1016.6,262.0,213.0,224.0,233.0,195.57142857142858,141.0,0,12,-0.004300592702981974,0.9999907524084426
"Ballygunge, Kolkata - WBPCB",2024-12-31,141.0,72.3,141.44,46.76,11.65,1.04,49.38,34.6,mean_of_source_observations,20.2,68,12.0,1017.1,156.0,262.0,213.0,210.33333333333334,191.57142857142858,148.0,1,12,0.012901459949419653,0.9999167727021953
"Ballygunge, Kolkata - WBPCB",2025-01-01,148.0,74.36,141.79,56.37,11.64,1.43,50.38,27.16,mean_of_source_observations,18.8,70,9.3,1015.4,141.0,156.0,262.0,186.33333333333334,193.0,206.0,2,1,0.017201575418260506,0.9998520419557735
"Ballygunge, Kolkata - WBPCB",2025-01-02,206.0,91.95,162.89,59.68,10.22,1.46,56.42,27.74,mean_of_source_observations,17.7,70,9.5,1015.9,148.0,141.0,156.0,148.33333333333334,188.0,280.0,3,1,0.03439806061360801,0.9994082116062598
"Ballygunge, Kolkata - WBPCB",2025-01-03,280.0,114.05,219.58,80.61,9.3,2.28,50.1,46.41,mean_of_source_observations,17.6,71,9.2,1015.7,206.0,148.0,141.0,165.0,192.85714285714286,305.0,4,1,0.051584366869408364,0.9986686402879997
"Ballygunge, Kolkata - WBPCB",2025-01-04,305.0,126.76,226.7,83.02,8.5,2.44,51.84,49.64,mean_of_source_observations,19.5,73,8.0,1014.3,280.0,206.0,148.0,211.33333333333334,200.85714285714286,237.0,5,1,0.06875540848113941,0.9976335468520451
"Ballygunge, Kolkata - WBPCB",2025-01-05,237.0,100.95,182.7,102.28,6.43,1.11,48.92,56.96,mean_of_source_observations,20.2,73,5.8,1014.6,305.0,280.0,206.0,263.6666666666667,214.0,217.0,6,1,0.08590610426133272,0.9963032375991965
"Ballygunge, Kolkata - WBPCB",2025-01-06,217.0,95.14,178.1,117.56,7.27,1.61,58.59,61.25,mean_of_source_observations,20.1,74,6.5,1013.8,237.0,305.0,280.0,274.0,210.42857142857142,207.0,0,1,0.10303137904317879,0.9946781061893646
"Ballygunge, Kolkata - WBPCB",2025-01-07,207.0,92.22,167.48,47.52,10.11,1.77,61.79,31.98,mean_of_source_observations,21.4,71,9.1,1012.8,217.0,237.0,305.0,253.0,219.14285714285714,148.0,1,1,0.1201261651823505,0.9927586335250793
"Ballygunge, Kolkata - WBPCB",2025-01-08,148.0,74.36,135.97,35.84,9.41,1.84,50.65,29.12,mean_of_source_observations,19.6,67,10.5,1014.8,207.0,217.0,237.0,220.33333333333334,228.57142857142858,143.0,2,1,0.13718540405660057,0.9905453876091833
"Ballygunge, Kolkata - WBPCB",2025-01-09,143.0,72.8,142.13,42.66,8.57,1.45,75.18,31.01,mean_of_source_observations,18.6,69,8.3,1017.2,148.0,207.0,217.0,190.66666666666666,228.57142857142858,279.0,3,1,0.1542040475626894,0.988039023376751
"Ballygunge, Kolkata - WBPCB",2025-01-10,279.0,113.69,213.63,65.58,12.44,1.54,70.23,36.82,mean_of_source_observations,18.9,64,9.8,1018.6,143.0,148.0,207.0,166.0,219.57142857142858,307.0,4,1,0.17117705961019986,0.985240282501282
"Ballygunge, Kolkata - WBPCB",2025-01-11,307.0,129.31,217.98,94.03,9.42,3.22,75.15,43.93,mean_of_source_observations,19.2,67,6.7,1018.1,279.0,143.0,148.0,190.0,219.42857142857142,305.0,5,1,0.18809941761179758,0.9821499931752291
"Ballygunge, Kolkata - WBPCB",2025-01-12,305.0,126.6,219.98,87.87,7.66,4.43,80.15,42.51,mean_of_source_observations,20.6,67,5.2,1016.9,307.0,279.0,143.0,243.0,219.71428571428572,301.0,6,1,0.20496611396949532,0.9787690698649216
"Ballygunge, Kolkata - WBPCB",2025-01-13,301.0,121.33,223.08,73.92,14.19,3.02,70.22,50.29,mean_of_source_observations,21.7,64,7.3,1015.0,305.0,307.0,279.0,297.0,229.42857142857142,306.0,0,1,0.22177215755648186,0.975098513039961
"Ballygunge, Kolkata - WBPCB",2025-01-14,306.0,127.41,233.94,105.45,10.96,4.37,55.88,71.12,mean_of_source_observations,21.9,63,8.3,1017.3,301.0,305.0,307.0,304.3333333333333,241.42857142857142,210.0,1,1,0.23851257519407648,0.9711394088771653
"Ballygunge, Kolkata - WBPCB",2025-01-15,210.0,92.98,163.02,58.95,12.22,1.4,64.44,47.64,mean_of_source_observations,20.8,62,11.6,1018.1,306.0,301.0,305.0,304.0,255.57142857142858,183.0,2,1,0.2551824131233728,0.9668929289391521
"Ballygunge, Kolkata - WBPCB",2025-01-16,183.0,84.8,161.55,50.73,17.73,1.48,59.43,39.03,mean_of_source_observations,20.0,64,7.8,1017.4,210.0,306.0,301.0,272.3333333333333,264.42857142857144,230.0,3,1,0.2717767384711357,0.9623603298276545
"Ballygunge, Kolkata - WBPCB",2025-01-17,230.0,98.91,170.55,76.1,13.29,1.47,58.59,47.28,mean_of_source_observations,20.7,63,9.0,1016.2,183.0,210.0,306.0,233.0,270.14285714285717,219.0,4,1,0.2882906407095177,0.9575429528116719
"Ballygunge, Kolkata - WBPCB",2025-01-18,219.0,95.64,163.66,67.72,13.3,1.98,62.35,38.55,mean_of_source_observations,20.8,63,10.6,1015.6,230.0,183.0,210.0,207.66666666666666,263.14285714285717,177.0,5,1,0.3047192331091634,0.9524422234305676
"Ballygunge, Kolkata - WBPCB",2025-01-19,177.0,83.0,159.34,72.16,12.23,2.63,73.15,44.43,mean_of_source_observations,20.7,62,11.6,1014.5,219.0,230.0,183.0,210.66666666666666,250.57142857142858,198.0,6,1,0.321057654185271,0.9470596510722283
"Ballygunge, Kolkata - WBPCB",2025-01-20,198.0,89.54,160.03,65.14,12.89,2.01,74.66,37.85,mean_of_source_observations,20.0,62,10.7,1012.8,177.0,219.0,230.0,208.66666666666666,232.28571428571428,217.0,0,1,0.3373010691361842,0.9413968285264122
"Ballygunge, Kolkata - WBPCB",2025-01-21,217.0,95.07,185.2,76.91,10.64,1.47,79.24,45.14,mean_of_source_observations,21.1,66,10.1,1011.9,198.0,177.0,219.0,198.0,217.57142857142858,192.0,1,1,0.3534446712740877,0.9354554315134164
"Ballygunge, Kolkata - WBPCB",2025-01-22,192.0,87.52,171.59,103.0,10.81,2.14,78.85,59.24,mean_of_source_observations,22.3,63,8.9,1012.6,217.0,198.0,177.0,197.33333333333334,204.85714285714286,273.0,2,1,0.3694836834473831,0.9292372181882051
"Ballygunge, Kolkata - WBPCB",2025-01-23,273.0,111.97,199.33,62.09,9.4,2.83,57.14,43.8,mean_of_source_observations,22.3,71,6.7,1013.2,192.0,217.0,198.0,202.33333333333334,202.28571428571428,228.0,3,1,0.38541335945432564,0.9227440286201427
"Ballygunge, Kolkata - WBPCB",2025-01-24,228.0,98.55,178.52,60.99,8.7,0.64,69.44,45.65,mean_of_source_observations,22.7,75,6.3,1012.4,273.0,192.0,217.0,227.33333333333334,215.14285714285714,213.0,4,1,0.4012289854475009,0.9159777842484877
"Ballygunge, Kolkata - WBPCB",2025-01-25,213.0,94.02,173.86,50.06,8.95,0.7,51.29,31.67,mean_of_source_observations,22.2,75,10.4,1013.4,228.0,273.0,192.0,231.0,214.85714285714286,125.0,5,1,0.4169258813287287,0.908940487313808
"Ballygunge, Kolkata - WBPCB",2025-01-26,125.0,67.53,126.69,39.87,10.08,1.06,82.58,35.04,mean_of_source_observations,21.0,60,10.5,1013.5,213.0,228.0,273.0,238.0,214.0,186.0,6,1,0.4324994021339788,0.901634220265486
"Ballygunge, Kolkata - WBPCB",2025-01-27,186.0,85.75,171.3,49.38,11.33,1.68,93.15,36.76,mean_of_source_observations,20.2,58,9.9,1011.7,125.0,213.0,228.0,188.66666666666666,206.57142857142858,207.0,0,1,0.44794493940789115,0.8940611451454876
"Ballygunge, Kolkata - WBPCB",2025-01-28,207.0,92.21,180.61,50.97,16.24,2.12,96.39,37.67,mean_of_source_observations,21.1,64,8.7,1012.9,186.0,125.0,213.0,174.66666666666666,204.85714285714286,127.0,1,1,0.4632579225674917,0.88622350294858
"Ballygunge, Kolkata - WBPCB",2025-01-29,127.0,68.19,130.37,41.77,8.2,1.19,65.27,36.47,mean_of_source_observations,22.3,75,10.5,1014.6,207.0,186.0,125.0,172.66666666666666,203.42857142857142,90.0,2,1,0.4784338202547012,0.8781236129591848
"Ballygunge, Kolkata - WBPCB",2025-01-30,90.0,49.98,89.89,55.84,8.14,0.63,55.92,48.59,mean_of_source_observations,23.7,77,16.9,1011.0,127.0,207.0,186.0,173.33333333333334,194.14285714285714,85.0,3,1,0.49346814167723735,0.8697638720650646
"Ballygunge, Kolkata - WBPCB",2025-01-31,85.0,45.08,85.36,13.5,10.93,0.64,44.94,41.63,mean_of_source_observations,24.5,80,11.4,1010.8,90.0,127.0,207.0,141.33333333333334,168.0,94.0,4,1,0.5083564379375122,0.8611467540480452
"Ballygunge, Kolkata - WBPCB",2025-02-01,94.0,51.29,93.96,15.83,5.81,1.54,32.86,26.56,mean_of_source_observations,24.8,84,7.3,1011.7,85.0,90.0,127.0,100.66666666666667,147.57142857142858,134.0,5,2,0.5230943033491326,0.8522748088519838
"Ballygunge, Kolkata - WBPCB",2025-02-02,134.0,70.11,127.77,25.47,5.86,1.83,30.97,25.49,mean_of_source_observations,24.9,81,7.4,1011.8,94.0,85.0,90.0,89.66666666666667,130.57142857142858,188.0,6,2,0.5376773767406141,0.8431506618282
"Ballygunge, Kolkata - WBPCB",2025-02-03,188.0,86.53,163.65,30.84,5.74,2.35,70.82,34.33,mean_of_source_observations,25.0,68,8.1,1012.6,134.0,94.0,85.0,104.33333333333333,131.85714285714286,137.0,0,2,0.5521013427459208,0.8337770129585915
"Ballygunge, Kolkata - WBPCB",2025-02-04,137.0,71.02,142.55,44.23,9.32,2.35,89.69,24.8,mean_of_source_observations,24.2,54,9.2,1012.8,188.0,134.0,94.0,138.66666666666666,132.14285714285714,198.0,1,2,0.5663619330814524,0.8241566360566663
"Ballygunge, Kolkata - WBPCB",2025-02-05,198.0,89.39,160.94,40.64,8.71,1.56,76.58,27.86,mean_of_source_observations,24.9,61,9.1,1011.0,137.0,188.0,134.0,153.0,122.14285714285714,112.0,2,2,0.580454927809098,0.8142923779467267
"Ballygunge, Kolkata - WBPCB",2025-02-06,112.0,61.55,118.46,39.0,9.04,1.81,72.54,28.72,mean_of_source_observations,25.8,64,11.2,1011.7,198.0,137.0,188.0,174.33333333333334,132.28571428571428,121.0,3,2,0.5943761565849831,0.804187157621448
"Ballygunge, Kolkata - WBPCB",2025-02-07,121.0,62.55,131.52,29.61,10.08,2.24,84.75,26.08,mean_of_source_observations,23.0,41,9.5,1013.9,112.0,198.0,137.0,149.0,135.42857142857142,130.0,4,2,0.6081214998935418,0.7938439653781019
"Ballygunge, Kolkata - WBPCB",2025-02-08,130.0,67.96,144.29,46.8,10.98,1.36,84.87,29.22,mean_of_source_observations,22.0,48,10.9,1014.2,121.0,112.0,198.0,143.66666666666666,140.57142857142858,155.0,5,2,0.6216868902665479,0.7832658619336791
"Ballygunge, Kolkata - WBPCB",2025-02-09,155.0,76.53,153.46,50.24,8.71,1.62,97.53,28.98,mean_of_source_observations,22.3,49,9.1,1013.5,130.0,121.0,112.0,121.0,145.71428571428572,131.0,6,2,0.6350683134867438,0.7724559775191742
"Ballygunge, Kolkata - WBPCB",2025-02-10,131.0,69.4,135.48,35.68,9.5,1.51,87.21,26.1,mean_of_source_observations,23.6,69,9.9,1013.5,155.0,130.0,121.0,135.33333333333334,148.71428571428572,99.0,0,2,0.6482618097757122,0.7614175109532997
"Ballygunge, Kolkata - WBPCB",2025-02-11,99.0,50.72,99.04,30.48,8.02,0.78,69.44,25.97,mean_of_source_observations,25.2,73,10.4,1012.2,131.0,155.0,130.0,138.66666666666666,140.57142857142858,95.0,1,2,0.6612634749656386,0.7501537286959042
"Ballygunge, Kolkata - WBPCB",2025-02-12,95.0,49.03,95.43,31.05,8.79,0.78,68.34,30.01,mean_of_source_observations,25.8,71,8.7,1011.9,99.0,131.0,155.0,128.33333333333334,135.14285714285714,113.0,2,2,0.6740694616546161,0.7386679638813748
"Ballygunge, Kolkata - WBPCB",2025-02-13,113.0,55.66,119.14,45.08,6.88,2.21,52.36,61.55,mean_of_source_observations,26.2,69,9.7,1011.1,95.0,99.0,131.0,108.33333333333333,120.42857142857143,138.0,3,2,0.6866759803451553,0.726963615332308
"Ballygunge, Kolkata - WBPCB",2025-02-14,138.0,71.26,149.59,53.1,8.94,2.55,69.71,67.49,mean_of_source_observations,24.2,39,11.6,1011.9,113.0,95.0,99.0,102.33333333333333,120.57142857142857,192.0,4,2,0.6990793005655562,0.7150441465537444
"Ballygunge, Kolkata - WBPCB",2025-02-15,192.0,87.68,151.43,53.98,12.73,1.81,70.92,62.01,mean_of_source_observations,24.4,45,11.3,1011.5,138.0,113.0,95.0,115.33333333333333,123.0,128.0,5,2,0.7112757519738152,0.7029130847082615
"Ballygunge, Kolkata - WBPCB",2025-02-16,128.0,68.4,106.24,28.42,7.58,1.73,60.22,41.87,mean_of_source_observations,24.9,66,11.6,1011.7,192.0,138.0,113.0,147.66666666666666,131.85714285714286,84.0,6,2,0.7232617254437388,0.6905740195722294
"Ballygunge, Kolkata - WBPCB",2025-02-17,84.0,50.42,71.67,22.83,5.72,0.5,42.09,39.02,mean_of_source_observations,26.1,72,12.1,1013.1,128.0,192.0,138.0,152.66666666666666,128.0,73.0,0,2,0.7350336741329412,0.6780306024735382
"Ballygunge, Kolkata - WBPCB",2025-02-18,73.0,44.04,68.49,23.23,5.49,0.64,53.5,38.12,mean_of_source_observations,25.4,73,13.2,1012.9,84.0,128.0,192.0,134.66666666666666,121.28571428571429,86.0,1,2,0.746588114532413,0.6652865452111116
"Ballygunge, Kolkata - WBPCB",2025-02-19,86.0,51.35,74.16,26.97,4.26,0.59,34.94,42.8,mean_of_source_observations,23.4,82,10.5,1012.6,73.0,84.0,128.0,95.0,117.57142857142857,56.0,2,2,0.7579216274973472,0.6523456189565257
"Ballygunge, Kolkata - WBPCB",2025-02-20,56.0,33.64,53.2,26.23,4.32,0.61,24.57,37.51,mean_of_source_observations,22.8,86,8.0,1014.0,86.0,73.0,84.0,81.0,116.28571428571429,111.0,3,2,0.7690308592589181,0.6392116531380588
"Ballygunge, Kolkata - WBPCB",2025-02-21,111.0,54.84,115.92,36.59,7.24,0.89,22.43,37.48,mean_of_source_observations,23.9,79,8.8,1014.2,56.0,86.0,73.0,71.66666666666667,108.14285714285714,88.0,4,2,0.7799125224167177,0.6258885343075018
"Ballygunge, Kolkata - WBPCB",2025-02-22,88.0,46.67,87.69,32.83,8.19,0.9,21.81,45.98,mean_of_source_observations,23.2,85,12.5,1014.7,111.0,56.0,86.0,84.33333333333333,104.28571428571429,107.0,5,2,0.7905633969115482,0.612380204990065
"Ballygunge, Kolkata - WBPCB",2025-02-24,,,,39.63,7.73,1.03,21.03,43.59,mean_of_source_observations,24.0,74,6.9,1016.3,107.0,88.0,111.0,102.0,86.42857142857143,185.0,0,2,0.8111602420785621,0.5848239578463322
"Ballygunge, Kolkata - WBPCB",2025-03-04,126.0,55.3,139.25,40.34,10.38,1.12,20.56,37.26,mean_of_source_observations,28.0,49,11.5,1009.9,126.0,114.0,106.0,115.33333333333333,159.85714285714286,151.0,1,3,0.8837203473619977,0.4680153284438345
"Ballygunge, Kolkata - WBPCB",2025-03-05,151.0,69.34,177.05,53.23,13.08,1.19,67.35,40.8,mean_of_source_observations,27.4,50,10.5,1009.1,126.0,126.0,114.0,122.0,151.42857142857142,148.0,2,3,0.8916401947968874,0.45274469960737107
"Ballygunge, Kolkata - WBPCB",2025-03-06,148.0,54.09,171.97,35.85,11.34,0.94,63.28,22.97,mean_of_source_observations,25.1,40,11.4,1011.3,151.0,126.0,126.0,134.33333333333334,148.14285714285714,148.0,3,3,0.8992961915530253,0.4373400963303323
"Ballygunge, Kolkata - WBPCB",2025-03-07,148.0,66.44,172.43,44.33,14.35,0.85,75.31,33.08,mean_of_source_observations,25.1,43,10.4,1009.7,148.0,151.0,126.0,141.66666666666666,134.57142857142858,120.0,4,3,0.9066860720977985,0.4218060770826634
"Ballygunge, Kolkata - WBPCB",2025-03-08,120.0,56.17,130.73,26.96,10.85,0.66,55.23,33.46,mean_of_source_observations,26.3,62,12.3,1009.0,148.0,148.0,151.0,149.0,131.28571428571428,98.0,5,3,0.9138076496466615,0.40614723863057883
"Ballygunge, Kolkata - WBPCB",2025-03-09,98.0,45.02,98.44,22.47,6.13,0.3,52.49,33.08,mean_of_source_observations,27.5,64,9.3,1012.5,120.0,148.0,148.0,138.66666666666666,133.28571428571428,97.0,6,3,0.9206588168102428,0.3903682146763026
"Ballygunge, Kolkata - WBPCB",2025-03-10,97.0,46.42,96.98,27.53,9.48,0.57,65.33,33.62,mean_of_source_observations,28.0,59,10.0,1014.5,98.0,120.0,148.0,122.0,131.0,78.0,0,3,0.9272375462179537,0.374473674486883
"Ballygunge, Kolkata - WBPCB",2025-03-11,78.0,36.05,78.0,23.82,14.23,0.52,63.23,33.99,mean_of_source_observations,28.2,50,13.1,1012.3,97.0,98.0,120.0,105.0,126.85714285714286,95.0,1,3,0.9335418911179212,0.35846832151248087
"Ballygunge, Kolkata - WBPCB",2025-03-12,95.0,41.88,94.59,23.77,13.04,0.62,79.4,37.96,mean_of_source_observations,28.7,55,13.0,1008.5,78.0,97.0,98.0,91.0,120.0,99.0,2,3,0.9395699859530622,0.342356891994542
"Ballygunge, Kolkata - WBPCB",2025-03-13,99.0,38.73,99.36,24.75,9.98,0.7,67.22,63.98,mean_of_source_observations,29.9,59,13.2,1006.6,95.0,78.0,97.0,90.0,112.0,93.0,3,3,0.945320046913132,0.3261441535642696
"Ballygunge, Kolkata - WBPCB",2025-03-14,93.0,37.74,92.52,22.32,6.49,0.71,44.27,42.09,mean_of_source_observations,30.3,68,10.3,1008.0,99.0,95.0,78.0,90.66666666666667,105.0,77.0,4,3,0.9507903724625832,0.3098349038318025
"Ballygunge, Kolkata - WBPCB",2025-03-15,77.0,30.9,76.97,20.78,4.09,0.69,39.68,41.4,mean_of_source_observations,31.0,68,12.4,1009.3,93.0,99.0,95.0,95.66666666666667,97.14285714285714,63.0,5,3,0.9559793438440766,0.2934339689665273
"Ballygunge, Kolkata - WBPCB",2025-03-16,63.0,22.53,62.8,22.72,12.59,0.65,41.74,42.74,mean_of_source_observations,30.7,68,18.4,1008.9,77.0,93.0,99.0,89.66666666666667,91.0,74.0,6,3,0.9608854255574977,0.27694620226893646
"Ballygunge, Kolkata - WBPCB",2025-03-17,74.0,33.69,73.93,22.63,5.28,0.88,36.13,39.2,mean_of_source_observations,28.7,72,19.5,1008.7,63.0,77.0,93.0,77.66666666666667,86.0,83.0,0,3,0.9655071658143364,0.2603764827344581
"Ballygunge, Kolkata - WBPCB",2025-03-18,83.0,48.02,82.55,29.78,8.36,0.76,68.49,22.87,mean_of_source_observations,30.2,54,11.2,1009.6,74.0,63.0,77.0,71.33333333333333,82.71428571428571,185.0,1,3,0.969843196967294,0.24372971360968387
"Ballygunge, Kolkata - WBPCB",2025-03-19,185.0,85.41,129.14,25.03,11.06,1.11,64.87,22.27,mean_of_source_observations,29.6,64,12.8,1012.5,83.0,74.0,63.0,73.33333333333333,83.42857142857143,69.0,2,3,0.9738922359149924,0.22701082094141847
"Ballygunge, Kolkata - WBPCB",2025-03-20,69.0,41.17,68.54,25.95,5.84,0.96,44.51,23.05,mean_of_source_observations,29.3,66,13.2,1013.8,185.0,83.0,74.0,114.0,96.28571428571429,89.0,3,3,0.9776530844816641,0.2102247521189836
"Ballygunge, Kolkata - WBPCB",2025-03-21,89.0,51.73,88.98,32.61,11.74,0.97,54.82,24.07,mean_of_source_observations,27.8,61,12.1,1014.8,69.0,185.0,83.0,112.33333333333333,92.0,49.0,4,3,0.981124629771712,0.19337647441020586
"Ballygunge, Kolkata - WBPCB",2025-03-22,49.0,29.28,42.8,24.25,6.04,0.94,27.94,32.07,mean_of_source_observations,23.2,81,15.0,1014.7,89.0,69.0,185.0,114.33333333333333,91.42857142857143,105.0,5,3,0.984305844499033,0.17647097349152166
"Ballygunge, Kolkata - WBPCB",2025-03-23,105.0,61.42,97.81,34.2,11.16,1.22,18.84,34.82,mean_of_source_observations,24.5,75,9.0,1014.6,49.0,89.0,69.0,69.0,87.42857142857143,170.0,6,3,0.9871957872910085,0.15951325197263655
"Ballygunge, Kolkata - WBPCB",2025-03-24,170.0,80.99,148.88,44.54,9.45,1.74,45.16,46.43,mean_of_source_observations,27.0,59,9.9,1013.3,105.0,49.0,89.0,81.0,93.42857142857143,156.0,0,3,0.9897936029670716,0.14250832791617088
"Ballygunge, Kolkata - WBPCB",2025-03-25,156.0,76.71,150.01,39.97,17.06,1.87,68.01,45.44,mean_of_source_observations,28.3,54,10.4,1009.1,170.0,105.0,49.0,108.0,107.14285714285714,80.0,1,3,0.992098522791769,0.12546123335273648
"Ballygunge, Kolkata - WBPCB",2025-03-26,80.0,45.65,79.57,20.44,10.29,1.35,55.98,31.54,mean_of_source_observations,29.5,59,12.5,1006.6,156.0,170.0,105.0,143.66666666666666,117.57142857142857,94.0,2,3,0.9941098647022418,0.10837701279187609
"Ballygunge, Kolkata - WBPCB",2025-03-27,94.0,46.57,94.42,26.4,12.08,0.95,64.28,35.89,mean_of_source_observations,30.8,54,14.1,1004.8,80.0,156.0,170.0,135.33333333333334,102.57142857142857,117.0,3,3,0.9958270335100595,0.09126072172931188
"Ballygunge, Kolkata - WBPCB",2025-03-28,117.0,59.96,125.67,25.36,14.42,1.03,71.04,33.68,mean_of_source_observations,31.7,50,13.2,1004.1,94.0,80.0,156.0,110.0,106.14285714285714,128.0,4,3,0.9972495210773451,0.07411742515094437
"Ballygunge, Kolkata - WBPCB",2025-03-29,128.0,66.83,141.66,28.65,8.86,0.87,78.02,41.57,mean_of_source_observations,31.8,54,12.0,1005.8,117.0,94.0,80.0,97.0,110.14285714285714,102.0,5,3,0.998376906467142,0.056952196034039754
"Ballygunge, Kolkata - WBPCB",2025-03-30,102.0,55.49,103.28,15.73,7.49,0.75,45.17,33.03,mean_of_source_observations,30.8,69,12.1,1008.5,128.0,117.0,94.0,113.0,121.42857142857143,84.0,6,3,0.9992088560679753,0.03977011384605572
"Ballygunge, Kolkata - WBPCB",2025-03-31,84.0,43.89,84.43,13.51,5.0,0.45,40.85,30.34,mean_of_source_observations,30.4,69,14.2,1008.6,102.0,128.0,117.0,115.66666666666667,121.0,67.0,0,3,0.9997451236925734,0.022576263041545485
"Ballygunge, Kolkata - WBPCB",2025-04-01,67.0,33.98,66.87,13.86,6.19,0.54,36.56,23.54,mean_of_source_observations,30.2,68,14.5,1008.4,84.0,102.0,128.0,104.66666666666667,108.71428571428571,54.0,1,4,0.9999855506507186,0.005375731557583884
"Ballygunge, Kolkata - WBPCB",2025-04-02,54.0,26.67,54.33,14.46,8.09,0.51,33.85,24.9,mean_of_source_observations,30.5,66,16.7,1009.7,67.0,84.0,102.0,84.33333333333333,96.0,61.0,2,4,0.9999300657962057,-0.011826390691832589
"Ballygunge, Kolkata - WBPCB",2025-04-03,61.0,30.85,61.45,17.05,11.9,0.63,40.5,25.49,mean_of_source_observations,30.8,64,10.2,1010.7,54.0,67.0,84.0,68.33333333333333,92.28571428571429,89.0,3,4,0.9995786855478958,-0.029025013321975237
"Ballygunge, Kolkata - WBPCB",2025-04-04,89.0,45.38,89.46,21.59,10.26,1.19,43.75,25.53,mean_of_source_observations,29.8,68,9.0,1009.9,61.0,54.0,67.0,60.666666666666664,87.57142857142857,87.0,4,4,0.9989315138848577,-0.046215046983708354
"Ballygunge, Kolkata - WBPCB",2025-04-05,87.0,50.11,86.6,20.31,12.02,1.13,64.09,24.6,mean_of_source_observations,31.4,59,12.4,1007.8,89.0,61.0,54.0,68.0,83.57142857142857,67.0,5,4,0.9979887423155984,-0.06339140486951038
"Ballygunge, Kolkata - WBPCB",2025-04-06,67.0,31.81,67.01,14.48,11.16,0.65,49.77,23.45,mean_of_source_observations,30.9,67,17.8,1007.5,87.0,89.0,61.0,79.0,77.71428571428571,42.0,6,4,0.9967506498213929,-0.08054900421874167
"Ballygunge, Kolkata - WBPCB",2025-04-07,42.0,15.21,41.56,14.12,5.8,0.46,27.33,23.75,mean_of_source_observations,30.0,68,16.4,1010.1,67.0,87.0,89.0,81.0,72.71428571428571,32.0,0,4,0.9952176027737294,-0.09768276782171598
"Ballygunge, Kolkata - WBPCB",2025-04-08,32.0,12.92,31.92,13.25,4.21,0.45,25.16,23.53,mean_of_source_observations,29.4,69,10.6,1012.7,42.0,67.0,87.0,65.33333333333333,66.71428571428571,33.0,1,4,0.9933900548258936,-0.11478762552212701
"Ballygunge, Kolkata - WBPCB",2025-04-09,33.0,8.43,25.85,13.7,8.52,0.39,33.01,23.65,mean_of_source_observations,29.9,63,15.2,1010.4,32.0,42.0,67.0,47.0,61.714285714285715,31.0,2,4,0.9912685467787256,-0.13185851571739118
"Ballygunge, Kolkata - WBPCB",2025-04-10,31.0,7.94,31.13,13.18,3.6,0.44,28.62,22.82,mean_of_source_observations,29.2,64,13.4,1006.5,33.0,32.0,42.0,35.666666666666664,58.714285714285715,41.0,3,4,0.9888537064205885,-0.1488903868564548
"Ballygunge, Kolkata - WBPCB",2025-04-11,41.0,14.0,41.16,16.23,3.71,0.57,39.18,24.31,mean_of_source_observations,28.1,71,9.4,1004.9,31.0,33.0,32.0,32.0,54.42857142857143,45.0,4,4,0.986146248341595,-0.16587819893463143
"Ballygunge, Kolkata - WBPCB",2025-04-12,45.0,13.99,40.65,14.9,5.77,0.58,45.03,23.48,mean_of_source_observations,28.9,74,10.3,1006.3,41.0,31.0,33.0,35.0,47.57142857142857,71.0,5,4,0.9831469737221499,-0.1828169249850199
"Ballygunge, Kolkata - WBPCB",2025-04-13,71.0,37.33,71.37,19.07,8.9,0.74,68.77,23.14,mean_of_source_observations,28.8,76,9.7,1008.1,45.0,41.0,31.0,39.0,41.57142857142857,71.0,6,4,0.9798567700958665,-0.1997015525660636
"Ballygunge, Kolkata - WBPCB",2025-04-14,71.0,35.15,71.01,19.35,7.6,0.75,54.55,23.62,mean_of_source_observations,28.6,75,18.8,1008.8,71.0,45.0,41.0,52.333333333333336,42.142857142857146,72.0,0,4,0.9762766110869321,-0.21652708524481437
"Ballygunge, Kolkata - WBPCB",2025-04-15,72.0,37.36,72.1,17.4,5.98,0.84,66.17,22.93,mean_of_source_observations,28.2,69,9.4,1009.5,71.0,71.0,45.0,62.333333333333336,46.285714285714285,70.0,1,4,0.9724075561219968,-0.23328854407545518
"Ballygunge, Kolkata - WBPCB",2025-04-16,70.0,32.94,70.46,14.97,6.08,0.84,39.32,22.99,mean_of_source_observations,29.1,71,14.6,1008.6,72.0,71.0,71.0,71.33333333333333,52.0,56.0,2,4,0.9682507501166718,-0.2499809690726521
"Ballygunge, Kolkata - WBPCB",2025-04-17,56.0,25.62,55.66,15.45,4.06,0.68,35.08,23.55,mean_of_source_observations,27.1,80,17.0,1007.2,70.0,72.0,71.0,71.0,57.285714285714285,44.0,3,4,0.9638074231367307,-0.26659942067929354
"Ballygunge, Kolkata - WBPCB",2025-04-18,44.0,18.51,41.31,18.74,2.38,0.78,44.08,24.76,mean_of_source_observations,26.9,81,13.0,1006.4,56.0,70.0,72.0,66.0,60.857142857142854,64.0,4,4,0.9590788900341131,-0.28313898122818354
"Ballygunge, Kolkata - WBPCB",2025-04-19,64.0,31.9,64.48,20.31,4.08,0.98,21.57,26.33,mean_of_source_observations,27.7,81,8.2,1005.4,44.0,56.0,70.0,56.666666666666664,61.285714285714285,62.0,5,4,0.9540665500578387,-0.2995947563972602
"Ballygunge, Kolkata - WBPCB",2025-04-20,62.0,29.94,61.59,16.09,2.58,0.85,20.83,25.87,mean_of_source_observations,30.0,80,12.8,1005.5,64.0,44.0,56.0,54.666666666666664,64.0,61.0,6,4,0.9487718864399473,-0.31596187665790293
"Ballygunge, Kolkata - WBPCB",2025-04-21,61.0,28.53,61.18,14.71,3.47,0.74,20.99,23.74,mean_of_source_observations,31.0,80,17.3,1006.8,62.0,64.0,44.0,56.666666666666664,62.714285714285715,69.0,0,4,0.9431964659565866,-0.33223549871590435
"Ballygunge, Kolkata - WBPCB",2025-04-22,69.0,36.19,68.52,14.39,3.05,0.78,21.29,23.43,mean_of_source_observations,31.2,77,17.3,1006.8,61.0,62.0,64.0,62.333333333333336,61.285714285714285,82.0,1,4,0.9373419384643772,-0.3484108069446808
"Ballygunge, Kolkata - WBPCB",2025-04-23,82.0,35.78,82.35,15.21,3.43,0.88,20.64,23.24,mean_of_source_observations,32.7,69,16.2,1004.2,69.0,61.0,62.0,64.0,60.857142857142854,71.0,2,4,0.9312100364121947,-0.3644830148102912
"Ballygunge, Kolkata - WBPCB",2025-04-24,71.0,30.22,71.15,13.23,3.57,0.78,21.13,22.82,mean_of_source_observations,32.2,73,19.8,1004.2,82.0,69.0,61.0,70.66666666666667,62.57142857142857,58.0,3,4,0.9248025743285089,-0.38044736628785164
"Ballygunge, Kolkata - WBPCB",2025-04-25,58.0,22.13,57.93,16.71,3.22,0.81,20.57,24.2,mean_of_source_observations,32.3,73,20.0,1004.9,71.0,82.0,69.0,74.0,64.71428571428571,46.0,4,4,0.9181214482844365,-0.39629913726891813
"Ballygunge, Kolkata - WBPCB",2025-04-26,46.0,13.25,45.71,12.42,3.89,0.76,20.69,22.7,mean_of_source_observations,31.4,72,19.6,1005.7,58.0,71.0,82.0,70.33333333333333,66.71428571428571,60.0,5,4,0.9111686353326631,-0.41203363695942635
"Ballygunge, Kolkata - WBPCB",2025-04-27,60.0,33.85,59.91,21.34,7.53,1.05,20.25,24.79,mean_of_source_observations,32.1,62,13.7,1007.2,46.0,58.0,71.0,58.333333333333336,64.14285714285714,83.0,6,4,0.9039461929224011,-0.42764620926777464
"Ballygunge, Kolkata - WBPCB",2025-07-03,38.0,22.69,36.69,19.69,4.92,0.6,26.07,28.29,mean_of_source_observations,28.0,89,11.5,999.1,46.0,46.0,45.0,45.666666666666664,36.714285714285715,39.0,3,7,-0.023651127245231586,-0.9997202729664083
"Ballygunge, Kolkata - WBPCB",2025-07-04,39.0,23.16,37.63,27.3,4.84,0.64,25.35,33.55,mean_of_source_observations,27.6,90,13.0,999.3,38.0,46.0,46.0,43.333333333333336,39.0,37.0,4,7,-0.04084439154329611,-0.9991655196610109
"Ballygunge, Kolkata - WBPCB",2025-07-05,37.0,22.29,35.85,22.48,5.84,0.66,25.66,31.0,mean_of_source_observations,27.7,89,10.0,997.9,39.0,38.0,46.0,41.0,40.42857142857143,44.0,5,7,-0.05802556932878035,-0.9983150972033183
"Ballygunge, Kolkata - WBPCB",2025-07-06,44.0,18.83,28.74,20.63,5.89,0.87,25.65,30.47,mean_of_source_observations,27.1,89,8.9,996.5,37.0,39.0,38.0,38.0,41.714285714285715,55.0,6,7,-0.07518957641475855,-0.9971692572470178
"Ballygunge, Kolkata - WBPCB",2025-07-07,55.0,14.84,20.56,24.21,4.83,1.09,24.49,34.11,mean_of_source_observations,26.6,93,12.7,996.3,44.0,37.0,39.0,40.0,42.142857142857146,64.0,0,7,-0.09233133369539122,-0.9957283388645872
"Ballygunge, Kolkata - WBPCB",2025-07-08,64.0,14.74,21.3,24.86,4.66,1.28,29.54,35.1,mean_of_source_observations,26.0,94,11.4,996.6,55.0,44.0,37.0,45.333333333333336,43.57142857142857,71.0,1,7,-0.10944576864891556,-0.993992768446958
"Ballygunge, Kolkata - WBPCB",2025-07-09,71.0,18.42,27.92,28.91,4.72,1.42,40.35,33.76,mean_of_source_observations,27.0,88,16.8,998.5,64.0,55.0,44.0,54.333333333333336,46.142857142857146,36.0,2,7,-0.12652781683868314,-0.9919630595773397
"Ballygunge, Kolkata - WBPCB",2025-07-10,36.0,19.46,31.5,29.15,4.79,0.24,34.03,44.23,mean_of_source_observations,27.8,87,13.9,999.9,71.0,64.0,55.0,63.333333333333336,49.714285714285715,39.0,3,7,-0.1435724234118113,-0.9896398128792412
"Ballygunge, Kolkata - WBPCB",2025-07-11,39.0,23.55,38.44,28.97,4.39,0.42,33.84,54.69,mean_of_source_observations,28.4,86,9.7,999.9,36.0,71.0,64.0,57.0,49.42857142857143,44.0,4,7,-0.16057454459499376,-0.9870237158387383
"Ballygunge, Kolkata - WBPCB",2025-07-12,44.0,26.38,44.29,27.58,5.38,0.45,27.7,57.64,mean_of_source_observations,28.8,88,13.1,1000.2,39.0,36.0,71.0,48.666666666666664,49.42857142857143,45.0,5,7,-0.17752914918703497,-0.984115542601034
"Ballygunge, Kolkata - WBPCB",2025-07-13,45.0,26.66,44.86,24.79,4.27,0.58,28.54,56.84,mean_of_source_observations,28.5,88,11.5,1000.4,44.0,39.0,36.0,39.666666666666664,50.42857142857143,35.0,6,7,-0.19443122004766195,-0.9809161537413774
"Ballygunge, Kolkata - WBPCB",2025-07-14,35.0,19.29,29.69,27.72,5.2,0.62,24.65,55.47,mean_of_source_observations,26.3,94,22.9,998.9,45.0,44.0,39.0,42.666666666666664,50.57142857142857,35.0,0,7,-0.2112757555821793,-0.9774264960104055
"Ballygunge, Kolkata - WBPCB",2025-07-15,35.0,21.17,33.56,25.17,4.84,0.62,31.56,50.69,mean_of_source_observations,27.6,89,13.9,1000.0,35.0,45.0,44.0,41.333333333333336,47.714285714285715,35.0,1,7,-0.2280577712215198,-0.9736476020539838
"Ballygunge, Kolkata - WBPCB",2025-07-16,35.0,21.19,33.6,25.59,4.16,0.59,22.25,38.81,mean_of_source_observations,28.4,87,14.2,1002.5,35.0,35.0,45.0,38.333333333333336,43.57142857142857,37.0,2,7,-0.24477230089725957,-0.9695805901076308
"Ballygunge, Kolkata - WBPCB",2025-07-17,37.0,22.28,35.84,27.11,3.94,0.59,21.98,35.06,mean_of_source_observations,29.4,82,13.9,1003.9,35.0,35.0,35.0,35.0,38.42857142857143,47.0,3,7,-0.2614143985111562,-0.965226663665613
"Ballygunge, Kolkata - WBPCB",2025-07-18,47.0,20.57,32.31,37.65,4.26,0.63,21.11,30.35,mean_of_source_observations,29.0,86,8.7,1003.0,37.0,35.0,35.0,35.666666666666664,38.57142857142857,47.0,4,7,-0.2779791393987801,-0.9605871111248129
"Ballygunge, Kolkata - WBPCB",2025-07-19,47.0,22.05,35.38,37.69,4.04,0.86,20.07,30.29,mean_of_source_observations,29.9,81,11.6,999.5,47.0,37.0,35.0,39.666666666666664,39.714285714285715,47.0,5,7,-0.2944616217868012,-0.9556633054034704
"Ballygunge, Kolkata - WBPCB",2025-07-20,47.0,18.6,29.4,37.79,4.0,0.84,20.94,30.35,mean_of_source_observations,29.7,83,8.8,999.4,47.0,47.0,37.0,43.666666666666664,40.142857142857146,47.0,6,7,-0.3108569682435036,-0.9504567035349151
"Ballygunge, Kolkata - WBPCB",2025-07-21,47.0,19.64,32.0,37.86,4.37,0.86,21.68,30.35,mean_of_source_observations,29.1,84,9.8,1000.4,47.0,47.0,47.0,47.0,40.42857142857143,47.0,0,7,-0.3271603271220951,-0.9449688462364056
"Ballygunge, Kolkata - WBPCB",2025-07-22,47.0,15.45,21.79,37.81,4.6,0.85,20.17,30.27,mean_of_source_observations,29.8,81,11.1,998.9,47.0,47.0,47.0,47.0,42.142857142857146,47.0,1,7,-0.34336687399638804,-0.939201357453208
"Ballygunge, Kolkata - WBPCB",2025-07-23,47.0,18.15,27.34,37.82,4.93,0.93,20.72,30.23,mean_of_source_observations,30.7,76,11.3,995.6,47.0,47.0,47.0,47.0,43.857142857142854,59.0,2,7,-0.3594718130884232,-0.9331559438780432
"Ballygunge, Kolkata - WBPCB",2025-07-24,59.0,21.51,34.28,37.83,3.7,1.18,20.27,30.28,mean_of_source_observations,29.9,83,10.8,993.2,47.0,47.0,47.0,47.0,45.57142857142857,59.0,3,7,-0.3754703786876202,-0.9268343944460494
"Ballygunge, Kolkata - WBPCB",2025-07-25,59.0,14.03,18.87,37.71,4.12,1.19,19.71,30.35,mean_of_source_observations,27.7,90,19.9,991.0,59.0,47.0,47.0,51.0,48.714285714285715,61.0,4,7,-0.3913578365610259,-0.9202385798054075
"Ballygunge, Kolkata - WBPCB",2025-07-26,61.0,12.98,16.72,37.62,3.79,1.22,19.78,30.19,mean_of_source_observations,28.3,86,19.5,996.7,59.0,59.0,47.0,55.0,50.42857142857143,61.0,5,7,-0.4071294853542516,-0.9133704517637858
"Ballygunge, Kolkata - WBPCB",2025-07-27,61.0,14.77,20.39,37.77,4.73,1.23,19.39,30.33,mean_of_source_observations,29.3,84,10.4,997.8,61.0,59.0,59.0,59.666666666666664,52.42857142857143,66.0,6,7,-0.4227806579826773,-0.9062320427107697
"Ballygunge, Kolkata - WBPCB",2025-07-28,66.0,17.07,26.54,37.93,3.36,1.32,23.5,30.21,mean_of_source_observations,28.3,88,9.6,998.3,61.0,61.0,59.0,60.333333333333336,54.42857142857143,48.0,0,7,-0.4383067230125192,-0.898825465016444
"Ballygunge, Kolkata - WBPCB",2025-07-29,48.0,23.88,39.14,38.05,3.86,0.5,22.95,30.31,mean_of_source_observations,27.4,92,11.9,998.9,66.0,61.0,61.0,62.666666666666664,57.142857142857146,47.0,1,7,-0.45370308603134424,-0.8911529104063088
"Ballygunge, Kolkata - WBPCB",2025-07-30,47.0,15.75,22.39,37.81,3.44,0.46,22.16,30.27,mean_of_source_observations,27.1,91,13.4,999.4,48.0,66.0,61.0,58.333333333333336,57.285714285714285,47.0,2,7,-0.46896519100763184,-0.8832166493127127
"Ballygunge, Kolkata - WBPCB",2025-07-31,47.0,22.08,35.43,37.97,4.04,0.46,21.47,30.25,mean_of_source_observations,27.4,92,10.8,1000.0,47.0,48.0,66.0,53.666666666666664,57.285714285714285,47.0,3,7,-0.48408852163897587,-0.8750190302029955
"Ballygunge, Kolkata - WBPCB",2025-08-01,47.0,27.13,45.83,37.87,3.53,0.46,22.12,30.24,mean_of_source_observations,28.6,88,11.1,1000.3,47.0,47.0,48.0,47.333333333333336,55.57142857142857,61.0,4,8,-0.4990686026885319,-0.8665624788845385
"Ballygunge, Kolkata - WBPCB",2025-08-02,61.0,34.4,60.78,37.7,3.61,0.39,23.46,30.36,mean_of_source_observations,28.9,88,11.8,1001.4,47.0,47.0,47.0,47.0,53.857142857142854,60.0,5,8,-0.5139010013093103,-0.8578494977869301
"Ballygunge, Kolkata - WBPCB",2025-08-03,60.0,34.12,60.22,37.76,3.46,0.28,22.62,30.18,mean_of_source_observations,29.0,87,17.8,1004.1,61.0,47.0,47.0,51.666666666666664,53.857142857142854,52.0,6,8,-0.5285813283559292,-0.8488826652214553
"Ballygunge, Kolkata - WBPCB",2025-08-04,52.0,29.96,51.63,37.95,3.88,0.32,22.38,30.31,mean_of_source_observations,29.0,86,12.6,1005.3,60.0,61.0,47.0,56.0,53.714285714285715,51.0,0,8,-0.5431052396834317,-0.8396646346181327
"Ballygunge, Kolkata - WBPCB",2025-08-05,51.0,29.79,51.29,37.8,4.0,0.4,21.93,30.29,mean_of_source_observations,28.4,89,15.4,1005.5,52.0,60.0,61.0,57.666666666666664,51.714285714285715,47.0,1,8,-0.5574684374327892,-0.8301981337405212
"Ballygunge, Kolkata - WBPCB",2025-08-06,47.0,24.36,40.14,37.72,4.03,0.44,20.49,30.17,mean_of_source_observations,27.5,89,9.0,1004.3,51.0,52.0,60.0,54.333333333333336,52.142857142857146,55.0,2,8,-0.5716666713027052,-0.8204859638785327
"Ballygunge, Kolkata - WBPCB",2025-08-07,55.0,31.52,54.86,37.74,4.19,0.51,18.39,30.24,mean_of_source_observations,27.3,91,11.0,1003.4,47.0,51.0,52.0,50.0,52.142857142857146,47.0,3,8,-0.5856957398073508,-0.8105309990194823
"Ballygunge, Kolkata - WBPCB",2025-08-08,47.0,22.31,35.9,37.71,5.09,0.34,17.34,30.17,mean_of_source_observations,27.3,87,11.9,1005.8,55.0,47.0,51.0,51.0,53.285714285714285,48.0,4,8,-0.5995514915196489,-0.8003361849976323
"Ballygunge, Kolkata - WBPCB",2025-08-09,48.0,16.18,23.3,38.06,3.8,0.34,19.1,30.24,mean_of_source_observations,27.9,84,15.3,1007.4,47.0,55.0,47.0,49.666666666666664,53.285714285714285,47.0,5,8,-0.6132298262997502,-0.7899045386224707
"Ballygunge, Kolkata - WBPCB",2025-08-10,47.0,15.63,22.16,37.57,4.17,0.35,18.98,30.17,mean_of_source_observations,29.6,79,14.4,1005.4,48.0,47.0,55.0,50.0,51.42857142857143,47.0,6,8,-0.6267266965083301,-0.7792391467859886
"Ballygunge, Kolkata - WBPCB",2025-08-11,47.0,16.74,24.45,37.58,3.89,0.4,19.08,30.21,mean_of_source_observations,29.2,85,9.3,1003.8,47.0,48.0,47.0,47.333333333333336,49.57142857142857,47.0,0,8,-0.6400381082043503,-0.7683431655492202
"Ballygunge, Kolkata - WBPCB",2025-08-12,47.0,23.21,37.78,37.73,3.55,0.45,19.21,30.31,mean_of_source_observations,29.7,83,9.5,1001.9,47.0,47.0,48.0,47.333333333333336,48.857142857142854,47.0,1,8,-0.65316012232693,-0.7572198192083127
"Ballygunge, Kolkata - WBPCB",2025-08-13,47.0,14.59,20.01,37.83,4.35,0.44,20.41,30.28,mean_of_source_observations,28.2,87,9.5,1003.4,47.0,47.0,47.0,47.0,48.285714285714285,47.0,2,8,-0.666088855860977,-0.7458723993404063
"Ballygunge, Kolkata - WBPCB",2025-08-14,47.0,18.91,28.92,37.75,3.66,0.38,24.25,30.29,mean_of_source_observations,27.8,87,14.3,1003.9,47.0,47.0,47.0,47.0,48.285714285714285,47.0,3,8,-0.6788204829862355,-0.734304263829602
"Ballygunge, Kolkata - WBPCB",2025-08-15,47.0,15.22,23.53,37.69,3.9,0.34,21.38,30.21,mean_of_source_observations,28.1,86,12.2,1002.1,47.0,47.0,47.0,47.0,47.142857142857146,47.0,4,8,-0.6913512362094071,-0.722518835873311
"Ballygunge, Kolkata - WBPCB",2025-08-16,47.0,13.25,21.39,37.89,3.97,0.34,20.79,30.27,mean_of_source_observations,28.8,84,9.5,1001.0,47.0,47.0,47.0,47.0,47.142857142857146,47.0,5,8,-0.7036774074790128,-0.7105196029692745
"Ballygunge, Kolkata - WBPCB",2025-08-17,47.0,12.99,20.84,37.97,3.94,0.34,20.14,30.24,mean_of_source_observations,28.8,83,13.7,1001.9,47.0,47.0,47.0,47.0,47.0,47.0,6,8,-0.7157953492826642,-0.6983101158835584
"Ballygunge, Kolkata - WBPCB",2025-08-18,47.0,11.37,17.51,37.84,3.63,0.34,20.0,30.22,mean_of_source_observations,28.2,84,17.8,1003.0,47.0,47.0,47.0,47.0,47.0,47.0,0,8,-0.7277014757264236,-0.6858939875998223
"Ballygunge, Kolkata - WBPCB",2025-08-19,47.0,11.64,18.05,37.6,4.17,0.27,20.03,30.41,mean_of_source_observations,27.7,86,19.1,1002.4,47.0,47.0,47.0,47.0,47.0,47.0,1,8,-0.7393922635959241,-0.673274892250183
"Ballygunge, Kolkata - WBPCB",2025-08-20,47.0,12.39,19.69,37.87,3.15,0.28,22.49,30.23,mean_of_source_observations,27.8,86,17.1,1003.0,47.0,47.0,47.0,47.0,47.0,47.0,2,8,-0.7508642533989489,-0.6604565640279754
"Ballygunge, Kolkata - WBPCB",2025-08-21,47.0,17.18,29.46,37.93,3.77,0.38,19.59,30.32,mean_of_source_observations,26.7,93,13.3,1003.5,47.0,47.0,47.0,47.0,47.0,47.0,3,8,-0.7621140503891487,-0.6474427960827475
"Ballygunge, Kolkata - WBPCB",2025-08-22,47.0,19.71,34.68,37.73,3.63,0.38,19.48,30.22,mean_of_source_observations,26.5,92,13.3,1000.8,47.0,47.0,47.0,47.0,47.0,47.0,4,8,-0.7731383255706026,-0.6342374393978054
"Ballygunge, Kolkata - WBPCB",2025-08-23,47.0,15.61,26.26,37.78,3.24,0.4,18.23,30.28,mean_of_source_observations,26.5,90,13.9,1000.1,47.0,47.0,47.0,47.0,47.0,47.0,5,8,-0.7839338166829201,-0.620844401650647
"Ballygunge, Kolkata - WBPCB",2025-08-24,47.0,19.88,35.01,37.83,3.84,0.4,18.42,30.2,mean_of_source_observations,27.4,86,17.8,1002.7,47.0,47.0,47.0,47.0,47.0,48.0,6,8,-0.7944973291665992,-0.6072676460566135
"Ballygunge, Kolkata - WBPCB",2025-08-25,48.0,24.31,44.12,38.01,3.7,0.41,18.3,30.19,mean_of_source_observations,28.0,86,9.2,1003.1,47.0,47.0,47.0,47.0,47.0,47.0,0,8,-0.8048257371083452,-0.593511190196115
"Ballygunge, Kolkata - WBPCB",2025-08-26,47.0,20.72,36.76,37.69,3.55,0.41,18.03,30.2,mean_of_source_observations,28.7,83,10.3,1003.4,48.0,47.0,47.0,47.333333333333336,47.142857142857146,48.0,1,8,-0.8149159841660791,-0.5795791048257612
"Ballygunge, Kolkata - WBPCB",2025-08-27,48.0,18.85,32.9,38.01,3.73,0.27,17.73,30.21,mean_of_source_observations,28.2,84,15.2,1002.7,47.0,48.0,47.0,47.333333333333336,47.142857142857146,47.0,2,8,-0.8247650844733614,-0.5654755126737576
"Ballygunge, Kolkata - WBPCB",2025-08-28,47.0,17.46,30.03,37.88,3.45,0.25,17.9,30.29,mean_of_source_observations,27.8,86,17.4,1003.5,48.0,47.0,48.0,47.666666666666664,47.285714285714285,47.0,3,8,-0.8343701235229537,-0.5512045872199277
"Ballygunge, Kolkata - WBPCB",2025-08-29,47.0,17.43,29.97,37.77,3.17,0.32,18.29,30.25,mean_of_source_observations,27.3,89,13.6,1005.3,47.0,48.0,47.0,47.333333333333336,47.285714285714285,47.0,4,8,-0.8437282590292712,-0.5367705514607103
"Ballygunge, Kolkata - WBPCB",2025-08-30,47.0,18.91,33.01,37.69,3.25,0.36,18.08,30.37,mean_of_source_observations,27.4,90,10.8,1006.2,47.0,47.0,48.0,47.333333333333336,47.285714285714285,47.0,5,8,-0.8528367217694595,-0.522177676659508
"Ballygunge, Kolkata - WBPCB",2025-08-31,47.0,20.8,36.91,37.92,3.8,0.45,17.37,30.25,mean_of_source_observations,28.9,86,6.9,1003.9,47.0,47.0,47.0,47.0,47.285714285714285,68.0,6,8,-0.8616928164028521,-0.5074302810827518
"Ballygunge, Kolkata - WBPCB",2025-09-01,68.0,35.85,67.89,37.93,3.31,0.7,17.44,30.27,mean_of_source_observations,29.6,82,12.2,1000.5,47.0,47.0,47.0,47.0,47.285714285714285,47.0,0,9,-0.8702939222685674,-0.49253272872205434
"Ballygunge, Kolkata - WBPCB",2025-09-02,47.0,19.69,34.65,37.7,3.56,0.7,17.29,30.22,mean_of_source_observations,27.5,87,16.1,1000.9,68.0,47.0,47.0,54.0,50.142857142857146,47.0,1,9,-0.8786374941610001,-0.4774894280028391
"Ballygunge, Kolkata - WBPCB",2025-09-03,47.0,15.19,25.38,37.84,3.67,0.3,18.18,30.25,mean_of_source_observations,27.0,88,21.9,1002.1,47.0,68.0,47.0,54.0,50.142857142857146,47.0,2,9,-0.886721063082993,-0.46230483047981086
"Ballygunge, Kolkata - WBPCB",2025-09-04,47.0,15.98,26.99,37.66,3.53,0.31,17.41,30.26,mean_of_source_observations,27.5,88,15.2,1004.0,47.0,47.0,68.0,54.0,50.0,47.0,3,9,-0.8945422369764496,-0.4469834295196741
"Ballygunge, Kolkata - WBPCB",2025-09-05,47.0,21.01,37.33,37.85,4.53,0.31,19.03,30.27,mean_of_source_observations,28.2,86,11.2,1005.4,47.0,47.0,47.0,47.0,50.0,47.0,4,9,-0.9020987014301837,-0.43152975897147144
"Ballygunge, Kolkata - WBPCB",2025-09-06,47.0,25.67,46.95,37.98,10.84,0.37,22.58,30.13,mean_of_source_observations,28.9,84,8.5,1006.4,47.0,47.0,47.0,47.0,50.0,47.0,5,9,-0.9093882203647925,-0.4159483918249421
"Ballygunge, Kolkata - WBPCB",2025-09-07,47.0,21.4,38.13,37.76,5.66,0.26,24.65,30.37,mean_of_source_observations,29.1,80,10.8,1005.6,47.0,47.0,47.0,47.0,50.0,47.0,6,9,-0.9164086366943458,-0.4002439388573056
"Ballygunge, Kolkata - WBPCB",2025-09-08,47.0,21.6,38.55,37.73,5.48,0.29,23.53,30.32,mean_of_source_observations,29.2,80,7.7,1005.4,47.0,47.0,47.0,47.0,50.0,47.0,0,9,-0.9231578729647039,-0.38442104726885545
"Ballygunge, Kolkata - WBPCB",2025-09-09,47.0,22.13,39.66,37.63,4.21,0.33,27.57,30.17,mean_of_source_observations,29.7,78,11.0,1006.0,47.0,47.0,47.0,47.0,47.0,48.0,1,9,-0.9296339319682695,-0.3684843993077793
"Ballygunge, Kolkata - WBPCB",2025-09-10,48.0,19.91,35.09,38.05,4.5,0.25,29.14,30.19,mean_of_source_observations,30.4,76,11.2,1005.2,47.0,47.0,47.0,47.0,47.0,47.0,2,9,-0.9358348973349941,-0.35243871088460327
"Ballygunge, Kolkata - WBPCB",2025-09-11,47.0,18.1,31.35,37.8,3.43,0.26,27.4,30.18,mean_of_source_observations,29.5,81,16.2,1005.1,48.0,47.0,47.0,47.333333333333336,47.142857142857146,47.0,3,9,-0.9417589340994617,-0.33628873017668287
"Ballygunge, Kolkata - WBPCB",2025-09-12,47.0,15.55,26.11,37.61,4.37,0.32,25.87,30.36,mean_of_source_observations,28.3,86,15.3,1006.3,47.0,48.0,47.0,47.333333333333336,47.142857142857146,48.0,4,9,-0.9474042892438845,-0.32003923622313857
"Ballygunge, Kolkata - WBPCB",2025-09-13,48.0,12.76,20.36,38.0,5.01,0.3,25.17,30.31,mean_of_source_observations,28.0,86,13.9,1007.2,47.0,47.0,48.0,47.333333333333336,47.142857142857146,47.0,5,9,-0.9527692922168511,-0.30369503751065885
"Ballygunge, Kolkata - WBPCB",2025-09-14,47.0,12.41,19.66,37.86,4.39,0.31,25.98,30.22,mean_of_source_observations,27.8,88,14.1,1007.3,48.0,47.0,47.0,47.333333333333336,47.285714285714285,47.0,6,9,-0.9578523554276669,-0.28726097055059635
"Ballygunge, Kolkata - WBPCB",2025-09-15,47.0,10.88,16.5,37.81,4.02,0.31,27.45,30.28,mean_of_source_observations,26.3,92,11.0,1006.5,47.0,48.0,47.0,47.333333333333336,47.285714285714285,47.0,0,9,-0.9626519747161487,-0.2707418984477642
"Ballygunge, Kolkata - WBPCB",2025-09-16,47.0,12.09,19.0,37.81,3.11,0.25,27.21,30.23,mean_of_source_observations,26.9,89,14.0,1006.7,47.0,47.0,48.0,47.333333333333336,47.285714285714285,47.0,1,9,-0.9671667297977312,-0.2541427094613622
"Ballygunge, Kolkata - WBPCB",2025-09-17,47.0,15.96,26.94,37.7,4.88,0.28,26.56,30.24,mean_of_source_observations,27.6,87,13.6,1006.8,47.0,47.0,47.0,47.0,47.285714285714285,47.0,2,9,-0.97139528468375,-0.23746831555846842
"Ballygunge, Kolkata - WBPCB",2025-09-18,47.0,17.88,30.9,37.94,4.66,0.22,28.74,30.3,mean_of_source_observations,28.8,84,10.4,1006.1,47.0,47.0,47.0,47.0,47.142857142857146,47.0,3,9,-0.9753363880767837,-0.2207236509605022
"Ballygunge, Kolkata - WBPCB",2025-09-19,47.0,24.38,44.29,37.66,3.44,0.59,28.35,30.34,mean_of_source_observations,28.5,89,7.8,1006.0,47.0,47.0,47.0,47.0,47.142857142857146,49.0,4,9,-0.9789888737409319,-0.20391367068311472
"Ballygunge, Kolkata - WBPCB",2025-09-20,49.0,26.6,48.84,37.7,4.94,0.59,26.51,30.25,mean_of_source_observations,29.0,88,5.5,1004.5,47.0,47.0,47.0,47.0,47.142857142857146,65.0,5,9,-0.9823516608469237,-0.18704334906991657
"Ballygunge, Kolkata - WBPCB",2025-09-21,65.0,34.67,65.46,37.79,6.06,0.55,34.58,30.2,mean_of_source_observations,28.9,87,8.3,1003.3,49.0,47.0,47.0,47.666666666666664,47.285714285714285,54.0,6,9,-0.9854237542919524,-0.17011767832049052
"Ballygunge, Kolkata - WBPCB",2025-10-02,47.0,10.36,15.43,37.86,3.14,0.22,19.48,30.26,mean_of_source_observations,26.4,92,15.2,1006.4,47.0,51.0,47.0,48.333333333333336,47.57142857142857,47.0,3,10,-0.999832969770105,0.018276557681691223
"Ballygunge, Kolkata - WBPCB",2025-10-03,47.0,12.44,19.74,37.8,3.14,0.28,19.53,30.28,mean_of_source_observations,27.4,88,17.1,1008.3,47.0,47.0,51.0,48.333333333333336,47.57142857142857,47.0,4,10,-0.9993706508539969,0.03547255575312556
"Ballygunge, Kolkata - WBPCB",2025-10-04,47.0,18.01,31.18,37.83,4.02,0.28,31.58,30.33,mean_of_source_observations,28.0,86,18.4,1008.2,47.0,47.0,47.0,47.0,47.57142857142857,47.0,5,10,-0.9986126020839734,0.052658056924614005
"Ballygunge, Kolkata - WBPCB",2025-10-05,47.0,13.98,22.88,37.78,4.49,0.64,29.2,30.3,mean_of_source_observations,26.8,90,15.4,1008.2,47.0,47.0,47.0,47.0,47.57142857142857,58.0,6,10,-0.9975590477788613,0.06982797572987089
"Ballygunge, Kolkata - WBPCB",2025-10-06,58.0,31.26,58.44,37.92,3.54,0.84,31.84,30.23,mean_of_source_observations,26.8,89,10.5,1008.9,47.0,47.0,47.0,47.0,47.57142857142857,56.0,0,10,-0.9962102997023297,0.0869772313136861
"Ballygunge, Kolkata - WBPCB",2025-10-07,56.0,30.2,56.26,37.61,3.48,0.25,36.07,30.34,mean_of_source_observations,27.8,86,6.1,1008.9,58.0,47.0,47.0,50.666666666666664,49.142857142857146,60.0,1,10,-0.9945667569706337,0.1041007489354256
"Ballygunge, Kolkata - WBPCB",2025-10-08,60.0,32.05,60.06,37.9,3.87,0.65,33.07,30.24,mean_of_source_observations,27.1,88,9.9,1009.3,56.0,58.0,47.0,53.666666666666664,49.857142857142854,65.0,2,10,-0.9926289059345095,0.121193461470736
"Ballygunge, Kolkata - WBPCB",2025-10-09,65.0,34.29,64.65,37.79,3.4,0.7,36.64,30.26,mean_of_source_observations,27.6,87,6.8,1009.7,60.0,56.0,58.0,58.0,51.714285714285715,70.0,3,10,-0.9903973200352558,0.1382503109109819
"Ballygunge, Kolkata - WBPCB",2025-10-10,70.0,36.99,70.23,37.65,4.46,0.68,37.92,30.16,mean_of_source_observations,27.4,86,8.1,1009.0,65.0,60.0,56.0,60.333333333333336,54.285714285714285,72.0,4,10,-0.9878726596350429,0.15526624985999563
"Ballygunge, Kolkata - WBPCB",2025-10-11,72.0,37.61,71.51,38.11,4.3,0.8,35.29,30.27,mean_of_source_observations,27.3,85,10.9,1009.0,70.0,65.0,60.0,65.0,57.57142857142857,89.0,5,10,-0.9850556718215013,0.172236243027682
"Ballygunge, Kolkata - WBPCB",2025-10-12,89.0,46.12,89.03,37.73,5.79,1.1,26.76,30.33,mean_of_source_observations,27.9,78,7.6,1009.6,72.0,70.0,65.0,69.0,61.142857142857146,111.0,6,10,-0.981947190186646,0.18915526872004093
"Ballygunge, Kolkata - WBPCB",2025-10-13,111.0,59.53,116.6,37.93,5.25,1.34,29.03,30.21,mean_of_source_observations,27.8,74,9.7,1010.4,89.0,72.0,70.0,77.0,67.14285714285714,110.0,0,10,-0.9785481345802031,0.20601832032517084
"Ballygunge, Kolkata - WBPCB",2025-10-14,110.0,58.45,114.38,37.74,5.18,0.73,45.41,30.2,mean_of_source_observations,28.0,70,11.4,1009.4,111.0,89.0,72.0,90.66666666666667,74.71428571428571,111.0,1,10,-0.9748595108374125,0.22282040779479959
"Ballygunge, Kolkata - WBPCB",2025-10-15,111.0,59.61,116.75,37.73,8.1,0.94,30.04,30.18,mean_of_source_observations,28.4,64,12.3,1009.1,110.0,111.0,89.0,103.33333333333333,82.42857142857143,133.0,2,10,-0.9708824104813836,0.23955655912092708
"Ballygunge, Kolkata - WBPCB",2025-10-16,133.0,69.79,137.73,37.75,9.53,1.0,35.65,30.27,mean_of_source_observations,28.4,63,9.0,1009.5,111.0,110.0,111.0,110.66666666666667,89.71428571428571,171.0,3,10,-0.9666180104000972,0.2562218218071163
"Ballygunge, Kolkata - WBPCB",2025-10-17,171.0,81.23,161.27,37.88,8.4,1.0,31.5,30.16,mean_of_source_observations,29.3,63,9.5,1010.8,133.0,111.0,110.0,118.0,99.42857142857143,114.0,4,10,-0.9620675724981452,0.27281126433401914
"Ballygunge, Kolkata - WBPCB",2025-10-18,114.0,61.72,121.12,37.69,9.78,0.95,32.51,30.28,mean_of_source_observations,29.5,64,7.1,1010.4,171.0,133.0,111.0,138.33333333333334,113.85714285714286,82.0,5,10,-0.957232443323312,0.28931997761869527
"Ballygunge, Kolkata - WBPCB",2025-10-19,82.0,42.55,81.69,36.64,6.95,0.5,29.77,30.3,mean_of_source_observations,30.4,64,9.0,1009.5,114.0,171.0,133.0,139.33333333333334,119.85714285714286,117.0,6,10,-0.9521140536681102,0.3057430764672831
"Ballygunge, Kolkata - WBPCB",2025-10-20,117.0,63.94,125.74,40.29,6.81,0.79,27.72,31.6,mean_of_source_observations,30.8,60,11.5,1009.8,82.0,114.0,171.0,122.33333333333333,118.85714285714286,200.0,0,10,-0.9467139181463862,0.3220757010206104
"Ballygunge, Kolkata - WBPCB",2025-10-21,200.0,89.94,179.19,41.63,6.03,0.86,29.17,35.45,mean_of_source_observations,30.2,58,10.6,1010.7,117.0,82.0,114.0,104.33333333333333,119.71428571428571,142.0,1,10,-0.9410336347451197,0.3383130181923076
"Ballygunge, Kolkata - WBPCB",2025-10-22,142.0,72.52,143.33,41.63,7.46,0.91,38.7,35.61,mean_of_source_observations,29.9,58,10.5,1011.0,200.0,117.0,82.0,133.0,132.57142857142858,107.0,2,10,-0.9350748843515574,0.3544502230989869
"Ballygunge, Kolkata - WBPCB",2025-10-23,107.0,56.21,109.79,38.24,7.76,0.95,32.05,35.62,mean_of_source_observations,30.2,56,8.3,1010.5,142.0,200.0,117.0,153.0,137.0,119.0,3,10,-0.9288394302558068,0.3704825404820963
"Ballygunge, Kolkata - WBPCB",2025-10-24,119.0,65.38,128.64,38.14,8.45,0.92,41.18,35.53,mean_of_source_observations,30.3,53,8.6,1010.4,107.0,142.0,200.0,149.66666666666666,133.28571428571428,113.0,4,10,-0.9223291176290545,0.3864052261209853
"Ballygunge, Kolkata - WBPCB",2025-10-25,113.0,60.72,119.06,38.15,7.96,1.04,29.44,35.5,mean_of_source_observations,29.5,68,8.3,1010.5,119.0,107.0,142.0,122.66666666666667,125.85714285714286,87.0,5,10,-0.9155458729775467,0.40221356823680365
"Ballygunge, Kolkata - WBPCB",2025-10-26,87.0,45.03,86.75,38.42,5.69,0.95,28.3,35.35,mean_of_source_observations,29.8,69,4.6,1010.8,113.0,119.0,107.0,113.0,125.71428571428571,101.0,6,10,-0.9084917035725082,0.41790288888678667
"Ballygunge, Kolkata - WBPCB",2025-10-27,101.0,52.27,101.68,37.84,5.22,1.26,28.04,35.52,mean_of_source_observations,30.3,65,7.4,1011.2,87.0,113.0,119.0,106.33333333333333,126.42857142857143,75.0,0,10,-0.9011686968561569,0.4334685453485363
"Ballygunge, Kolkata - WBPCB",2025-10-28,75.0,39.51,75.41,37.89,6.17,0.54,23.73,35.39,mean_of_source_observations,29.9,69,11.4,1010.8,101.0,87.0,113.0,100.33333333333333,124.14285714285714,48.0,1,10,-0.8935790198239952,0.4489059314938798
"Ballygunge, Kolkata - WBPCB",2025-10-29,48.0,16.21,27.47,38.03,4.18,0.22,15.34,35.52,mean_of_source_observations,26.6,89,12.0,1010.5,75.0,101.0,87.0,87.66666666666667,106.28571428571429,48.0,2,10,-0.8857249183835637,0.4642104791518923
"Ballygunge, Kolkata - WBPCB",2025-10-30,48.0,16.24,27.53,38.06,5.87,0.48,19.69,35.48,mean_of_source_observations,26.8,88,10.3,1010.8,48.0,75.0,101.0,74.66666666666667,92.85714285714286,47.0,3,10,-0.8776087166898392,0.4793776594606945
"Ballygunge, Kolkata - WBPCB",2025-10-31,47.0,16.36,27.78,37.93,6.62,0.48,21.38,35.59,mean_of_source_observations,27.9,82,12.3,1009.6,48.0,48.0,75.0,57.0,84.42857142857143,47.0,4,10,-0.8692328164574792,0.49440298420761813
"Ballygunge, Kolkata - WBPCB",2025-11-01,47.0,22.77,40.96,37.89,5.94,0.81,22.59,35.47,mean_of_source_observations,27.3,87,9.9,1008.5,47.0,48.0,48.0,47.666666666666664,74.14285714285714,48.0,5,11,-0.8605996962501181,0.5092820071573356
"Ballygunge, Kolkata - WBPCB",2025-11-02,48.0,19.07,33.34,38.02,7.18,0.81,19.01,35.37,mean_of_source_observations,26.3,81,13.2,1008.9,47.0,47.0,48.0,47.333333333333336,64.71428571428571,88.0,6,11,-0.8517119107469189,0.5240103253675756
"Ballygunge, Kolkata - WBPCB",2025-11-03,88.0,45.7,88.14,37.87,6.85,1.09,38.83,35.49,mean_of_source_observations,25.8,73,11.0,1008.8,48.0,47.0,47.0,47.333333333333336,59.142857142857146,229.0,0,11,-0.8425720899866032,0.5385835804920232
"Ballygunge, Kolkata - WBPCB",2025-11-04,229.0,98.56,196.92,38.07,8.7,1.14,34.15,35.4,mean_of_source_observations,25.2,68,10.8,1008.2,88.0,48.0,47.0,61.0,57.285714285714285,194.0,1,11,-0.8331829385891785,0.5529974600700271
"Ballygunge, Kolkata - WBPCB",2025-11-05,194.0,88.1,175.39,37.8,7.85,0.88,31.19,35.4,mean_of_source_observations,25.4,73,9.5,1007.2,229.0,88.0,48.0,121.66666666666667,79.28571428571429,119.0,2,11,-0.8235472349556007,0.5672476988027229
"Ballygunge, Kolkata - WBPCB",2025-11-06,119.0,65.24,128.35,38.33,7.72,1.26,25.48,35.46,mean_of_source_observations,26.5,74,6.8,1008.8,194.0,229.0,88.0,170.33333333333334,100.14285714285714,121.0,3,11,-0.8136678304455991,0.5813300798152042
"Ballygunge, Kolkata - WBPCB",2025-11-07,121.0,66.37,130.69,38.2,8.64,1.39,33.78,35.5,mean_of_source_observations,27.1,67,12.4,1010.9,119.0,194.0,229.0,180.66666666666666,110.28571428571429,101.0,4,11,-0.8035476485339116,0.5952404359043674
"Ballygunge, Kolkata - WBPCB",2025-11-08,101.0,51.99,101.09,38.28,13.78,0.75,39.46,35.54,mean_of_source_observations,25.6,56,12.3,1012.2,121.0,119.0,194.0,144.66666666666666,120.85714285714286,108.0,5,11,-0.7931896839451843,0.6089746507720486
"Ballygunge, Kolkata - WBPCB",2025-11-09,108.0,57.32,112.07,38.19,12.38,0.86,39.69,35.47,mean_of_source_observations,24.4,57,9.3,1011.3,101.0,121.0,119.0,113.66666666666667,128.57142857142858,129.0,6,11,-0.7825970017677834,0.6225286602431057
"Ballygunge, Kolkata - WBPCB",2025-11-10,129.0,68.76,135.59,38.14,12.45,1.04,41.88,35.48,mean_of_source_observations,25.0,57,9.3,1011.9,108.0,101.0,121.0,110.0,137.14285714285714,138.0,0,11,-0.7717727365467837,0.6358984534680745
"Ballygunge, Kolkata - WBPCB",2025-11-11,138.0,71.27,140.77,38.1,11.29,1.12,39.86,35.52,mean_of_source_observations,24.4,53,8.1,1012.6,129.0,108.0,101.0,112.66666666666667,143.0,187.0,1,11,-0.7607200913564104,0.6490800741100398
"Ballygunge, Kolkata - WBPCB",2025-11-12,187.0,86.23,171.53,37.99,11.96,1.45,54.18,35.61,mean_of_source_observations,23.6,55,8.4,1013.7,138.0,129.0,108.0,125.0,130.0,196.0,2,11,-0.7494423368521953,0.6620696215153815
"Ballygunge, Kolkata - WBPCB",2025-11-13,196.0,88.75,176.73,37.94,10.86,1.75,16.22,35.5,mean_of_source_observations,23.6,58,9.4,1015.0,187.0,138.0,129.0,151.33333333333334,129.0,188.0,3,11,-0.7379428103031386,0.6748632518680403
"Ballygunge, Kolkata - WBPCB",2025-11-14,188.0,86.32,171.71,38.17,12.73,2.03,28.38,35.46,mean_of_source_observations,23.7,56,9.1,1014.9,196.0,187.0,138.0,173.66666666666666,140.0,154.0,4,11,-0.7262249146041543,0.6874571793269664
"Ballygunge, Kolkata - WBPCB",2025-11-15,154.0,76.25,151.03,38.1,9.43,2.31,24.43,35.47,mean_of_source_observations,23.9,60,9.2,1015.8,188.0,196.0,187.0,190.33333333333334,149.57142857142858,146.0,5,11,-0.7142921172691032,0.699847677146407
"Ballygunge, Kolkata - WBPCB",2025-11-16,146.0,73.71,145.78,38.22,10.24,2.02,26.58,35.67,mean_of_source_observations,23.9,57,9.7,1016.7,154.0,188.0,196.0,179.33333333333334,157.14285714285714,119.0,6,11,-0.7021479494046978,0.7120310787787131
"Ballygunge, Kolkata - WBPCB",2025-11-17,119.0,65.19,128.25,37.91,9.38,1.93,22.37,35.53,mean_of_source_observations,24.3,57,9.8,1016.2,146.0,154.0,188.0,162.66666666666666,162.57142857142858,118.0,0,11,-0.6897960046655887,0.7240037789593305
"Ballygunge, Kolkata - WBPCB",2025-11-18,118.0,64.8,127.44,38.14,8.69,2.17,23.11,35.43,mean_of_source_observations,24.6,57,5.5,1014.3,119.0,146.0,154.0,139.66666666666666,161.14285714285714,136.0,1,11,-0.6772399381909491,0.7357622347736527
"Ballygunge, Kolkata - WBPCB",2025-11-19,136.0,70.7,139.59,38.15,7.95,2.77,22.46,35.56,mean_of_source_observations,25.1,57,7.1,1014.5,118.0,119.0,146.0,127.66666666666667,158.28571428571428,147.0,2,11,-0.6644834655228552,0.7473029667054297
"Ballygunge, Kolkata - WBPCB",2025-11-20,147.0,74.16,146.74,38.01,14.45,3.03,25.18,35.54,mean_of_source_observations,25.4,52,10.2,1015.6,136.0,118.0,119.0,124.33333333333333,151.0,219.0,3,11,-0.6515303615068021,0.75862255966641
"Ballygunge, Kolkata - WBPCB",2025-11-21,219.0,95.75,191.15,37.95,12.99,2.49,25.54,35.61,mean_of_source_observations,25.3,56,7.7,1016.6,147.0,136.0,118.0,133.66666666666666,144.0,239.0,4,11,-0.6383844591746642,0.769717664006921
"Ballygunge, Kolkata - WBPCB",2025-11-22,239.0,101.68,203.34,38.03,15.52,2.5,47.77,35.44,mean_of_source_observations,24.5,59,10.0,1015.5,219.0,147.0,136.0,167.33333333333334,148.42857142857142,273.0,5,11,-0.6250496486104377,0.7805849965070866
"Ballygunge, Kolkata - WBPCB",2025-11-23,273.0,111.81,224.18,37.91,12.36,3.55,42.23,35.46,mean_of_source_observations,24.5,60,7.9,1015.8,239.0,219.0,147.0,201.66666666666666,160.57142857142858,146.0,6,11,-0.6115298757991053,0.7912213413483807
"Ballygunge, Kolkata - WBPCB",2025-11-24,146.0,73.69,145.73,38.07,10.43,1.82,55.22,35.57,mean_of_source_observations,23.9,56,13.0,1016.3,273.0,239.0,219.0,243.66666666666666,178.71428571428572,264.0,0,11,-0.5978291414589552,0.801623551065242
"Ballygunge, Kolkata - WBPCB",2025-11-25,264.0,109.23,218.86,38.29,12.92,1.87,30.85,35.67,mean_of_source_observations,22.7,53,9.7,1015.5,146.0,273.0,239.0,219.33333333333334,182.57142857142858,202.0,1,11,-0.5839514998576998,0.8117885474764613
"Ballygunge, Kolkata - WBPCB",2025-11-26,202.0,90.67,180.67,38.18,16.03,,30.14,35.64,mean_of_source_observations,22.4,55,9.2,1016.2,264.0,146.0,273.0,227.66666666666666,203.42857142857142,147.0,2,11,-0.5699010576127624,0.821713322596059
"Ballygunge, Kolkata - WBPCB",2025-11-27,147.0,74.2,146.77,38.15,11.4,1.94,22.92,35.49,mean_of_source_observations,23.5,59,6.9,1016.2,202.0,264.0,146.0,204.0,212.85714285714286,178.0,3,11,-0.5556819724760489,0.8313949395234058
"Ballygunge, Kolkata - WBPCB",2025-11-28,178.0,83.37,165.65,37.73,10.15,3.57,21.1,35.43,mean_of_source_observations,23.7,60,7.7,1015.0,147.0,202.0,264.0,204.33333333333334,212.85714285714286,188.0,4,11,-0.5412984521036173,0.8408305333122887
"Ballygunge, Kolkata - WBPCB",2025-11-29,188.0,86.32,171.73,37.97,13.27,2.55,21.16,35.4,mean_of_source_observations,23.7,59,9.1,1013.7,178.0,147.0,202.0,175.66666666666666,207.0,196.0,5,11,-0.5267547528105542,0.8500173118187018
"Ballygunge, Kolkata - WBPCB",2025-11-30,196.0,88.67,176.54,38.0,15.97,2.15,26.29,35.37,mean_of_source_observations,23.6,57,8.0,1013.7,188.0,178.0,147.0,171.0,199.71428571428572,228.0,6,11,-0.5120551783114646,0.8589525565270845
"Ballygunge, Kolkata - WBPCB",2025-12-01,228.0,98.28,196.34,38.05,12.03,2.83,23.36,35.5,mean_of_source_observations,23.8,60,9.2,1013.8,196.0,188.0,178.0,187.33333333333334,188.71428571428572,237.0,0,12,-0.4972040784469378,0.8676336233547726
"Ballygunge, Kolkata - WBPCB",2025-12-02,237.0,101.01,201.96,37.98,18.94,1.46,27.14,35.49,mean_of_source_observations,23.9,59,6.5,1013.9,228.0,196.0,188.0,204.0,200.42857142857142,213.0,1,12,-0.4822058478963526,0.8760579434344281
"Ballygunge, Kolkata - WBPCB",2025-12-03,213.0,93.91,187.34,37.85,12.6,2.35,29.05,35.55,mean_of_source_observations,23.1,59,9.3,1015.5,237.0,228.0,196.0,220.33333333333334,196.57142857142858,277.0,2,12,-0.46706492487743034,0.8842230238742036
"Ballygunge, Kolkata - WBPCB",2025-12-04,277.0,113.13,226.88,38.14,14.04,2.94,30.03,35.49,mean_of_source_observations,21.9,58,10.3,1016.5,213.0,237.0,228.0,226.0,198.14285714285714,196.0,3,12,-0.451785789832884,0.8921264484954345
"Ballygunge, Kolkata - WBPCB",2025-12-05,196.0,88.89,177.01,38.23,15.29,2.07,28.73,35.46,mean_of_source_observations,21.7,54,10.9,1017.6,277.0,213.0,237.0,242.33333333333334,216.71428571428572,183.0,4,12,-0.4363729641045924,0.8997658785476209
"Ballygunge, Kolkata - WBPCB",2025-12-06,183.0,84.99,169.0,37.96,16.03,1.88,27.93,35.45,mean_of_source_observations,20.5,53,8.9,1017.3,196.0,277.0,213.0,228.66666666666666,219.28571428571428,237.0,5,12,-0.42083100859565564,0.9071390534005044
"Ballygunge, Kolkata - WBPCB",2025-12-07,237.0,100.96,201.9,38.21,17.78,2.26,28.35,35.59,mean_of_source_observations,20.7,59,8.4,1016.9,183.0,196.0,277.0,218.66666666666666,218.57142857142858,271.0,6,12,-0.4051645224207563,0.9142437912130223
"Ballygunge, Kolkata - WBPCB",2025-12-08,271.0,111.25,223.01,37.94,21.27,1.83,27.28,35.55,mean_of_source_observations,21.2,55,8.0,1015.9,237.0,183.0,196.0,205.33333333333334,224.42857142857142,311.0,0,12,-0.3893781415452015,0.9210779895789526
"Ballygunge, Kolkata - WBPCB",2025-12-09,311.0,134.35,270.52,37.8,12.35,3.43,28.24,35.31,mean_of_source_observations,21.5,61,8.5,1015.6,271.0,237.0,183.0,230.33333333333334,230.57142857142858,307.0,1,12,-0.37347653741307074,0.9276396261490467
"Ballygunge, Kolkata - WBPCB",2025-12-10,307.0,128.84,259.17,38.01,11.11,3.79,27.26,35.36,mean_of_source_observations,21.7,63,7.8,1016.3,311.0,271.0,237.0,273.0,241.14285714285714,315.0,2,12,-0.3574644155648614,0.9339267592294762
"Ballygunge, Kolkata - WBPCB",2025-12-11,315.0,140.03,282.25,38.05,13.93,3.25,29.3,35.51,mean_of_source_observations,21.3,58,7.5,1015.2,307.0,311.0,271.0,296.3333333333333,254.57142857142858,311.0,3,12,-0.34134651424503615,0.9399375283564133
"Ballygunge, Kolkata - WBPCB",2025-12-12,311.0,133.82,269.48,38.15,,4.19,23.47,35.48,mean_of_source_observations,21.7,58,7.6,1014.6,315.0,307.0,311.0,311.0,260.0,192.0,4,12,-0.3251276029999093,0.9456701548465688
"Ballygunge, Kolkata - WBPCB",2025-12-13,192.0,87.72,174.62,38.16,13.08,2.77,23.64,35.46,mean_of_source_observations,21.8,61,6.8,1015.2,311.0,315.0,307.0,311.0,276.42857142857144,133.0,5,12,-0.30881248126625377,0.9511229423235357
"Ballygunge, Kolkata - WBPCB",2025-12-14,133.0,69.99,138.13,38.09,9.92,3.25,23.0,35.58,mean_of_source_observations,22.8,60,7.6,1015.8,192.0,311.0,315.0,272.6666666666667,277.7142857142857,113.0,6,12,-0.29240597695107734,0.9562942772197719
"Ballygunge, Kolkata - WBPCB",2025-12-15,113.0,60.75,119.11,38.19,14.47,2.36,25.5,35.51,mean_of_source_observations,22.4,61,8.9,1015.8,133.0,192.0,311.0,212.0,262.85714285714283,134.0,0,12,-0.27591294500296043,0.9611826292540837
"Ballygunge, Kolkata - WBPCB",2025-12-16,134.0,70.18,138.53,38.2,14.58,2.48,25.76,35.43,mean_of_source_observations,21.4,60,7.9,1015.4,113.0,133.0,192.0,146.0,240.28571428571428,175.0,1,12,-0.2593382659754056,0.9657865518844574
"Ballygunge, Kolkata - WBPCB",2025-12-17,175.0,82.47,163.81,38.01,2.62,2.51,25.23,35.55,mean_of_source_observations,21.5,61,10.1,1016.1,134.0,113.0,133.0,126.66666666666667,215.0,148.0,2,12,-0.2426868445825954,0.9701046827361175
"Ballygunge, Kolkata - WBPCB",2025-12-18,148.0,74.35,147.1,37.96,4.14,2.43,20.93,35.65,mean_of_source_observations,22.1,62,7.7,1015.5,175.0,134.0,113.0,140.66666666666666,196.14285714285714,145.0,3,12,-0.22596360824801906,0.974135744004672
"Ballygunge, Kolkata - WBPCB",2025-12-19,145.0,73.5,145.36,49.95,7.99,2.53,20.41,35.09,mean_of_source_observations,22.4,61,8.7,1014.0,148.0,175.0,134.0,152.33333333333334,172.28571428571428,162.0,4,12,-0.20917350564635637,0.9778785428342386
"Ballygunge, Kolkata - WBPCB",2025-12-20,162.0,78.63,155.91,37.88,17.53,1.64,14.33,35.5,mean_of_source_observations,20.7,70,8.5,1014.1,145.0,148.0,175.0,156.0,148.57142857142858,197.0,5,12,-0.19232150523909483,0.9813319716704275
"Ballygunge, Kolkata - WBPCB",2025-12-21,197.0,88.95,177.15,37.92,12.81,1.64,15.79,35.7,mean_of_source_observations,20.6,70,7.7,1015.7,162.0,145.0,148.0,151.66666666666666,144.28571428571428,156.0,6,12,-0.17541259380427843,0.9844950085880858
"Ballygunge, Kolkata - WBPCB",2025-12-22,156.0,76.71,151.97,38.48,9.8,2.02,17.07,35.58,mean_of_source_observations,20.7,69,8.5,1014.9,197.0,162.0,145.0,168.0,153.42857142857142,175.0,0,12,-0.15845177496083632,0.9873667175937016
"Ballygunge, Kolkata - WBPCB",2025-12-23,175.0,82.4,163.68,71.92,9.32,2.48,18.26,40.71,mean_of_source_observations,20.4,65,8.9,1014.0,156.0,197.0,162.0,171.66666666666666,159.57142857142858,190.0,1,12,-0.14144406768794202,0.9899462489023779
"Ballygunge, Kolkata - WBPCB",2025-12-24,190.0,86.99,173.1,57.58,12.31,2.79,24.26,37.82,mean_of_source_observations,19.9,65,9.3,1014.4,175.0,156.0,197.0,176.0,165.42857142857142,182.0,2,12,-0.12439450483979998,0.9922328391893008
"Ballygunge, Kolkata - WBPCB",2025-12-25,182.0,84.65,168.29,45.2,11.41,1.39,22.39,33.04,mean_of_source_observations,18.5,65,12.5,1015.7,190.0,175.0,156.0,173.66666666666666,167.57142857142858,193.0,3,12,-0.10730813165636247,0.9942258118156161
"Ballygunge, Kolkata - WBPCB",2025-12-26,193.0,88.02,175.21,54.34,10.6,1.47,24.0,34.09,mean_of_source_observations,18.0,65,7.9,1015.3,182.0,190.0,175.0,182.33333333333334,172.42857142857142,221.0,4,12,-0.09019000427034513,0.9959245770286599
"Ballygunge, Kolkata - WBPCB",2025-12-27,221.0,96.4,192.45,60.33,12.72,1.94,21.65,37.99,mean_of_source_observations,18.6,69,10.3,1015.3,193.0,182.0,190.0,188.33333333333334,179.28571428571428,168.0,5,12,-0.07304518821104743,0.9973286321364752
"Ballygunge, Kolkata - WBPCB",2025-12-28,168.0,80.47,159.67,42.63,10.34,1.99,18.99,32.14,mean_of_source_observations,18.2,69,9.6,1016.2,221.0,193.0,182.0,198.66666666666666,187.71428571428572,163.0,6,12,-0.05587875690537313,0.9984375616565666
"Ballygunge, Kolkata - WBPCB",2025-12-29,163.0,78.99,156.63,39.3,9.8,0.74,14.01,30.91,mean_of_source_observations,17.3,69,9.1,1016.2,168.0,221.0,193.0,194.0,183.57142857142858,131.0,0,12,-0.03869579017652689,0.9992510374388481
"Ballygunge, Kolkata - WBPCB",2025-12-30,131.0,69.39,136.9,41.63,12.64,2.12,18.17,30.91,mean_of_source_observations,16.3,71,8.7,1015.0,163.0,168.0,221.0,184.0,184.57142857142858,137.0,1,12,-0.021501372740813793,0.999768818762748
"Ballygunge, Kolkata - WBPCB",2025-12-31,137.0,71.06,140.33,35.21,10.73,2.24,22.58,29.84,mean_of_source_observations,16.9,69,8.9,1013.6,131.0,163.0,168.0,154.0,178.28571428571428,265.0,2,12,-0.004300592702981974,0.9999907524084426
"Ballygunge, Kolkata - WBPCB",2026-01-01,265.0,109.58,219.63,38.25,12.16,4.0,25.66,35.56,mean_of_source_observations,18.4,66,8.2,1014.0,137.0,131.0,163.0,143.66666666666666,170.71428571428572,192.0,3,1,0.017201575418260506,0.9998520419557735
"Ballygunge, Kolkata - WBPCB",2026-01-02,192.0,87.65,174.48,37.97,11.65,4.45,22.26,35.52,mean_of_source_observations,19.6,63,9.2,1015.3,265.0,137.0,131.0,177.66666666666666,182.57142857142858,223.0,4,1,0.03439806061360801,0.9994082116062598
"Ballygunge, Kolkata - WBPCB",2026-01-03,223.0,96.81,193.33,38.09,12.39,2.55,22.32,35.65,mean_of_source_observations,19.5,64,9.8,1016.9,192.0,265.0,137.0,198.0,182.42857142857142,283.0,5,1,0.051584366869408364,0.9986686402879997
"Ballygunge, Kolkata - WBPCB",2026-01-04,283.0,114.77,230.27,38.08,9.98,2.53,10.94,35.39,mean_of_source_observations,18.8,69,10.3,1018.2,223.0,192.0,265.0,226.66666666666666,182.71428571428572,195.0,6,1,0.06875540848113941,0.9976335468520451
"Ballygunge, Kolkata - WBPCB",2026-01-05,195.0,88.52,168.77,37.96,9.4,1.37,18.02,35.5,mean_of_source_observations,16.4,69,10.5,1019.2,283.0,223.0,192.0,232.66666666666666,199.14285714285714,241.0,0,1,0.08590610426133272,0.9963032375991965
"Ballygunge, Kolkata - WBPCB",2026-01-07,,,,,,3.53,7.35,,mean_of_source_observations,17.0,67,8.4,1019.5,241.0,195.0,283.0,239.66666666666666,219.42857142857142,283.0,2,1,0.1201261651823505,0.9927586335250793
"Ballygunge, Kolkata - WBPCB",2026-01-15,215.0,94.59,174.96,38.17,15.5,2.05,24.51,35.54,mean_of_source_observations,18.2,57,9.8,1015.0,243.0,180.0,201.0,208.0,223.28571428571428,208.0,3,1,0.2551824131233728,0.9668929289391521
"Ballygunge, Kolkata - WBPCB",2026-01-16,208.0,92.42,170.83,38.09,16.17,1.61,23.07,35.63,mean_of_source_observations,18.4,54,8.6,1014.8,215.0,243.0,180.0,212.66666666666666,213.57142857142858,263.0,4,1,0.2717767384711357,0.9623603298276545
"Ballygunge, Kolkata - WBPCB",2026-01-17,263.0,109.04,202.44,37.91,16.94,1.92,21.32,35.65,mean_of_source_observations,19.2,56,7.7,1013.3,208.0,215.0,243.0,222.0,207.57142857142858,279.0,5,1,0.2882906407095177,0.9575429528116719
"Ballygunge, Kolkata - WBPCB",2026-01-18,279.0,113.56,211.0,37.97,14.89,2.77,24.11,35.69,mean_of_source_observations,20.3,56,8.9,1012.5,263.0,208.0,215.0,228.66666666666666,214.0,295.0,6,1,0.3047192331091634,0.9524422234305676
"Ballygunge, Kolkata - WBPCB",2026-01-19,295.0,118.37,220.17,38.1,16.47,3.77,22.56,35.51,mean_of_source_observations,21.2,55,7.3,1013.3,279.0,263.0,208.0,250.0,227.0,323.0,0,1,0.321057654185271,0.9470596510722283
"Ballygunge, Kolkata - WBPCB",2026-01-20,323.0,149.42,279.21,65.88,20.13,6.28,27.04,54.36,mean_of_source_observations,22.4,53,9.6,1014.2,295.0,279.0,263.0,279.0,240.42857142857142,291.0,1,1,0.3373010691361842,0.9413968285264122
"Ballygunge, Kolkata - WBPCB",2026-01-22,,,,57.97,12.08,1.93,28.35,38.3,mean_of_source_observations,21.9,49,9.7,1016.7,291.0,323.0,295.0,303.0,267.7142857142857,218.0,3,1,0.3694836834473831,0.9292372181882051
"Ballygunge, Kolkata - WBPCB",2026-01-30,161.0,78.35,139.32,47.46,12.11,3.04,21.74,34.33,mean_of_source_observations,22.8,59,8.5,1017.6,254.0,191.0,165.0,203.33333333333334,220.28571428571428,134.0,4,1,0.49346814167723735,0.8697638720650646
"Ballygunge, Kolkata - WBPCB",2026-01-31,134.0,70.13,128.19,41.72,11.4,1.67,24.43,29.97,mean_of_source_observations,22.2,62,11.1,1018.0,161.0,254.0,191.0,202.0,212.14285714285714,149.0,5,1,0.5083564379375122,0.8611467540480452
"Ballygunge, Kolkata - WBPCB",2026-02-01,149.0,74.7,134.4,35.47,17.01,1.5,26.82,28.26,mean_of_source_observations,21.8,55,9.9,1017.8,134.0,161.0,254.0,183.0,188.0,179.0,6,2,0.5230943033491326,0.8522748088519838
"Ballygunge, Kolkata - WBPCB",2026-02-02,179.0,83.73,148.83,44.08,16.46,2.53,28.0,35.96,mean_of_source_observations,21.8,50,8.0,1017.3,149.0,134.0,161.0,148.0,180.57142857142858,209.0,0,2,0.5376773767406141,0.8431506618282
"Ballygunge, Kolkata - WBPCB",2026-02-03,209.0,92.55,160.1,41.58,12.93,3.49,26.22,32.92,mean_of_source_observations,22.4,54,9.8,1017.9,179.0,149.0,134.0,154.0,176.14285714285714,189.0,1,2,0.5521013427459208,0.8337770129585915
"Ballygunge, Kolkata - WBPCB",2026-02-04,189.0,86.62,156.48,46.69,16.29,2.43,23.23,36.41,mean_of_source_observations,23.2,56,8.6,1017.8,209.0,179.0,149.0,179.0,182.42857142857142,156.0,2,2,0.5663619330814524,0.8241566360566663
"Ballygunge, Kolkata - WBPCB",2026-02-05,156.0,76.69,134.6,49.03,9.93,3.93,25.47,44.25,mean_of_source_observations,23.4,51,10.6,1017.6,189.0,209.0,179.0,192.33333333333334,182.14285714285714,164.0,3,2,0.580454927809098,0.8142923779467267
"Ballygunge, Kolkata - WBPCB",2026-02-06,164.0,79.25,127.23,36.71,12.15,2.09,28.75,33.05,mean_of_source_observations,22.1,49,12.2,1017.0,156.0,189.0,209.0,184.66666666666666,168.14285714285714,146.0,4,2,0.5943761565849831,0.804187157621448
"Ballygunge, Kolkata - WBPCB",2026-02-07,146.0,73.83,123.33,36.3,13.93,1.67,29.9,32.13,mean_of_source_observations,21.0,52,10.5,1015.4,164.0,156.0,189.0,169.66666666666666,168.57142857142858,229.0,5,2,0.6081214998935418,0.7938439653781019
"Ballygunge, Kolkata - WBPCB",2026-02-08,229.0,98.66,161.62,42.29,15.66,2.55,28.61,34.58,mean_of_source_observations,21.9,53,9.8,1014.6,146.0,164.0,156.0,155.33333333333334,170.28571428571428,176.0,6,2,0.6216868902665479,0.7832658619336791
"Ballygunge, Kolkata - WBPCB",2026-02-09,176.0,82.86,143.07,45.27,11.79,2.06,29.32,33.72,mean_of_source_observations,22.3,52,11.8,1014.5,229.0,146.0,164.0,179.66666666666666,181.71428571428572,210.0,0,2,0.6350683134867438,0.7724559775191742
"Ballygunge, Kolkata - WBPCB",2026-02-10,210.0,93.14,164.58,48.2,15.36,2.81,28.04,36.06,mean_of_source_observations,22.5,48,9.4,1015.6,176.0,229.0,146.0,183.66666666666666,181.28571428571428,256.0,1,2,0.6482618097757122,0.7614175109532997
"Ballygunge, Kolkata - WBPCB",2026-02-11,256.0,106.69,179.32,53.5,21.36,3.94,30.7,36.96,mean_of_source_observations,23.6,47,9.3,1017.0,210.0,176.0,229.0,205.0,181.42857142857142,188.0,2,2,0.6612634749656386,0.7501537286959042
"Ballygunge, Kolkata - WBPCB",2026-02-12,188.0,86.33,141.82,46.6,15.93,2.63,28.12,33.37,mean_of_source_observations,23.6,47,10.2,1016.0,256.0,210.0,176.0,214.0,191.0,196.0,3,2,0.6740694616546161,0.7386679638813748
"Ballygunge, Kolkata - WBPCB",2026-02-13,196.0,88.76,147.8,58.77,17.54,2.03,28.93,35.73,mean_of_source_observations,23.3,47,12.3,1014.8,188.0,256.0,210.0,218.0,195.57142857142858,208.0,4,2,0.6866759803451553,0.726963615332308
"Ballygunge, Kolkata - WBPCB",2026-02-14,208.0,92.47,157.35,67.41,19.66,2.73,29.28,36.07,mean_of_source_observations,23.8,46,9.9,1013.3,196.0,188.0,256.0,213.33333333333334,200.14285714285714,202.0,5,2,0.6990793005655562,0.7150441465537444
"Ballygunge, Kolkata - WBPCB",2026-02-15,202.0,90.74,149.57,57.82,18.44,1.9,32.98,33.25,mean_of_source_observations,23.9,48,10.7,1013.1,208.0,196.0,188.0,197.33333333333334,209.0,164.0,6,2,0.7112757519738152,0.7029130847082615
"Ballygunge, Kolkata - WBPCB",2026-02-16,164.0,79.31,133.26,50.78,13.17,2.09,30.22,32.64,mean_of_source_observations,23.8,47,11.9,1013.6,202.0,208.0,196.0,202.0,205.14285714285714,190.0,0,2,0.7232617254437388,0.6905740195722294
"Ballygunge, Kolkata - WBPCB",2026-02-17,190.0,86.97,140.41,58.67,12.32,1.7,27.58,33.73,mean_of_source_observations,24.1,48,11.6,1013.3,164.0,202.0,208.0,191.33333333333334,203.42857142857142,182.0,1,2,0.7350336741329412,0.6780306024735382
"Ballygunge, Kolkata - WBPCB",2026-02-18,182.0,84.75,137.65,63.86,10.0,2.28,26.66,36.63,mean_of_source_observations,25.1,44,8.6,1013.3,190.0,164.0,202.0,185.33333333333334,200.57142857142858,241.0,2,2,0.746588114532413,0.6652865452111116
"Ballygunge, Kolkata - WBPCB",2026-02-19,241.0,102.45,162.11,68.39,18.76,3.87,27.87,39.24,mean_of_source_observations,25.9,42,9.8,1014.5,182.0,190.0,164.0,178.66666666666666,190.0,225.0,3,2,0.7579216274973472,0.6523456189565257
"Ballygunge, Kolkata - WBPCB",2026-02-20,225.0,97.49,155.99,62.94,20.38,2.48,29.68,35.22,mean_of_source_observations,26.8,45,9.2,1014.9,241.0,182.0,190.0,204.33333333333334,197.57142857142858,239.0,4,2,0.7690308592589181,0.6392116531380588
"Ballygunge, Kolkata - WBPCB",2026-02-21,239.0,101.55,171.14,63.54,19.92,3.07,28.43,35.9,mean_of_source_observations,26.6,46,8.5,1011.6,225.0,241.0,182.0,216.0,201.71428571428572,217.0,5,2,0.7799125224167177,0.6258885343075018
"Ballygunge, Kolkata - WBPCB",2026-02-22,217.0,95.22,156.5,41.91,22.24,3.19,29.78,33.4,mean_of_source_observations,26.8,43,11.0,1009.4,239.0,225.0,241.0,235.0,206.14285714285714,158.0,6,2,0.7905633969115482,0.612380204990065
"Ballygunge, Kolkata - WBPCB",2026-02-23,158.0,77.39,139.5,35.83,5.61,0.79,26.49,31.5,mean_of_source_observations,26.7,62,7.9,1009.4,217.0,239.0,225.0,227.0,208.28571428571428,76.0,0,2,0.8009803309782905,0.5986906625177214
"Ballygunge, Kolkata - WBPCB",2026-02-24,76.0,45.42,72.93,27.89,,0.69,20.01,31.01,mean_of_source_observations,23.3,81,13.2,1011.1,158.0,217.0,239.0,204.66666666666666,207.42857142857142,111.0,1,2,0.8111602420785621,0.5848239578463322
"Ballygunge, Kolkata - WBPCB",2026-02-25,111.0,63.18,103.01,48.25,11.05,1.76,24.98,34.5,mean_of_source_observations,24.0,70,8.8,1011.3,76.0,158.0,217.0,150.33333333333334,191.14285714285714,189.0,2,2,0.8211001178128892,0.5707841943569036
"Ballygunge, Kolkata - WBPCB",2026-02-26,189.0,86.8,152.39,62.24,12.92,2.61,30.6,39.44,mean_of_source_observations,23.6,58,8.1,1010.3,111.0,76.0,158.0,115.0,181.0,124.0,3,2,0.8307970168121247,0.5565755266413303
"Ballygunge, Kolkata - WBPCB",2026-02-27,124.0,67.21,121.59,51.1,14.35,2.04,25.92,31.08,mean_of_source_observations,23.7,61,10.7,1008.4,189.0,111.0,76.0,125.33333333333333,173.57142857142858,97.0,4,2,0.8402480696078469,0.5422021592729844
"Ballygunge, Kolkata - WBPCB",2026-02-28,97.0,53.22,96.79,29.64,12.31,1.52,24.8,26.13,mean_of_source_observations,25.0,64,9.2,1007.7,124.0,189.0,111.0,141.33333333333334,159.14285714285714,81.0,5,2,0.8494504794814806,0.527668345562516
"Ballygunge, Kolkata - WBPCB",2026-03-01,81.0,48.74,76.43,18.53,7.98,0.35,26.91,24.02,mean_of_source_observations,26.9,71,11.6,1007.9,97.0,124.0,189.0,136.66666666666666,138.85714285714286,123.0,6,3,0.8584015232918917,0.512978386299228
"Ballygunge, Kolkata - WBPCB",2026-03-02,123.0,53.38,134.89,38.94,6.72,2.0,26.12,30.15,mean_of_source_observations,27.9,62,10.8,1009.3,81.0,97.0,124.0,100.66666666666667,119.42857142857143,160.0,0,3,0.8670985522812081,0.4981366284784055
"Ballygunge, Kolkata - WBPCB",2026-03-03,160.0,77.92,178.07,46.49,13.67,2.68,29.63,31.67,mean_of_source_observations,26.9,43,8.8,1011.0,123.0,81.0,97.0,100.33333333333333,114.42857142857143,130.0,1,3,0.8755389928586302,0.4831474640149687
"Ballygunge, Kolkata - WBPCB",2026-03-04,130.0,68.86,140.72,38.25,14.42,1.33,33.57,27.57,mean_of_source_observations,26.9,44,13.8,1010.9,160.0,123.0,81.0,121.33333333333333,126.42857142857143,138.0,2,3,0.8837203473619977,0.4680153284438345
"Ballygunge, Kolkata - WBPCB",2026-03-05,138.0,71.53,145.64,37.58,9.17,0.96,33.09,27.19,mean_of_source_observations,27.3,51,7.0,1009.0,130.0,160.0,123.0,137.66666666666666,129.14285714285714,97.0,3,3,0.8916401947968874,0.45274469960737107
"Ballygunge, Kolkata - WBPCB",2026-03-06,97.0,55.43,97.41,19.33,6.14,0.55,29.53,24.13,mean_of_source_observations,27.2,67,13.3,1009.5,138.0,130.0,160.0,142.66666666666666,121.85714285714286,74.0,4,3,0.8992961915530253,0.4373400963303323
"Ballygunge, Kolkata - WBPCB",2026-03-07,74.0,39.84,73.6,13.87,5.07,0.36,22.8,23.22,mean_of_source_observations,26.6,73,8.9,1011.3,97.0,138.0,130.0,121.66666666666667,118.0,68.0,5,3,0.9066860720977985,0.4218060770826634
"Ballygunge, Kolkata - WBPCB",2026-03-08,68.0,38.76,68.37,14.27,3.53,0.46,22.17,23.18,mean_of_source_observations,26.7,74,10.0,1012.0,74.0,97.0,138.0,103.0,114.71428571428571,62.0,6,3,0.9138076496466615,0.40614723863057883
"Ballygunge, Kolkata - WBPCB",2026-03-09,62.0,37.32,62.38,13.89,6.48,0.46,22.51,23.27,mean_of_source_observations,26.8,75,15.0,1012.9,68.0,74.0,97.0,79.66666666666667,112.85714285714286,63.0,0,3,0.9206588168102428,0.3903682146763026
"Ballygunge, Kolkata - WBPCB",2026-03-10,63.0,36.11,63.31,13.53,6.42,0.41,22.12,23.18,mean_of_source_observations,26.7,78,7.5,1013.6,62.0,68.0,74.0,68.0,104.14285714285714,75.0,1,3,0.9272375462179537,0.374473674486883
"Ballygunge, Kolkata - WBPCB",2026-03-11,75.0,40.22,74.69,16.43,10.67,0.41,23.88,23.91,mean_of_source_observations,27.0,78,8.5,1011.6,63.0,62.0,68.0,64.33333333333333,90.28571428571429,78.0,2,3,0.9335418911179212,0.35846832151248087
"Ballygunge, Kolkata - WBPCB",2026-03-12,78.0,39.36,77.51,17.94,9.09,0.41,25.19,23.69,mean_of_source_observations,26.7,81,12.8,1009.0,75.0,63.0,62.0,66.66666666666667,82.42857142857143,61.0,3,3,0.9395699859530622,0.342356891994542
"Ballygunge, Kolkata - WBPCB",2026-03-13,61.0,30.91,60.54,20.1,9.21,0.38,27.11,25.11,mean_of_source_observations,28.9,73,16.2,1007.9,78.0,75.0,63.0,72.0,73.85714285714286,62.0,4,3,0.945320046913132,0.3261441535642696
"Ballygunge, Kolkata - WBPCB",2026-03-14,62.0,29.69,61.63,14.05,4.86,0.37,23.04,32.81,mean_of_source_observations,28.8,72,15.7,1009.8,61.0,78.0,75.0,71.33333333333333,68.71428571428571,59.0,5,3,0.9507903724625832,0.3098349038318025
"Ballygunge, Kolkata - WBPCB",2026-03-15,59.0,20.71,58.86,14.8,6.86,0.48,19.73,33.87,mean_of_source_observations,27.3,77,24.7,1010.2,62.0,61.0,78.0,67.0,67.0,54.0,6,3,0.9559793438440766,0.2934339689665273
"Ballygunge, Kolkata - WBPCB",2026-03-16,54.0,29.59,54.43,16.37,11.41,0.51,31.49,32.6,mean_of_source_observations,26.2,74,16.6,1009.3,59.0,62.0,61.0,60.666666666666664,65.71428571428571,34.0,0,3,0.9608854255574977,0.27694620226893646
"Ballygunge, Kolkata - WBPCB",2026-03-17,34.0,20.44,31.8,16.27,10.96,0.3,26.67,36.55,mean_of_source_observations,26.5,75,16.9,1009.3,54.0,59.0,62.0,58.333333333333336,64.57142857142857,35.0,1,3,0.9655071658143364,0.2603764827344581
"Ballygunge, Kolkata - WBPCB",2026-03-18,35.0,20.43,35.06,15.99,6.6,0.36,20.18,42.2,mean_of_source_observations,26.4,80,14.0,1010.5,34.0,54.0,59.0,49.0,60.42857142857143,47.0,2,3,0.969843196967294,0.24372971360968387
"Ballygunge, Kolkata - WBPCB",2026-03-19,47.0,24.07,46.91,15.08,6.62,0.45,25.69,36.04,mean_of_source_observations,26.0,79,16.3,1011.2,35.0,34.0,54.0,41.0,54.714285714285715,51.0,3,3,0.9738922359149924,0.22701082094141847
"Ballygunge, Kolkata - WBPCB",2026-04-01,63.0,37.91,54.17,17.55,8.78,0.54,31.66,41.75,mean_of_source_observations,30.0,70,12.5,1009.0,63.0,49.0,48.0,53.333333333333336,58.0,45.0,2,4,0.9999855506507186,0.005375731557583884
"Ballygunge, Kolkata - WBPCB",2026-04-03,,,,16.44,15.64,0.45,39.85,34.69,mean_of_source_observations,31.5,64,13.0,1007.7,45.0,63.0,63.0,57.0,54.857142857142854,79.0,4,4,0.9995786855478958,-0.029025013321975237
"Ballygunge, Kolkata - WBPCB",2026-04-11,81.0,42.16,80.55,29.26,12.97,1.28,34.23,41.43,mean_of_source_observations,27.8,71,8.4,1009.4,63.0,40.0,46.0,49.666666666666664,58.42857142857143,71.0,5,4,0.986146248341595,-0.16587819893463143
"Ballygunge, Kolkata - WBPCB",2026-04-12,71.0,37.14,71.27,17.24,14.94,0.53,38.43,30.65,mean_of_source_observations,29.1,72,14.3,1007.0,81.0,63.0,40.0,61.333333333333336,58.714285714285715,56.0,6,4,0.9831469737221499,-0.1828169249850199
"Ballygunge, Kolkata - WBPCB",2026-04-13,56.0,28.16,56.49,13.83,15.18,0.31,24.67,27.46,mean_of_source_observations,30.1,75,14.3,1007.2,71.0,81.0,63.0,71.66666666666667,59.857142857142854,59.0,0,4,0.9798567700958665,-0.1997015525660636
"Ballygunge, Kolkata - WBPCB",2026-04-14,59.0,25.86,58.59,14.51,14.88,0.37,35.52,27.14,mean_of_source_observations,31.2,67,14.3,1007.1,56.0,71.0,81.0,69.33333333333333,57.714285714285715,64.0,1,4,0.9762766110869321,-0.21652708524481437
"Ballygunge, Kolkata - WBPCB",2026-04-15,64.0,33.76,64.01,12.12,15.91,0.33,32.15,25.68,mean_of_source_observations,31.0,74,14.8,1005.6,59.0,56.0,71.0,62.0,59.42857142857143,39.0,2,4,0.9724075561219968,-0.23328854407545518
"Ballygunge, Kolkata - WBPCB",2026-04-16,39.0,17.93,39.01,11.84,14.18,0.29,23.13,27.08,mean_of_source_observations,29.6,77,17.4,1006.6,64.0,59.0,56.0,59.666666666666664,62.0,34.0,3,4,0.9682507501166718,-0.2499809690726521
"Ballygunge, Kolkata - WBPCB",2026-04-17,34.0,16.13,34.11,13.73,11.49,0.36,22.06,30.66,mean_of_source_observations,30.0,79,11.9,1007.9,39.0,64.0,59.0,54.0,61.857142857142854,40.0,4,4,0.9638074231367307,-0.26659942067929354
"Ballygunge, Kolkata - WBPCB",2026-04-18,40.0,17.5,39.53,12.77,10.98,0.43,24.32,27.3,mean_of_source_observations,30.6,75,13.3,1007.0,34.0,39.0,64.0,45.666666666666664,57.714285714285715,45.0,5,4,0.9590788900341131,-0.28313898122818354
"Ballygunge, Kolkata - WBPCB",2026-04-19,45.0,23.3,45.22,11.24,11.96,0.42,28.56,25.54,mean_of_source_observations,31.0,74,15.7,1005.6,40.0,34.0,39.0,37.666666666666664,51.857142857142854,46.0,6,4,0.9540665500578387,-0.2995947563972602
"Ballygunge, Kolkata - WBPCB",2026-04-20,46.0,23.58,45.72,12.23,13.28,0.41,27.51,25.45,mean_of_source_observations,31.5,72,15.7,1004.2,45.0,40.0,34.0,39.666666666666664,48.142857142857146,54.0,0,4,0.9487718864399473,-0.31596187665790293
"Ballygunge, Kolkata - WBPCB",2026-04-21,54.0,26.82,53.53,13.93,17.24,0.41,29.44,26.06,mean_of_source_observations,31.7,68,12.6,1003.6,46.0,45.0,40.0,43.666666666666664,46.714285714285715,51.0,1,4,0.9431964659565866,-0.33223549871590435
"Ballygunge, Kolkata - WBPCB",2026-04-22,51.0,22.19,51.02,13.02,17.68,0.38,29.29,27.05,mean_of_source_observations,31.9,72,14.8,1004.2,54.0,46.0,45.0,48.333333333333336,46.0,58.0,2,4,0.9373419384643772,-0.3484108069446808
"Ballygunge, Kolkata - WBPCB",2026-04-23,58.0,31.23,58.11,12.22,14.7,0.41,27.82,25.47,mean_of_source_observations,31.8,73,15.0,1004.6,51.0,54.0,46.0,50.333333333333336,44.142857142857146,54.0,3,4,0.9312100364121947,-0.3644830148102912
"Ballygunge, Kolkata - WBPCB",2026-04-24,54.0,24.84,53.58,17.2,6.36,0.48,30.63,30.25,mean_of_source_observations,32.0,72,13.8,1005.8,58.0,51.0,54.0,54.333333333333336,46.857142857142854,37.0,4,4,0.9248025743285089,-0.38044736628785164
"Ballygunge, Kolkata - WBPCB",2026-04-25,37.0,20.23,36.86,19.53,5.23,0.32,25.1,33.92,mean_of_source_observations,31.6,72,16.1,1007.0,54.0,58.0,51.0,54.333333333333336,49.714285714285715,39.0,5,4,0.9181214482844365,-0.39629913726891813
"Ballygunge, Kolkata - WBPCB",2026-04-26,39.0,17.91,38.93,19.02,4.2,0.37,21.77,33.44,mean_of_source_observations,31.0,71,17.8,1005.8,37.0,54.0,58.0,49.666666666666664,49.285714285714285,45.0,6,4,0.9111686353326631,-0.41203363695942635
"Ballygunge, Kolkata - WBPCB",2026-04-27,45.0,19.62,44.65,17.68,3.49,0.4,23.43,33.47,mean_of_source_observations,30.9,73,22.0,1002.7,39.0,37.0,54.0,43.333333333333336,48.42857142857143,56.0,0,4,0.9039461929224011,-0.42764620926777464
"Ballygunge, Kolkata - WBPCB",2026-04-28,56.0,27.21,56.33,18.72,3.36,0.47,26.7,30.76,mean_of_source_observations,30.7,76,20.2,1002.7,45.0,39.0,37.0,40.333333333333336,48.285714285714285,35.0,1,4,0.8964562582905575,-0.44313223418263453
"Ballygunge, Kolkata - WBPCB",2026-04-29,35.0,17.62,34.83,18.52,4.24,0.42,26.4,24.56,mean_of_source_observations,28.4,82,18.9,1004.7,56.0,45.0,39.0,46.666666666666664,48.57142857142857,35.0,2,4,0.8887010478292915,-0.45848712914008766
"Ballygunge, Kolkata - WBPCB",2026-04-30,35.0,16.68,29.07,27.64,7.22,0.51,26.56,27.05,mean_of_source_observations,25.4,84,13.7,1007.4,35.0,56.0,45.0,45.333333333333336,46.285714285714285,38.0,3,4,0.8806828564301475,-0.47370635037968
"Ballygunge, Kolkata - WBPCB",2026-05-01,38.0,18.28,36.0,30.58,8.45,0.51,23.75,32.34,mean_of_source_observations,25.6,82,10.1,1005.9,35.0,35.0,56.0,42.0,43.0,53.0,4,5,0.8724040568049612,-0.48878539428899265
"Ballygunge, Kolkata - WBPCB",2026-05-02,53.0,21.39,41.39,42.69,7.91,0.56,29.83,36.19,mean_of_source_observations,26.7,82,17.8,1004.1,38.0,35.0,35.0,36.0,40.714285714285715,41.0,5,5,0.8638670987837349,-0.503719798736334
"Ballygunge, Kolkata - WBPCB",2026-05-03,41.0,20.58,40.08,33.16,5.6,0.57,24.78,36.86,mean_of_source_observations,26.9,86,10.6,1005.7,53.0,38.0,35.0,42.0,43.0,38.0,6,5,0.8550745085896932,-0.518505144391157
"Ballygunge, Kolkata - WBPCB",2026-05-04,38.0,15.19,33.31,30.38,4.74,0.35,22.28,36.72,mean_of_source_observations,27.9,82,12.8,1008.3,41.0,53.0,38.0,44.0,43.285714285714285,42.0,0,5,0.8460288880917339,-0.533137056031809
"Ballygunge, Kolkata - WBPCB",2026-05-05,42.0,20.0,33.13,33.83,7.41,0.42,24.4,31.61,mean_of_source_observations,26.3,81,21.0,1009.5,38.0,41.0,53.0,44.0,42.285714285714285,41.0,1,5,0.8367329140344921,-0.5476112038402312
"Ballygunge, Kolkata - WBPCB",2026-05-06,41.0,17.22,35.28,32.75,7.22,0.42,22.3,35.76,mean_of_source_observations,27.4,84,9.8,1007.3,42.0,38.0,41.0,40.333333333333336,40.285714285714285,52.0,2,5,0.8271893372462497,-0.5619233046832195
"Ballygunge, Kolkata - WBPCB",2026-05-07,52.0,22.62,41.7,41.65,6.0,0.49,23.34,33.04,mean_of_source_observations,26.4,83,16.3,1008.9,41.0,42.0,38.0,40.333333333333336,41.142857142857146,55.0,3,5,0.8174009818249189,-0.5760691233798758
"Ballygunge, Kolkata - WBPCB",2026-05-08,55.0,31.13,54.84,36.59,8.26,0.66,32.18,32.06,mean_of_source_observations,26.8,83,11.5,1009.6,52.0,41.0,42.0,45.0,43.57142857142857,58.0,4,5,0.8073707443023492,-0.5900444739548627
"Ballygunge, Kolkata - WBPCB",2026-05-09,58.0,33.87,57.68,33.05,9.67,0.66,41.06,44.67,mean_of_source_observations,27.5,79,9.9,1009.3,55.0,52.0,41.0,49.333333333333336,46.0,50.0,5,5,0.7971015927871943,-0.6038452208771035
"Ballygunge, Kolkata - WBPCB",2026-05-10,50.0,25.75,50.25,28.81,7.07,0.46,49.28,41.55,mean_of_source_observations,27.2,75,11.0,1008.9,58.0,55.0,52.0,55.0,46.714285714285715,36.0,6,5,0.7865965660866021,-0.6174672802835514
"Ballygunge, Kolkata - WBPCB",2026-05-11,36.0,18.59,36.06,21.36,5.33,0.38,28.07,39.69,mean_of_source_observations,27.7,75,10.3,1008.6,50.0,58.0,55.0,54.333333333333336,48.0,28.0,0,5,0.7758587728069828,-0.6309066211876704
"Ballygunge, Kolkata - WBPCB",2026-05-12,28.0,15.77,28.43,17.46,5.06,0.39,26.24,35.26,mean_of_source_observations,29.3,73,11.8,1006.8,36.0,50.0,58.0,48.0,47.714285714285715,26.0,1,5,0.7648913904341226,-0.6441592666722685
"Ballygunge, Kolkata - WBPCB",2026-05-13,26.0,10.43,24.29,15.75,3.35,0.38,26.31,31.9,mean_of_source_observations,29.9,72,15.6,1004.2,28.0,36.0,50.0,38.0,45.714285714285715,48.0,2,5,0.753697664392914,-0.6572212950663319
"Ballygunge, Kolkata - WBPCB",2026-05-14,48.0,16.23,34.14,19.77,7.66,0.5,48.1,31.2,mean_of_source_observations,30.7,69,15.5,1002.9,26.0,28.0,36.0,30.0,43.57142857142857,30.0,3,5,0.742280907086982,-0.6700888411055113
"Ballygunge, Kolkata - WBPCB",2026-05-15,30.0,11.71,26.84,16.09,4.5,0.3,30.13,29.73,mean_of_source_observations,31.3,72,14.6,1002.5,48.0,26.0,28.0,34.0,43.0,33.0,4,5,0.7306444969184916,-0.6827580970759147
"Ballygunge, Kolkata - WBPCB",2026-05-16,33.0,15.65,32.67,17.38,2.68,0.34,26.86,34.45,mean_of_source_observations,31.0,75,15.8,1003.2,30.0,48.0,26.0,34.666666666666664,39.42857142857143,30.0,5,5,0.7187918772884232,-0.6952253139408722
"Ballygunge, Kolkata - WBPCB",2026-05-17,30.0,11.12,28.56,14.83,2.79,0.4,30.48,31.59,mean_of_source_observations,31.7,74,15.0,1002.9,33.0,30.0,48.0,37.0,35.857142857142854,35.0,6,5,0.7067265555776158,-0.7074868024503348
"Ballygunge, Kolkata - WBPCB",2026-05-18,35.0,17.67,35.44,17.82,3.8,0.39,33.67,29.59,mean_of_source_observations,32.0,77,15.1,1002.0,30.0,33.0,30.0,31.0,33.0,45.0,0,5,0.6944521021088763,-0.719538934232584
"Ballygunge, Kolkata - WBPCB",2026-05-19,45.0,20.18,45.34,14.49,2.8,0.39,30.0,27.49,mean_of_source_observations,31.7,77,18.5,1001.8,35.0,30.0,33.0,32.666666666666664,32.857142857142854,49.0,1,5,0.6819721490904629,-0.7313781428679254
"Ballygunge, Kolkata - WBPCB",2026-05-20,49.0,24.32,49.19,18.72,4.0,0.46,34.8,28.33,mean_of_source_observations,32.1,76,11.5,1000.5,45.0,35.0,30.0,36.666666666666664,35.285714285714285,55.0,2,5,0.6692903895412567,-0.7430009249440493
"Ballygunge, Kolkata - WBPCB",2026-05-21,55.0,31.36,55.2,17.09,7.41,0.45,30.62,28.42,mean_of_source_observations,32.2,77,12.6,1001.8,49.0,45.0,35.0,43.0,38.57142857142857,56.0,3,5,0.6564105761979381,-0.7544038410927472
"Ballygunge, Kolkata - WBPCB",2026-05-22,56.0,30.35,55.77,14.76,3.17,0.3,28.07,23.79,mean_of_source_observations,31.7,82,13.6,1003.7,55.0,49.0,45.0,49.666666666666664,39.57142857142857,55.0,4,5,0.6433365204044917,-0.765583517007675
"Ballygunge, Kolkata - WBPCB",2026-05-23,55.0,25.33,54.74,14.28,1.7,0.31,30.08,23.45,mean_of_source_observations,31.5,81,17.2,1003.5,56.0,55.0,49.0,53.333333333333336,43.285714285714285,51.0,5,5,0.6300720909843687,-0.7765366444428655
"Ballygunge, Kolkata - WBPCB",2026-05-24,51.0,24.44,50.59,13.0,4.35,0.35,36.63,23.02,mean_of_source_observations,32.4,75,16.5,1003.9,55.0,56.0,55.0,55.333333333333336,46.42857142857143,59.0,6,5,0.6166212130956382,-0.7872599821916922
"Ballygunge, Kolkata - WBPCB",2026-05-25,59.0,26.39,58.59,13.64,5.89,0.27,31.68,23.01,mean_of_source_observations,32.1,75,22.3,1003.7,51.0,55.0,56.0,54.0,49.42857142857143,59.0,0,5,0.6029878670694714,-0.7977503570459932
"Ballygunge, Kolkata - WBPCB",2026-05-26,59.0,28.87,59.44,14.47,2.32,0.31,29.97,23.15,mean_of_source_observations,32.6,72,16.5,1003.8,59.0,51.0,55.0,55.0,52.857142857142854,51.0,1,5,0.5891760872322963,-0.8080046647350754
"Ballygunge, Kolkata - WBPCB",2026-05-27,51.0,25.33,51.11,15.93,3.28,0.32,33.81,23.36,mean_of_source_observations,29.5,82,13.3,1005.0,59.0,59.0,51.0,56.333333333333336,54.857142857142854,46.0,2,5,0.5751899607119775,-0.8180198708443175
"Ballygunge, Kolkata - WBPCB",2026-05-28,46.0,22.6,45.95,16.87,2.86,0.39,29.84,23.44,mean_of_source_observations,29.6,79,10.3,1005.7,51.0,59.0,59.0,56.333333333333336,55.142857142857146,43.0,3,5,0.5610336262283677,-0.8277930117131022
"Ballygunge, Kolkata - WBPCB",2026-05-29,43.0,23.07,42.85,18.96,5.09,0.59,24.92,23.91,mean_of_source_observations,29.6,71,16.2,1006.2,46.0,51.0,59.0,52.0,53.857142857142854,38.0,4,5,0.5467112728685939,-0.8373211953118121
"Ballygunge, Kolkata - WBPCB",2026-05-30,38.0,17.18,38.29,23.83,5.28,0.62,26.22,26.64,mean_of_source_observations,28.2,74,12.4,1006.2,43.0,46.0,51.0,46.666666666666664,52.0,50.0,5,5,0.5322271388474397,-0.8466016020976267
"Ballygunge, Kolkata - WBPCB",2026-05-31,50.0,20.37,49.93,29.51,6.35,0.56,30.53,29.41,mean_of_source_observations,30.5,70,13.4,1006.1,38.0,43.0,46.0,42.333333333333336,49.57142857142857,43.0,6,5,0.5175855102531889,-0.8556314858488706
"Ballygunge, Kolkata - WBPCB",2026-06-01,43.0,23.4,42.82,23.0,7.33,0.35,22.54,28.39,mean_of_source_observations,31.8,68,14.2,1006.6,50.0,38.0,43.0,43.666666666666664,49.42857142857143,52.0,0,6,0.5027907197793043,-0.8644081744776648
"Ballygunge, Kolkata - WBPCB",2026-06-02,52.0,28.25,51.95,20.97,7.2,0.35,29.54,27.17,mean_of_source_observations,32.2,67,10.0,1005.3,43.0,50.0,38.0,43.666666666666664,47.142857142857146,55.0,1,6,0.4878471454423119,-0.8729290708206411
"Ballygunge, Kolkata - WBPCB",2026-06-03,55.0,28.26,54.63,18.16,8.53,0.43,35.81,27.94,mean_of_source_observations,32.2,72,13.2,1002.7,52.0,43.0,50.0,48.333333333333336,46.142857142857146,55.0,2,6,0.47275920928627757,-0.881191653407483
"Ballygunge, Kolkata - WBPCB",2026-06-04,55.0,29.99,55.4,15.84,5.21,0.41,32.87,27.13,mean_of_source_observations,32.5,73,13.4,1001.3,55.0,52.0,43.0,50.0,46.714285714285715,47.0,3,6,0.4575313760742512,-0.8891934772070711
"Ballygunge, Kolkata - WBPCB",2026-06-05,47.0,24.36,47.15,20.85,6.97,0.55,31.07,28.39,mean_of_source_observations,31.3,77,13.5,1001.4,55.0,55.0,52.0,54.0,48.0,48.0,4,6,0.44216815196707204,-0.8969321743510065
"Ballygunge, Kolkata - WBPCB",2026-06-06,48.0,25.59,47.68,23.8,8.78,0.63,23.35,33.4,mean_of_source_observations,29.4,85,11.4,1002.4,47.0,55.0,55.0,52.333333333333336,48.57142857142857,41.0,5,6,0.42667408318992467,-0.9044054548343001
"Ballygunge, Kolkata - WBPCB",2026-06-07,41.0,21.45,40.9,21.87,6.41,0.62,24.44,31.49,mean_of_source_observations,29.1,87,17.7,1002.7,48.0,47.0,55.0,50.0,50.0,48.0,6,6,0.4110537546870351,-0.9116111071930239
"Ballygunge, Kolkata - WBPCB",2026-06-08,48.0,23.51,48.32,21.74,7.46,0.56,24.6,31.25,mean_of_source_observations,30.7,78,13.5,1001.0,41.0,48.0,47.0,45.333333333333336,48.714285714285715,50.0,0,6,0.3953117887649151,-0.9185469991587165
"Ballygunge, Kolkata - WBPCB",2026-06-09,50.0,26.68,49.68,20.66,7.56,0.43,28.23,33.4,mean_of_source_observations,31.9,78,11.3,1000.0,48.0,41.0,48.0,45.666666666666664,49.42857142857143,54.0,1,6,0.37945284372454435,-0.925211078289358
"Ballygunge, Kolkata - WBPCB",2026-06-10,54.0,24.77,54.05,19.09,6.76,0.43,29.08,30.88,mean_of_source_observations,30.4,81,17.0,1001.1,50.0,48.0,41.0,46.333333333333336,49.142857142857146,42.0,2,6,0.36348161248290634,-0.9316013725767187
"Ballygunge, Kolkata - WBPCB",2026-06-11,42.0,20.05,41.72,21.4,5.26,0.46,23.28,31.35,mean_of_source_observations,28.8,87,14.4,1003.3,54.0,50.0,48.0,50.666666666666664,49.0,58.0,3,6,0.3474028211842774,-0.9377159910299093
"Ballygunge, Kolkata - WBPCB",2026-06-12,58.0,27.46,58.35,26.43,7.18,0.48,24.42,35.83,mean_of_source_observations,28.4,84,9.3,1005.3,42.0,54.0,50.0,48.666666666666664,47.142857142857146,46.0,4,6,0.3312212278016865,-0.9435531242349544
"Ballygunge, Kolkata - WBPCB",2026-06-13,46.0,22.91,45.88,22.4,10.79,0.4,26.85,34.36,mean_of_source_observations,28.9,86,11.5,1004.1,58.0,42.0,54.0,51.333333333333336,48.714285714285715,57.0,5,6,0.31494162072895193,-0.9491110448902284
"Ballygunge, Kolkata - WBPCB",2026-06-14,57.0,31.61,56.7,20.1,9.84,0.43,27.75,30.8,mean_of_source_observations,29.4,83,13.4,1002.5,46.0,58.0,42.0,48.666666666666664,48.42857142857143,53.0,6,6,0.2985688173637202,-0.9543881083175908
"Ballygunge, Kolkata - WBPCB",2026-06-15,53.0,27.84,52.78,18.7,8.36,0.35,32.09,29.67,mean_of_source_observations,30.6,80,11.7,1002.7,57.0,46.0,58.0,53.666666666666664,50.714285714285715,55.0,0,6,0.2821076626819194,-0.9593827529490743
"Ballygunge, Kolkata - WBPCB",2026-06-16,55.0,25.72,54.63,15.96,7.44,0.3,28.69,28.34,mean_of_source_observations,31.2,74,11.9,1004.0,53.0,57.0,46.0,52.0,51.42857142857143,54.0,1,6,0.26556302780405594,-0.9640935007889755
"Ballygunge, Kolkata - WBPCB",2026-06-17,54.0,24.44,53.68,14.12,8.86,0.34,26.77,27.7,mean_of_source_observations,31.7,73,11.0,1004.1,55.0,53.0,57.0,55.0,52.142857142857146,60.0,2,6,0.24893980855376657,-0.9685189578512204
"Ballygunge, Kolkata - WBPCB",2026-06-18,60.0,25.43,60.42,15.99,10.69,0.41,28.44,27.64,mean_of_source_observations,29.8,83,14.0,1003.9,54.0,55.0,53.0,54.0,52.142857142857146,34.0,3,6,0.23224292400907015,-0.9726578145718654
"Ballygunge, Kolkata - WBPCB",2026-06-19,34.0,18.05,34.34,21.69,7.95,0.58,23.25,31.11,mean_of_source_observations,27.6,87,13.8,1004.6,60.0,54.0,55.0,56.333333333333336,54.714285714285715,48.0,4,6,0.21547731504673012,-0.976508846196619
"Ballygunge, Kolkata - WBPCB",2026-06-20,48.0,24.67,48.47,21.78,7.05,0.58,26.78,34.63,mean_of_source_observations,30.0,79,12.9,1004.1,34.0,60.0,54.0,49.333333333333336,51.285714285714285,43.0,5,6,0.19864794288017112,-0.9800709131432666
"Ballygunge, Kolkata - WBPCB",2026-06-21,43.0,22.87,43.43,20.31,7.52,0.44,20.21,34.72,mean_of_source_observations,29.3,87,12.2,1003.3,48.0,34.0,60.0,47.333333333333336,51.57142857142857,48.0,6,6,0.18175978759137534,-0.9833429613388902
"Ballygunge, Kolkata - WBPCB",2026-06-22,48.0,23.28,47.67,23.16,7.07,0.51,16.76,35.35,mean_of_source_observations,28.1,89,13.3,1003.7,43.0,48.0,34.0,41.666666666666664,49.57142857142857,60.0,0,6,0.16481784665719793,-0.9863240225317866
"Ballygunge, Kolkata - WBPCB",2026-06-23,60.0,33.96,60.34,27.19,8.41,0.53,25.19,39.39,mean_of_source_observations,29.1,86,9.1,1001.3,48.0,43.0,48.0,46.333333333333336,48.857142857142854,67.0,1,6,0.14782713347053048,-0.9890132145779883
"Ballygunge, Kolkata - WBPCB",2026-06-24,67.0,34.8,66.72,25.2,6.93,0.45,19.18,39.54,mean_of_source_observations,29.3,86,9.8,1001.8,60.0,48.0,43.0,50.333333333333336,49.57142857142857,49.0,2,6,0.13079267585675922,-0.9914097417023038
"Ballygunge, Kolkata - WBPCB",2026-06-25,49.0,25.24,48.75,25.65,4.99,0.32,27.55,39.58,mean_of_source_observations,29.7,85,12.8,1003.2,67.0,60.0,48.0,58.333333333333336,51.42857142857143,38.0,3,6,0.11371951458594969,-0.9935128947338007
"Ballygunge, Kolkata - WBPCB",2026-06-26,38.0,18.05,37.83,19.59,3.94,0.33,16.66,43.67,mean_of_source_observations,29.8,80,11.3,1004.2,49.0,67.0,60.0,58.666666666666664,49.857142857142854,32.0,4,6,0.0966127018812031,-0.9953220513156602
"Ballygunge, Kolkata - WBPCB",2026-06-27,32.0,12.84,32.36,19.09,5.27,0.32,15.26,46.64,mean_of_source_observations,30.1,79,12.0,1003.3,38.0,49.0,67.0,51.333333333333336,50.42857142857143,34.0,5,6,0.07947729992362097,-0.9968366760893436
"Ballygunge, Kolkata - WBPCB",2026-06-28,34.0,17.27,33.74,20.72,6.48,0.32,20.71,48.99,mean_of_source_observations,29.6,84,12.8,1001.9,32.0,38.0,49.0,39.666666666666664,48.142857142857146,48.0,6,6,0.062318379354325076,-0.998056320853012
"Ballygunge, Kolkata - WBPCB",2026-06-29,48.0,25.56,48.01,27.18,8.46,0.48,23.47,46.31,mean_of_source_observations,29.2,89,9.8,1001.1,34.0,32.0,38.0,34.666666666666664,46.857142857142854,37.0,0,6,0.04514101777397193,-0.9989806246941579
"Ballygunge, Kolkata - WBPCB",2026-06-30,37.0,18.82,36.02,29.43,8.03,0.55,29.72,27.41,mean_of_source_observations,28.0,90,9.4,1001.4,48.0,34.0,32.0,38.0,46.857142857142854,36.0,1,6,0.02795029824021032,-0.999609314096404
"Ballygunge, Kolkata - WBPCB",2026-07-01,36.0,19.63,26.86,28.44,2.06,0.57,20.91,32.28,mean_of_source_observations,28.6,86,9.9,1000.5,37.0,48.0,34.0,39.666666666666664,43.57142857142857,32.0,2,7,0.01075130776352193,-0.9999422030204416
"Ballygunge, Kolkata - WBPCB",2026-07-02,32.0,19.38,22.79,23.32,2.83,0.33,23.8,28.65,mean_of_source_observations,28.6,86,12.4,999.9,36.0,37.0,48.0,40.333333333333336,39.142857142857146,33.0,3,7,-0.00645086419810515,-0.9999791929590823
"Ballygunge, Kolkata - WBPCB",2026-07-03,33.0,19.54,24.54,19.53,5.37,0.36,22.45,28.46,mean_of_source_observations,29.6,82,14.4,998.9,32.0,36.0,37.0,35.0,36.714285714285715,30.0,4,7,-0.023651127245231586,-0.9997202729664083
"Ballygunge, Kolkata - WBPCB",2026-07-04,30.0,18.14,23.58,19.44,6.15,0.34,20.99,27.59,mean_of_source_observations,29.2,81,20.5,995.6,33.0,32.0,36.0,33.666666666666664,36.0,26.0,5,7,-0.04084439154329611,-0.9991655196610109
"Ballygunge, Kolkata - WBPCB",2026-07-05,26.0,15.9,19.24,17.05,5.36,0.33,19.86,27.11,mean_of_source_observations,28.0,88,16.9,994.4,30.0,33.0,32.0,31.666666666666668,35.714285714285715,31.0,6,7,-0.05802556932878035,-0.9983150972033183
"Ballygunge, Kolkata - WBPCB",2026-07-06,31.0,18.66,24.58,18.53,6.07,0.26,18.81,28.62,mean_of_source_observations,27.7,88,17.6,997.3,26.0,30.0,33.0,29.666666666666668,34.57142857142857,45.0,0,7,-0.07518957641475855,-0.9971692572470178
"Ballygunge, Kolkata - WBPCB",2026-07-07,45.0,27.0,40.62,19.05,5.56,0.26,19.48,30.16,mean_of_source_observations,27.9,90,19.7,1001.2,31.0,26.0,30.0,29.0,32.142857142857146,53.0,1,7,-0.09233133369539122,-0.9957283388645872
"Ballygunge, Kolkata - WBPCB",2026-07-08,53.0,31.58,49.47,18.63,4.58,0.25,18.82,30.14,mean_of_source_observations,29.4,84,15.3,1001.6,45.0,31.0,26.0,34.0,33.285714285714285,42.0,2,7,-0.10944576864891556,-0.993992768446958
"Ballygunge, Kolkata - WBPCB",2026-07-09,42.0,24.91,36.61,18.62,5.16,0.29,28.84,29.76,mean_of_source_observations,27.9,91,17.4,1002.2,53.0,45.0,31.0,43.0,35.714285714285715,38.0,3,7,-0.12652781683868314,-0.9919630595773397
"Ballygunge, Kolkata - WBPCB",2026-07-10,38.0,22.95,32.83,20.64,7.1,0.45,20.31,45.21,mean_of_source_observations,27.4,93,14.8,1001.3,42.0,53.0,45.0,46.666666666666664,37.142857142857146,52.0,4,7,-0.1435724234118113,-0.9896398128792412
"Ballygunge, Kolkata - WBPCB",2026-07-11,52.0,31.04,48.41,24.28,5.62,0.49,19.73,44.39,mean_of_source_observations,28.9,87,13.2,999.9,38.0,42.0,53.0,44.333333333333336,37.857142857142854,73.0,5,7,-0.16057454459499376,-0.9870237158387383
"Ballygunge, Kolkata - WBPCB",2026-07-12,73.0,43.97,73.33,23.08,4.93,0.5,18.82,45.17,mean_of_source_observations,28.8,88,12.8,998.1,52.0,38.0,42.0,44.0,41.0,64.0,6,7,-0.17752914918703497,-0.984115542601034
"Ballygunge, Kolkata - WBPCB",2026-07-13,64.0,38.17,62.16,26.49,5.68,0.46,18.45,46.18,mean_of_source_observations,28.8,89,8.8,999.1,73.0,52.0,38.0,54.333333333333336,47.714285714285715,47.0,0,7,-0.19443122004766195,-0.9809161537413774
"Ballygunge, Kolkata - WBPCB",2026-07-14,47.0,28.14,42.84,26.15,4.53,0.33,19.19,42.26,mean_of_source_observations,28.7,86,8.0,999.9,64.0,73.0,52.0,63.0,52.42857142857143,40.0,1,7,-0.2112757555821793,-0.9774264960104055
"Ballygunge, Kolkata - WBPCB",2026-07-15,40.0,24.01,34.86,21.61,4.34,0.47,20.01,38.15,mean_of_source_observations,29.5,80,14.1,1000.0,47.0,64.0,73.0,61.333333333333336,52.714285714285715,28.0,2,7,-0.2280577712215198,-0.9736476020539838
"Ballygunge, Kolkata - WBPCB",2026-07-16,28.0,16.79,20.98,18.96,3.53,0.47,18.55,37.65,mean_of_source_observations,29.0,82,14.5,999.7,40.0,47.0,64.0,50.333333333333336,50.857142857142854,34.0,3,7,-0.24477230089725957,-0.9695805901076308
"Ballygunge, Kolkata - WBPCB",2026-07-17,34.0,20.55,28.2,15.93,5.09,0.31,19.08,34.33,mean_of_source_observations,28.9,84,15.7,1000.4,28.0,40.0,47.0,38.333333333333336,48.857142857142854,37.0,4,7,-0.2614143985111562,-0.965226663665613
"Ballygunge, Kolkata - WBPCB",2026-07-18,37.0,22.37,31.73,14.87,4.96,0.3,18.66,26.81,mean_of_source_observations,29.1,83,16.2,1001.8,34.0,28.0,40.0,34.0,48.285714285714285,32.0,5,7,-0.2779791393987801,-0.9605871111248129
"Ballygunge, Kolkata - WBPCB",2026-07-19,32.0,19.1,25.42,11.85,8.34,0.38,17.74,28.76,mean_of_source_observations,28.7,85,13.2,1003.1,37.0,34.0,28.0,33.0,46.142857142857146,36.0,6,7,-0.2944616217868012,-0.9556633054034704
"Ballygunge, Kolkata - WBPCB",2026-07-20,36.0,21.38,29.83,12.16,5.3,0.43,18.14,28.65,mean_of_source_observations,27.9,90,11.5,1003.5,32.0,37.0,34.0,34.333333333333336,40.285714285714285,24.0,0,7,-0.3108569682435036,-0.9504567035349151
"Ballygunge, Kolkata - WBPCB",2026-07-21,24.0,14.59,16.7,11.36,3.93,0.37,17.41,27.76,mean_of_source_observations,26.8,92,12.9,1003.0,36.0,32.0,37.0,35.0,36.285714285714285,23.0,1,7,-0.3271603271220951,-0.9449688462364056
"Ballygunge, Kolkata - WBPCB",2026-07-22,23.0,14.0,15.61,11.35,6.26,0.31,17.48,27.81,mean_of_source_observations,26.2,93,11.5,1003.3,24.0,36.0,32.0,30.666666666666668,33.0,27.0,2,7,-0.34336687399638804,-0.939201357453208
"Ballygunge, Kolkata - WBPCB",2026-07-23,27.0,15.97,19.37,11.23,6.69,0.36,19.92,27.2,mean_of_source_observations,26.5,92,16.6,1003.1,23.0,24.0,36.0,27.666666666666668,30.571428571428573,33.0,3,7,-0.3594718130884232,-0.9331559438780432
"Ballygunge, Kolkata - WBPCB",2026-07-24,33.0,19.5,26.19,11.94,5.47,0.49,18.11,28.46,mean_of_source_observations,26.9,90,13.2,1001.4,27.0,23.0,24.0,24.666666666666668,30.428571428571427,36.0,4,7,-0.3754703786876202,-0.9268343944460494
"Ballygunge, Kolkata - WBPCB",2026-07-25,36.0,21.38,29.81,13.33,7.12,0.56,17.67,27.51,mean_of_source_observations,28.1,85,13.5,1000.1,33.0,27.0,23.0,27.666666666666668,30.285714285714285,27.0,5,7,-0.3913578365610259,-0.9202385798054075
"Ballygunge, Kolkata - WBPCB",2026-07-26,27.0,16.46,20.33,11.03,7.27,0.39,17.94,24.8,mean_of_source_observations,28.4,81,16.7,998.4,36.0,33.0,27.0,32.0,30.142857142857142,31.0,6,7,-0.4071294853542516,-0.9133704517637858
"Ballygunge, Kolkata - WBPCB",2026-07-27,31.0,18.43,22.69,13.62,6.62,0.4,17.11,24.96,mean_of_source_observations,27.0,90,19.9,995.3,27.0,36.0,33.0,32.0,29.428571428571427,35.0,0,7,-0.4227806579826773,-0.9062320427107697
"Ballygunge, Kolkata - WBPCB",2026-07-28,35.0,8.38,35.34,20.83,6.18,0.34,18.88,27.46,mean_of_source_observations,27.9,85,21.1,996.0,31.0,27.0,36.0,31.333333333333332,28.714285714285715,39.0,1,7,-0.4383067230125192,-0.898825465016444
"Ballygunge, Kolkata - WBPCB",2026-07-29,39.0,10.3,39.36,20.72,6.82,0.39,20.47,27.6,mean_of_source_observations,27.9,87,13.1,998.5,35.0,31.0,27.0,31.0,30.285714285714285,42.0,2,7,-0.45370308603134424,-0.8911529104063088
"Ballygunge, Kolkata - WBPCB",2026-07-30,42.0,13.32,42.34,21.26,8.29,0.39,19.24,29.02,mean_of_source_observations,27.8,86,18.1,1000.1,39.0,35.0,31.0,35.0,32.57142857142857,51.0,3,7,-0.46896519100763184,-0.8832166493127127
"Ballygunge, Kolkata - WBPCB",2026-07-31,51.0,13.86,51.43,19.75,7.12,0.38,18.41,36.6,mean_of_source_observations,28.5,83,13.9,1002.2,42.0,39.0,35.0,38.666666666666664,34.714285714285715,51.0,4,7,-0.48408852163897587,-0.8750190302029955
"Ballygunge, Kolkata - WBPCB",2026-08-01,51.0,17.94,50.56,18.8,7.8,0.34,18.02,40.01,mean_of_source_observations,28.5,86,12.3,1001.9,51.0,42.0,39.0,44.0,37.285714285714285,55.0,5,8,-0.4990686026885319,-0.8665624788845385
"Ballygunge, Kolkata - WBPCB",2026-08-02,55.0,19.99,55.34,22.75,6.0,0.49,19.57,40.31,mean_of_source_observations,28.8,88,13.6,1002.1,51.0,51.0,42.0,48.0,39.42857142857143,66.0,6,8,-0.5139010013093103,-0.8578494977869301
"Ballygunge, Kolkata - WBPCB",2026-08-03,66.0,27.76,65.73,31.12,4.37,0.86,22.55,44.49,mean_of_source_observations,29.2,88,8.4,1002.8,55.0,51.0,51.0,52.333333333333336,43.42857142857143,51.0,0,8,-0.5285813283559292,-0.8488826652214553
"Ballygunge, Kolkata - WBPCB",2026-08-04,51.0,21.36,51.03,18.33,4.4,0.89,22.82,36.48,mean_of_source_observations,29.4,87,10.8,1003.2,66.0,55.0,51.0,57.333333333333336,48.42857142857143,45.0,1,8,-0.5431052396834317,-0.8396646346181327
"Ballygunge, Kolkata - WBPCB",2026-08-05,45.0,22.29,45.44,29.8,5.54,0.84,22.74,43.9,mean_of_source_observations,28.4,89,11.5,1001.6,51.0,66.0,55.0,57.333333333333336,50.714285714285715,52.0,2,8,-0.5574684374327892,-0.8301981337405212
"Ballygunge, Kolkata - WBPCB",2026-08-06,52.0,26.06,51.53,30.14,5.55,0.89,20.05,45.65,mean_of_source_observations,27.7,88,7.6,1001.1,45.0,51.0,66.0,54.0,51.57142857142857,31.0,3,8,-0.5716666713027052,-0.8204859638785327
"Ballygunge, Kolkata - WBPCB",2026-08-07,31.0,10.75,29.54,24.88,6.7,0.5,16.94,41.26,mean_of_source_observations,27.1,91,11.5,1000.2,52.0,45.0,51.0,49.333333333333336,53.0,34.0,4,8,-0.5856957398073508,-0.8105309990194823
"Ballygunge, Kolkata - WBPCB",2026-08-08,34.0,13.02,34.27,20.73,3.23,0.43,17.96,38.42,mean_of_source_observations,27.9,87,16.9,1001.6,31.0,52.0,45.0,42.666666666666664,50.142857142857146,30.0,5,8,-0.5995514915196489,-0.8003361849976323
"Ballygunge, Kolkata - WBPCB",2026-08-09,30.0,10.56,30.01,17.17,4.71,0.39,17.64,38.37,mean_of_source_observations,28.6,87,11.4,1002.6,34.0,31.0,52.0,39.0,47.714285714285715,46.0,6,8,-0.6132298262997502,-0.7899045386224707
"Ballygunge, Kolkata - WBPCB",2026-08-10,46.0,15.27,45.98,23.71,6.67,0.47,17.61,42.4,mean_of_source_observations,28.7,87,7.3,1001.3,30.0,34.0,31.0,31.666666666666668,44.142857142857146,40.0,0,8,-0.6267266965083301,-0.7792391467859886
"Ballygunge, Kolkata - WBPCB",2026-08-11,40.0,16.05,39.65,30.0,4.7,0.5,17.84,46.11,mean_of_source_observations,28.4,88,8.7,1000.0,46.0,30.0,34.0,36.666666666666664,41.285714285714285,62.0,1,8,-0.6400381082043503,-0.7683431655492202
"Ballygunge, Kolkata - WBPCB",2026-08-12,62.0,25.2,61.62,38.25,4.7,0.75,17.02,49.98,mean_of_source_observations,28.7,88,8.9,1000.3,40.0,46.0,30.0,38.666666666666664,39.714285714285715,38.0,2,8,-0.65316012232693,-0.7572198192083127
"Ballygunge, Kolkata - WBPCB",2026-08-13,38.0,15.16,32.21,29.97,3.89,0.76,17.25,43.57,mean_of_source_observations,28.4,88,15.3,999.0,62.0,40.0,46.0,49.333333333333336,42.142857142857146,40.0,3,8,-0.666088855860977,-0.7458723993404063
"Ballygunge, Kolkata - WBPCB",2026-08-14,40.0,16.33,39.85,22.41,4.32,0.36,17.71,37.78,mean_of_source_observations,28.5,86,16.0,1000.6,38.0,62.0,40.0,46.666666666666664,40.142857142857146,34.0,4,8,-0.6788204829862355,-0.734304263829602
"Ballygunge, Kolkata - WBPCB",2026-08-15,34.0,14.08,33.86,20.24,4.95,0.36,15.85,36.26,mean_of_source_observations,28.1,87,12.5,1000.2,40.0,38.0,62.0,46.666666666666664,41.42857142857143,24.0,5,8,-0.6913512362094071,-0.722518835873311
"Ballygunge, Kolkata - WBPCB",2026-08-16,24.0,12.01,23.08,18.82,4.79,0.44,16.84,34.88,mean_of_source_observations,27.8,89,15.0,997.8,34.0,40.0,38.0,37.333333333333336,41.42857142857143,29.0,6,8,-0.7036774074790128,-0.7105196029692745
"Ballygunge, Kolkata - WBPCB",2026-08-17,29.0,12.72,25.46,23.12,4.63,0.44,16.18,38.95,mean_of_source_observations,26.6,94,19.9,998.7,24.0,34.0,40.0,32.666666666666664,40.57142857142857,40.0,0,8,-0.7157953492826642,-0.6983101158835584
"Ballygunge, Kolkata - WBPCB",2026-08-18,40.0,16.47,40.01,20.7,6.19,0.47,17.65,37.81,mean_of_source_observations,28.1,86,19.3,1001.6,29.0,24.0,34.0,29.0,38.142857142857146,39.0,1,8,-0.7277014757264236,-0.6858939875998223
"Ballygunge, Kolkata - WBPCB",2026-08-19,39.0,15.36,39.02,18.68,6.23,0.53,17.99,30.11,mean_of_source_observations,29.0,81,12.7,1003.4,40.0,29.0,24.0,31.0,38.142857142857146,59.0,2,8,-0.7393922635959241,-0.673274892250183
"Ballygunge, Kolkata - WBPCB",2026-08-20,59.0,22.04,59.22,21.67,4.52,0.57,17.6,31.07,mean_of_source_observations,29.2,84,9.6,1003.3,39.0,40.0,29.0,36.0,34.857142857142854,65.0,3,8,-0.7508642533989489,-0.6604565640279754
"Ballygunge, Kolkata - WBPCB",2026-08-21,65.0,26.96,64.62,25.7,5.99,0.65,17.98,32.47,mean_of_source_observations,29.8,86,7.4,1001.9,59.0,39.0,40.0,46.0,37.857142857142854,66.0,4,8,-0.7621140503891487,-0.6474427960827475
"Ballygunge, Kolkata - WBPCB",2026-08-22,66.0,27.83,65.57,18.28,5.61,0.62,17.87,30.02,mean_of_source_observations,29.6,85,12.9,1001.3,65.0,59.0,39.0,54.333333333333336,41.42857142857143,29.0,5,8,-0.7731383255706026,-0.6342374393978054
"Ballygunge, Kolkata - WBPCB",2026-08-23,29.0,12.38,29.31,17.41,4.95,0.38,16.71,30.11,mean_of_source_observations,29.4,82,14.6,1000.8,66.0,65.0,59.0,63.333333333333336,46.0,26.0,6,8,-0.7839338166829201,-0.620844401650647
"Ballygunge, Kolkata - WBPCB",2026-08-24,26.0,12.08,25.55,18.17,2.78,0.39,17.0,29.25,mean_of_source_observations,28.3,87,14.6,1001.4,29.0,66.0,65.0,53.333333333333336,46.714285714285715,39.0,0,8,-0.7944973291665992,-0.6072676460566135
"Ballygunge, Kolkata - WBPCB",2026-08-25,39.0,13.04,38.69,19.01,1.91,0.4,17.68,29.46,mean_of_source_observations,28.8,85,15.4,1002.9,26.0,29.0,66.0,40.333333333333336,46.285714285714285,46.0,1,8,-0.8048257371083452,-0.593511190196115
"Ballygunge, Kolkata - WBPCB",2026-08-26,46.0,15.82,45.75,25.38,2.73,0.66,16.91,31.26,mean_of_source_observations,29.0,87,10.1,1002.4,39.0,26.0,29.0,31.333333333333332,46.142857142857146,66.0,2,8,-0.8149159841660791,-0.5795791048257612
"Ballygunge, Kolkata - WBPCB",2026-08-27,66.0,30.93,65.55,24.98,4.05,0.67,22.36,31.27,mean_of_source_observations,29.5,87,8.9,1001.4,46.0,39.0,26.0,37.0,47.142857142857146,65.0,3,8,-0.8247650844733614,-0.5654755126737576
"Ballygunge, Kolkata - WBPCB",2026-08-28,65.0,25.81,64.86,32.65,3.8,0.57,18.0,34.75,mean_of_source_observations,29.2,89,10.7,1000.7,66.0,46.0,39.0,50.333333333333336,48.142857142857146,43.0,4,8,-0.8343701235229537,-0.5512045872199277
"Ballygunge, Kolkata - WBPCB",2026-08-29,43.0,15.85,42.97,24.57,3.35,0.57,17.59,33.03,mean_of_source_observations,29.4,85,14.5,999.7,65.0,66.0,46.0,59.0,48.142857142857146,36.0,5,8,-0.8437282590292712,-0.5367705514607103
"Ballygunge, Kolkata - WBPCB",2026-08-30,36.0,14.37,35.94,22.81,4.13,0.58,17.12,32.61,mean_of_source_observations,28.4,90,13.8,998.4,43.0,65.0,66.0,58.0,44.857142857142854,33.0,6,8,-0.8528367217694595,-0.522177676659508
"Bidhannagar, Kolkata - WBPCB",2024-01-08,248.0,104.29,206.8,22.86,10.83,1.08,14.36,42.12,mean_of_source_observations,19.5,80,13.3,1017.5,208.0,169.0,195.0,190.66666666666666,170.0,204.0,0,1,0.13718540405660057,0.9905453876091833
"Bidhannagar, Kolkata - WBPCB",2024-01-09,204.0,91.34,181.29,23.24,7.54,1.09,16.35,42.25,mean_of_source_observations,19.0,77,10.1,1016.6,248.0,208.0,169.0,208.33333333333334,181.14285714285714,273.0,1,1,0.1542040475626894,0.988039023376751
"Bidhannagar, Kolkata - WBPCB",2024-01-10,273.0,112.03,217.25,33.16,8.21,1.52,17.11,51.19,mean_of_source_observations,19.9,76,8.7,1015.0,204.0,248.0,208.0,220.0,185.85714285714286,221.0,2,1,0.17117705961019986,0.985240282501282
"Bidhannagar, Kolkata - WBPCB",2024-01-11,221.0,96.3,194.88,24.69,7.66,1.31,10.38,47.19,mean_of_source_observations,19.2,76,12.1,1016.3,273.0,204.0,248.0,241.66666666666666,207.14285714285714,193.0,3,1,0.18809941761179758,0.9821499931752291
"Bidhannagar, Kolkata - WBPCB",2024-01-12,193.0,87.95,182.75,19.14,7.54,1.08,8.71,38.89,mean_of_source_observations,16.6,76,15.3,1016.2,221.0,273.0,204.0,232.66666666666666,216.85714285714286,203.0,4,1,0.20496611396949532,0.9787690698649216
"Bidhannagar, Kolkata - WBPCB",2024-01-13,203.0,90.78,181.58,21.25,8.2,1.16,7.95,40.2,mean_of_source_observations,16.0,75,11.8,1015.9,193.0,221.0,273.0,229.0,216.57142857142858,302.0,5,1,0.22177215755648186,0.975098513039961
"Bidhannagar, Kolkata - WBPCB",2024-01-14,302.0,121.99,246.57,21.1,9.13,1.31,8.61,40.07,mean_of_source_observations,15.7,77,10.6,1015.4,203.0,193.0,221.0,205.66666666666666,221.42857142857142,219.0,6,1,0.23851257519407648,0.9711394088771653
"Bidhannagar, Kolkata - WBPCB",2024-01-15,219.0,95.67,234.3,17.62,7.45,1.41,8.41,39.93,mean_of_source_observations,15.5,81,10.8,1015.0,302.0,203.0,193.0,232.66666666666666,234.85714285714286,199.0,0,1,0.2551824131233728,0.9668929289391521
"Bidhannagar, Kolkata - WBPCB",2024-01-16,199.0,89.76,204.98,18.92,10.81,1.27,8.55,41.23,mean_of_source_observations,16.6,77,9.0,1014.5,219.0,302.0,203.0,241.33333333333334,230.71428571428572,168.0,1,1,0.2717767384711357,0.9623603298276545
"Bidhannagar, Kolkata - WBPCB",2024-01-17,168.0,80.43,170.46,19.06,8.23,1.42,7.83,41.73,mean_of_source_observations,17.7,78,9.7,1014.8,199.0,219.0,302.0,240.0,230.0,175.0,2,1,0.2882906407095177,0.9575429528116719
"Bidhannagar, Kolkata - WBPCB",2024-01-18,175.0,82.64,166.08,19.58,7.79,1.4,7.36,42.31,mean_of_source_observations,17.3,91,13.4,1014.8,168.0,199.0,219.0,195.33333333333334,215.0,181.0,3,1,0.3047192331091634,0.9524422234305676
"Bidhannagar, Kolkata - WBPCB",2024-01-19,181.0,84.33,172.97,19.07,7.04,1.4,7.4,42.99,mean_of_source_observations,18.3,85,10.1,1016.2,175.0,168.0,199.0,180.66666666666666,208.42857142857142,217.0,4,1,0.321057654185271,0.9470596510722283
"Bidhannagar, Kolkata - WBPCB",2024-01-20,217.0,94.98,208.78,22.01,7.44,1.48,7.81,43.43,mean_of_source_observations,17.6,79,8.4,1016.4,181.0,175.0,168.0,174.66666666666666,206.71428571428572,257.0,5,1,0.3373010691361842,0.9413968285264122
"Bidhannagar, Kolkata - WBPCB",2024-01-21,257.0,106.98,239.25,28.47,9.21,1.78,6.69,49.53,mean_of_source_observations,17.3,84,8.5,1016.1,217.0,181.0,175.0,191.0,208.71428571428572,268.0,6,1,0.3534446712740877,0.9354554315134164
"Bidhannagar, Kolkata - WBPCB",2024-01-22,268.0,110.42,223.98,23.98,7.75,1.31,10.26,43.34,mean_of_source_observations,15.7,79,11.9,1018.2,257.0,217.0,181.0,218.33333333333334,202.28571428571428,255.0,0,1,0.3694836834473831,0.9292372181882051
"Bidhannagar, Kolkata - WBPCB",2024-01-23,255.0,106.6,207.71,28.28,13.63,1.24,26.22,46.47,mean_of_source_observations,16.5,76,10.2,1016.8,268.0,257.0,217.0,247.33333333333334,209.28571428571428,226.0,1,1,0.38541335945432564,0.9227440286201427
"Bidhannagar, Kolkata - WBPCB",2024-01-24,226.0,97.68,181.01,24.92,10.9,1.26,16.88,44.3,mean_of_source_observations,17.7,80,9.6,1016.9,255.0,268.0,257.0,260.0,217.28571428571428,204.0,2,1,0.4012289854475009,0.9159777842484877
"Bidhannagar, Kolkata - WBPCB",2024-01-25,204.0,91.23,177.4,24.2,9.83,1.26,15.24,44.52,mean_of_source_observations,17.3,83,10.5,1018.7,226.0,255.0,268.0,249.66666666666666,225.57142857142858,247.0,3,1,0.4169258813287287,0.908940487313808
"Bidhannagar, Kolkata - WBPCB",2024-01-26,247.0,104.14,195.71,22.84,9.71,1.38,8.84,42.36,mean_of_source_observations,17.2,73,12.5,1019.6,204.0,226.0,255.0,228.33333333333334,229.71428571428572,153.0,4,1,0.4324994021339788,0.901634220265486
"Bidhannagar, Kolkata - WBPCB",2024-01-27,153.0,75.76,150.77,26.36,10.15,1.33,8.59,44.41,mean_of_source_observations,16.4,71,12.6,1019.3,247.0,204.0,226.0,225.66666666666666,239.14285714285714,161.0,5,1,0.44794493940789115,0.8940611451454876
"Bidhannagar, Kolkata - WBPCB",2024-01-28,161.0,78.2,158.93,27.62,8.79,1.41,8.27,46.52,mean_of_source_observations,16.6,74,11.0,1018.8,153.0,247.0,204.0,201.33333333333334,230.0,189.0,6,1,0.4632579225674917,0.88622350294858
"Bidhannagar, Kolkata - WBPCB",2024-01-29,189.0,86.58,174.62,25.37,10.75,1.03,14.19,42.08,mean_of_source_observations,17.9,74,9.5,1017.2,161.0,153.0,247.0,187.0,216.28571428571428,174.0,0,1,0.4784338202547012,0.8781236129591848
"Bidhannagar, Kolkata - WBPCB",2024-01-30,174.0,82.15,144.96,15.83,14.86,0.57,20.28,38.47,mean_of_source_observations,19.7,82,12.5,1015.8,189.0,161.0,153.0,167.66666666666666,205.0,120.0,1,1,0.49346814167723735,0.8697638720650646
"Bidhannagar, Kolkata - WBPCB",2024-01-31,120.0,62.4,129.65,16.83,6.74,0.6,16.35,38.37,mean_of_source_observations,20.1,88,12.4,1015.7,174.0,189.0,161.0,174.66666666666666,193.42857142857142,117.0,2,1,0.5083564379375122,0.8611467540480452
"Bidhannagar, Kolkata - WBPCB",2024-02-01,117.0,62.33,125.8,19.72,5.48,0.84,11.26,41.56,mean_of_source_observations,20.5,91,12.5,1015.9,120.0,174.0,189.0,161.0,178.28571428571428,308.0,3,2,0.5230943033491326,0.8522748088519838
"Bidhannagar, Kolkata - WBPCB",2024-02-02,308.0,129.95,216.87,20.91,10.29,0.9,15.79,42.21,mean_of_source_observations,20.7,85,10.3,1015.1,117.0,120.0,174.0,137.0,165.85714285714286,165.0,4,2,0.5376773767406141,0.8431506618282
"Bidhannagar, Kolkata - WBPCB",2024-02-03,165.0,79.39,150.73,20.49,8.68,0.8,21.71,42.58,mean_of_source_observations,20.6,74,13.2,1016.2,308.0,117.0,120.0,181.66666666666666,174.57142857142858,173.0,5,2,0.5521013427459208,0.8337770129585915
"Bidhannagar, Kolkata - WBPCB",2024-02-04,173.0,82.02,164.16,20.24,11.34,0.75,9.49,42.05,mean_of_source_observations,19.9,73,11.4,1017.3,165.0,308.0,117.0,196.66666666666666,176.28571428571428,163.0,6,2,0.5663619330814524,0.8241566360566663
"Bidhannagar, Kolkata - WBPCB",2024-02-05,163.0,78.8,160.02,21.67,11.23,0.74,9.52,43.96,mean_of_source_observations,21.2,79,9.3,1016.6,173.0,165.0,308.0,215.33333333333334,178.0,141.0,0,2,0.580454927809098,0.8142923779467267
"Bidhannagar, Kolkata - WBPCB",2024-02-06,141.0,72.26,134.88,13.75,8.39,0.52,11.5,41.79,mean_of_source_observations,23.0,87,13.2,1015.7,163.0,173.0,165.0,167.0,174.28571428571428,135.0,1,2,0.5943761565849831,0.804187157621448
"Bidhannagar, Kolkata - WBPCB",2024-02-07,135.0,70.55,141.8,16.65,7.02,0.59,17.79,41.99,mean_of_source_observations,21.5,78,12.7,1016.1,141.0,163.0,173.0,159.0,169.57142857142858,118.0,2,2,0.6081214998935418,0.7938439653781019
"Bidhannagar, Kolkata - WBPCB",2024-02-08,118.0,61.3,127.51,17.45,10.63,0.56,16.66,39.82,mean_of_source_observations,19.6,60,11.3,1016.3,135.0,141.0,163.0,146.33333333333334,171.71428571428572,112.0,3,2,0.6216868902665479,0.7832658619336791
"Bidhannagar, Kolkata - WBPCB",2024-02-09,112.0,58.16,118.58,15.86,14.28,0.47,22.49,36.59,mean_of_source_observations,18.2,63,12.3,1018.6,118.0,135.0,141.0,131.33333333333334,171.85714285714286,169.0,4,2,0.6350683134867438,0.7724559775191742
"Bidhannagar, Kolkata - WBPCB",2024-02-10,169.0,80.8,169.12,19.59,14.44,0.66,10.39,38.28,mean_of_source_observations,18.5,66,12.4,1018.8,112.0,118.0,135.0,121.66666666666667,143.85714285714286,210.0,5,2,0.6482618097757122,0.7614175109532997
"Bidhannagar, Kolkata - WBPCB",2024-02-11,210.0,93.08,168.2,24.52,11.6,0.94,8.69,44.31,mean_of_source_observations,20.3,64,10.5,1018.8,169.0,112.0,118.0,133.0,144.42857142857142,247.0,6,2,0.6612634749656386,0.7501537286959042
"Bidhannagar, Kolkata - WBPCB",2024-02-12,247.0,104.07,206.03,29.96,12.37,1.53,8.12,56.36,mean_of_source_observations,21.4,63,9.7,1018.7,210.0,169.0,112.0,163.66666666666666,149.71428571428572,278.0,0,2,0.6740694616546161,0.7386679638813748
"Bidhannagar, Kolkata - WBPCB",2024-02-13,278.0,113.54,218.94,25.54,15.11,1.17,19.23,47.27,mean_of_source_observations,22.6,70,9.0,1017.9,247.0,210.0,169.0,208.66666666666666,161.71428571428572,194.0,1,2,0.6866759803451553,0.726963615332308
"Bidhannagar, Kolkata - WBPCB",2024-02-14,194.0,88.05,171.57,21.64,13.62,0.96,8.58,43.57,mean_of_source_observations,22.3,73,9.8,1016.5,278.0,247.0,210.0,245.0,181.28571428571428,231.0,2,2,0.6990793005655562,0.7150441465537444
"Bidhannagar, Kolkata - WBPCB",2024-02-15,231.0,99.26,198.59,21.28,11.18,1.22,18.37,48.59,mean_of_source_observations,22.5,76,20.5,1016.9,194.0,278.0,247.0,239.66666666666666,189.71428571428572,181.0,3,2,0.7112757519738152,0.7029130847082615
"Bidhannagar, Kolkata - WBPCB",2024-02-16,181.0,84.19,166.74,17.73,10.04,0.83,22.14,42.73,mean_of_source_observations,22.9,75,10.8,1017.1,231.0,194.0,278.0,234.33333333333334,205.85714285714286,204.0,4,2,0.7232617254437388,0.6905740195722294
"Bidhannagar, Kolkata - WBPCB",2024-02-17,204.0,91.16,177.06,21.11,8.45,1.1,11.21,47.9,mean_of_source_observations,21.7,72,11.5,1014.2,181.0,231.0,194.0,202.0,215.71428571428572,200.0,5,2,0.7350336741329412,0.6780306024735382
"Bidhannagar, Kolkata - WBPCB",2024-02-18,200.0,89.89,170.97,16.44,11.31,0.85,8.72,42.52,mean_of_source_observations,22.9,74,9.5,1013.5,204.0,181.0,231.0,205.33333333333334,220.71428571428572,112.0,6,2,0.746588114532413,0.6652865452111116
"Bidhannagar, Kolkata - WBPCB",2024-02-19,112.0,56.67,118.31,12.87,10.89,0.6,12.57,41.18,mean_of_source_observations,24.0,82,11.0,1013.4,200.0,204.0,181.0,195.0,219.28571428571428,104.0,0,2,0.7579216274973472,0.6523456189565257
"Bidhannagar, Kolkata - WBPCB",2024-02-20,104.0,49.64,106.66,10.52,8.75,0.49,13.18,40.5,mean_of_source_observations,25.2,82,18.9,1011.0,112.0,200.0,204.0,172.0,200.0,111.0,1,2,0.7690308592589181,0.6392116531380588
"Bidhannagar, Kolkata - WBPCB",2024-02-21,111.0,51.57,117.03,14.01,7.15,0.63,22.47,40.74,mean_of_source_observations,25.0,77,10.5,1009.6,104.0,112.0,200.0,138.66666666666666,175.14285714285714,127.0,2,2,0.7799125224167177,0.6258885343075018
"Bidhannagar, Kolkata - WBPCB",2024-02-22,127.0,67.65,140.39,11.95,7.91,0.71,23.05,41.27,mean_of_source_observations,24.7,82,16.7,1009.6,111.0,104.0,112.0,109.0,163.28571428571428,93.0,3,2,0.7905633969115482,0.612380204990065
"Bidhannagar, Kolkata - WBPCB",2024-02-23,93.0,48.34,92.81,13.12,6.31,0.53,17.65,38.31,mean_of_source_observations,23.2,74,18.7,1012.8,127.0,111.0,104.0,114.0,148.42857142857142,115.0,4,2,0.8009803309782905,0.5986906625177214
"Bidhannagar, Kolkata - WBPCB",2024-02-24,115.0,59.65,122.74,14.6,9.41,0.58,13.42,38.64,mean_of_source_observations,22.9,71,15.5,1014.5,93.0,127.0,111.0,110.33333333333333,135.85714285714286,102.0,5,2,0.8111602420785621,0.5848239578463322
"Bidhannagar, Kolkata - WBPCB",2024-02-25,102.0,49.76,102.51,13.22,7.96,0.47,16.85,38.02,mean_of_source_observations,21.1,70,19.1,1015.7,115.0,93.0,127.0,111.66666666666667,123.14285714285714,106.0,6,2,0.8211001178128892,0.5707841943569036
"Bidhannagar, Kolkata - WBPCB",2024-02-26,106.0,51.64,109.18,14.29,10.81,0.49,15.65,38.7,mean_of_source_observations,22.3,65,11.2,1015.9,102.0,115.0,93.0,103.33333333333333,109.14285714285714,119.0,0,2,0.8307970168121247,0.5565755266413303
"Bidhannagar, Kolkata - WBPCB",2024-02-27,119.0,65.02,128.5,19.3,11.18,0.54,16.8,39.86,mean_of_source_observations,22.8,64,8.2,1014.6,106.0,102.0,115.0,107.66666666666667,108.28571428571429,142.0,1,2,0.8402480696078469,0.5422021592729844
"Bidhannagar, Kolkata - WBPCB",2024-02-28,142.0,72.47,140.94,20.59,13.75,0.71,24.7,42.29,mean_of_source_observations,23.8,72,10.5,1012.8,119.0,106.0,102.0,109.0,110.42857142857143,140.0,2,2,0.8494504794814806,0.527668345562516
"Bidhannagar, Kolkata - WBPCB",2024-02-29,140.0,72.06,141.32,20.59,10.6,0.72,6.74,42.69,mean_of_source_observations,23.9,66,9.7,1013.3,142.0,119.0,106.0,122.33333333333333,114.85714285714286,110.0,3,2,0.8584015232918917,0.512978386299228
"Bidhannagar, Kolkata - WBPCB",2024-03-01,110.0,52.63,115.55,23.04,5.26,1.62,42.51,38.76,mean_of_source_observations,24.0,65,9.9,1014.0,140.0,142.0,119.0,133.66666666666666,116.71428571428571,155.0,4,3,0.8670985522812081,0.4981366284784055
"Bidhannagar, Kolkata - WBPCB",2024-03-02,155.0,76.57,140.54,21.09,5.69,1.84,6.85,40.24,mean_of_source_observations,24.8,69,8.9,1013.0,110.0,140.0,142.0,130.66666666666666,119.14285714285714,114.0,5,3,0.8755389928586302,0.4831474640149687
"Bidhannagar, Kolkata - WBPCB",2024-03-03,114.0,64.19,120.98,14.5,5.29,0.8,8.3,40.06,mean_of_source_observations,25.7,75,7.7,1012.3,155.0,110.0,140.0,135.0,124.85714285714286,117.0,6,3,0.8837203473619977,0.4680153284438345
"Bidhannagar, Kolkata - WBPCB",2024-03-04,117.0,63.05,125.21,14.89,2.86,1.23,6.38,39.61,mean_of_source_observations,25.3,69,21.7,1012.3,114.0,155.0,110.0,126.33333333333333,126.57142857142857,107.0,0,3,0.8916401947968874,0.45274469960737107
"Bidhannagar, Kolkata - WBPCB",2024-03-05,107.0,59.38,110.72,16.07,4.4,0.87,10.81,39.54,mean_of_source_observations,25.4,73,11.4,1012.4,117.0,114.0,155.0,128.66666666666666,128.14285714285714,108.0,1,3,0.8992961915530253,0.4373400963303323
"Bidhannagar, Kolkata - WBPCB",2024-03-06,108.0,55.77,111.59,17.9,4.25,1.11,24.61,38.8,mean_of_source_observations,23.8,64,12.6,1012.7,107.0,117.0,114.0,112.66666666666667,126.42857142857143,125.0,2,3,0.9066860720977985,0.4218060770826634
"Bidhannagar, Kolkata - WBPCB",2024-03-07,125.0,67.55,129.83,20.29,4.96,1.53,8.9,36.45,mean_of_source_observations,23.8,64,11.0,1012.0,108.0,107.0,117.0,110.66666666666667,121.57142857142857,103.0,3,3,0.9138076496466615,0.40614723863057883
"Bidhannagar, Kolkata - WBPCB",2024-03-08,103.0,50.84,104.39,15.79,9.99,1.82,24.4,34.42,mean_of_source_observations,24.1,54,12.6,1012.3,125.0,108.0,107.0,113.33333333333333,119.42857142857143,123.0,4,3,0.9206588168102428,0.3903682146763026
"Bidhannagar, Kolkata - WBPCB",2024-03-09,123.0,62.74,134.89,18.04,7.35,3.81,11.17,42.09,mean_of_source_observations,23.3,55,11.5,1013.4,103.0,125.0,108.0,112.0,118.42857142857143,137.0,5,3,0.9272375462179537,0.374473674486883
"Bidhannagar, Kolkata - WBPCB",2024-03-10,137.0,71.0,145.98,16.94,9.1,3.4,11.85,37.47,mean_of_source_observations,23.3,56,11.2,1014.8,123.0,103.0,125.0,117.0,113.85714285714286,169.0,6,3,0.9335418911179212,0.35846832151248087
"Bidhannagar, Kolkata - WBPCB",2024-03-11,169.0,80.57,185.04,17.44,11.22,3.54,12.52,37.34,mean_of_source_observations,24.6,56,10.7,1014.1,137.0,123.0,103.0,121.0,117.14285714285714,104.0,0,3,0.9395699859530622,0.342356891994542
"Bidhannagar, Kolkata - WBPCB",2024-03-12,104.0,46.97,103.2,12.51,7.26,2.34,11.81,37.94,mean_of_source_observations,27.1,76,13.5,1011.5,169.0,137.0,123.0,143.0,124.57142857142857,82.0,1,3,0.945320046913132,0.3261441535642696
"Bidhannagar, Kolkata - WBPCB",2024-03-13,82.0,36.42,74.1,10.28,4.35,1.65,23.15,38.3,mean_of_source_observations,27.7,74,15.2,1011.3,104.0,169.0,137.0,136.66666666666666,124.14285714285714,86.0,2,3,0.9507903724625832,0.3098349038318025
"Bidhannagar, Kolkata - WBPCB",2024-03-14,86.0,41.18,85.72,11.07,7.9,1.27,37.3,37.55,mean_of_source_observations,26.1,85,18.7,1011.1,82.0,104.0,169.0,118.33333333333333,120.42857142857143,98.0,3,3,0.9559793438440766,0.2934339689665273
"Bidhannagar, Kolkata - WBPCB",2024-03-15,98.0,41.76,97.58,10.04,6.24,1.04,40.8,35.87,mean_of_source_observations,26.6,81,21.0,1011.6,86.0,82.0,104.0,90.66666666666667,114.85714285714286,66.0,4,3,0.9608854255574977,0.27694620226893646
"Bidhannagar, Kolkata - WBPCB",2024-03-17,,,,,,,,,mean_of_source_observations,25.9,82,9.5,1012.9,66.0,98.0,86.0,83.33333333333333,106.0,97.0,6,3,0.969843196967294,0.24372971360968387
"Bidhannagar, Kolkata - WBPCB",2024-03-25,,,,,,,,,mean_of_source_observations,27.0,84,16.6,1010.4,73.0,99.0,92.0,88.0,80.57142857142857,59.0,0,3,0.9941098647022418,0.10837701279187609
"Bidhannagar, Kolkata - WBPCB",2024-04-02,102.0,40.98,103.39,20.35,10.33,0.52,59.71,35.09,mean_of_source_observations,30.1,69,13.2,1005.2,100.0,86.0,77.0,87.66666666666667,80.28571428571429,97.0,1,4,0.9995786855478958,-0.029025013321975237
"Bidhannagar, Kolkata - WBPCB",2024-04-03,97.0,40.31,96.94,21.13,6.16,0.45,49.65,31.18,mean_of_source_observations,30.2,75,15.6,1007.3,102.0,100.0,86.0,96.0,86.42857142857143,69.0,2,4,0.9989315138848577,-0.046215046983708354
"Bidhannagar, Kolkata - WBPCB",2024-04-04,69.0,32.94,68.88,17.14,4.14,0.39,41.77,31.22,mean_of_source_observations,30.0,82,20.8,1006.8,97.0,102.0,100.0,99.66666666666667,90.28571428571429,91.0,3,4,0.9979887423155984,-0.06339140486951038
"Bidhannagar, Kolkata - WBPCB",2024-04-05,91.0,46.06,91.48,18.65,5.27,0.5,48.68,31.06,mean_of_source_observations,31.5,77,18.3,1004.9,69.0,97.0,102.0,89.33333333333333,88.0,86.0,4,4,0.9967506498213929,-0.08054900421874167
"Bidhannagar, Kolkata - WBPCB",2024-04-06,86.0,44.5,85.59,15.2,3.38,0.41,47.43,29.42,mean_of_source_observations,30.7,80,19.1,1005.6,91.0,69.0,97.0,85.66666666666667,88.85714285714286,67.0,5,4,0.9952176027737294,-0.09768276782171598
"Bidhannagar, Kolkata - WBPCB",2024-04-07,67.0,33.27,67.29,22.4,4.62,0.51,46.72,27.5,mean_of_source_observations,30.2,75,17.8,1006.9,86.0,91.0,69.0,82.0,90.14285714285714,77.0,6,4,0.9933900548258936,-0.11478762552212701
"Bidhannagar, Kolkata - WBPCB",2024-04-08,77.0,40.63,77.22,29.04,8.35,0.53,37.94,27.75,mean_of_source_observations,27.3,70,22.1,1010.3,67.0,86.0,91.0,81.33333333333333,87.42857142857143,87.0,0,4,0.9912685467787256,-0.13185851571739118
"Bidhannagar, Kolkata - WBPCB",2024-04-09,87.0,42.1,86.67,31.38,11.1,0.75,47.73,27.59,mean_of_source_observations,28.1,64,10.9,1010.0,77.0,67.0,86.0,76.66666666666667,84.14285714285714,142.0,1,4,0.9888537064205885,-0.1488903868564548
"Bidhannagar, Kolkata - WBPCB",2024-04-10,142.0,72.61,134.45,55.3,9.22,0.89,46.53,25.26,mean_of_source_observations,29.1,62,14.5,1010.0,87.0,77.0,67.0,77.0,82.0,165.0,2,4,0.986146248341595,-0.16587819893463143
"Bidhannagar, Kolkata - WBPCB",2024-04-11,165.0,79.41,145.02,33.32,7.16,1.0,35.01,29.61,mean_of_source_observations,27.3,72,16.6,1011.3,142.0,87.0,77.0,102.0,88.42857142857143,92.0,3,4,0.9831469737221499,-0.1828169249850199
"Bidhannagar, Kolkata - WBPCB",2024-04-12,92.0,42.19,91.99,17.27,7.4,0.65,57.65,29.69,mean_of_source_observations,28.4,64,9.0,1010.5,165.0,142.0,87.0,131.33333333333334,102.14285714285714,100.0,4,4,0.9798567700958665,-0.1997015525660636
"Bidhannagar, Kolkata - WBPCB",2024-04-13,100.0,48.35,100.3,17.48,8.68,0.64,71.19,30.32,mean_of_source_observations,29.4,63,9.2,1009.9,92.0,165.0,142.0,133.0,102.28571428571429,85.0,5,4,0.9762766110869321,-0.21652708524481437
"Bidhannagar, Kolkata - WBPCB",2024-04-14,85.0,43.02,85.44,16.16,7.72,0.53,71.21,30.31,mean_of_source_observations,30.0,61,10.8,1009.9,100.0,92.0,165.0,119.0,104.28571428571429,86.0,6,4,0.9724075561219968,-0.23328854407545518
"Bidhannagar, Kolkata - WBPCB",2024-04-15,86.0,42.48,85.87,11.88,5.77,0.55,67.84,31.25,mean_of_source_observations,31.2,64,15.4,1008.7,85.0,100.0,92.0,92.33333333333333,106.85714285714286,77.0,0,4,0.9682507501166718,-0.2499809690726521
"Bidhannagar, Kolkata - WBPCB",2024-04-16,77.0,36.97,76.93,17.02,5.89,0.55,60.57,31.66,mean_of_source_observations,32.2,59,14.5,1006.3,86.0,85.0,100.0,90.33333333333333,108.14285714285714,96.0,1,4,0.9638074231367307,-0.26659942067929354
"Bidhannagar, Kolkata - WBPCB",2024-04-17,96.0,47.72,95.98,26.17,7.36,0.68,67.25,32.47,mean_of_source_observations,32.3,60,10.5,1004.5,77.0,86.0,85.0,82.66666666666667,106.71428571428571,93.0,2,4,0.9590788900341131,-0.28313898122818354
"Bidhannagar, Kolkata - WBPCB",2024-04-18,93.0,40.13,93.07,36.97,6.08,0.69,62.51,29.78,mean_of_source_observations,31.9,52,13.1,1004.2,96.0,77.0,86.0,86.33333333333333,100.14285714285714,95.0,3,4,0.9540665500578387,-0.2995947563972602
"Bidhannagar, Kolkata - WBPCB",2024-04-19,95.0,38.39,95.47,24.33,12.13,0.58,81.97,31.94,mean_of_source_observations,32.1,56,23.8,1002.0,93.0,96.0,77.0,88.66666666666667,89.85714285714286,71.0,4,4,0.9487718864399473,-0.31596187665790293
"Bidhannagar, Kolkata - WBPCB",2024-04-20,71.0,31.41,71.33,20.61,9.32,0.57,60.81,32.42,mean_of_source_observations,32.8,64,24.6,1001.3,95.0,93.0,96.0,94.66666666666667,90.28571428571429,79.0,5,4,0.9431964659565866,-0.33223549871590435
"Bidhannagar, Kolkata - WBPCB",2024-04-21,79.0,33.89,78.88,21.31,7.79,0.56,60.62,31.13,mean_of_source_observations,33.5,62,21.5,1002.5,71.0,95.0,93.0,86.33333333333333,86.14285714285714,102.0,6,4,0.9373419384643772,-0.3484108069446808
"Bidhannagar, Kolkata - WBPCB",2024-04-22,102.0,41.62,102.65,36.35,8.4,0.74,60.24,29.85,mean_of_source_observations,33.2,55,16.0,1004.6,79.0,71.0,95.0,81.66666666666667,85.28571428571429,84.0,0,4,0.9312100364121947,-0.3644830148102912
"Bidhannagar, Kolkata - WBPCB",2024-04-23,84.0,44.34,83.92,35.37,18.68,0.7,63.59,32.26,mean_of_source_observations,32.4,47,17.8,1004.5,102.0,79.0,71.0,84.0,87.57142857142857,83.0,1,4,0.9248025743285089,-0.38044736628785164
"Bidhannagar, Kolkata - WBPCB",2024-04-24,83.0,42.1,82.9,24.24,26.52,0.69,82.83,33.62,mean_of_source_observations,33.3,49,14.8,1003.5,84.0,102.0,79.0,88.33333333333333,88.57142857142857,86.0,2,4,0.9181214482844365,-0.39629913726891813
"Bidhannagar, Kolkata - WBPCB",2024-04-25,86.0,35.73,86.03,28.1,16.93,0.69,79.88,32.61,mean_of_source_observations,33.1,50,15.2,1004.0,83.0,84.0,102.0,89.66666666666667,86.71428571428571,74.0,3,4,0.9111686353326631,-0.41203363695942635
"Bidhannagar, Kolkata - WBPCB",2024-04-26,74.0,36.98,74.04,19.63,7.46,0.64,48.08,37.33,mean_of_source_observations,32.8,68,19.5,1003.7,86.0,83.0,84.0,84.33333333333333,85.71428571428571,65.0,4,4,0.9039461929224011,-0.42764620926777464
"Bidhannagar, Kolkata - WBPCB",2024-04-28,,,,,,,,,mean_of_source_observations,33.7,59,15.3,1004.2,65.0,74.0,86.0,75.0,81.85714285714286,98.0,6,4,0.8887010478292915,-0.45848712914008766
"Bidhannagar, Kolkata - WBPCB",2024-05-06,48.0,18.42,48.23,13.56,9.54,0.44,32.96,34.66,mean_of_source_observations,30.1,79,34.4,1004.1,56.0,64.0,89.0,69.66666666666667,83.28571428571429,46.0,0,5,0.8174009818249189,-0.5760691233798758
"Bidhannagar, Kolkata - WBPCB",2024-05-07,46.0,11.4,25.8,16.65,11.4,0.47,45.85,35.12,mean_of_source_observations,28.5,77,25.0,1008.1,48.0,56.0,64.0,56.0,76.14285714285714,46.0,1,5,0.8073707443023492,-0.5900444739548627
"Bidhannagar, Kolkata - WBPCB",2024-05-08,46.0,10.11,18.69,14.5,12.86,0.48,46.07,35.31,mean_of_source_observations,26.7,82,17.4,1009.0,46.0,48.0,56.0,50.0,71.14285714285714,40.0,2,5,0.7971015927871943,-0.6038452208771035
"Bidhannagar, Kolkata - WBPCB",2024-05-09,40.0,11.57,24.23,15.77,7.18,0.52,39.59,36.21,mean_of_source_observations,26.7,86,16.5,1007.9,46.0,46.0,48.0,46.666666666666664,62.0,34.0,3,5,0.7865965660866021,-0.6174672802835514
"Bidhannagar, Kolkata - WBPCB",2024-05-10,34.0,14.01,33.36,20.43,9.35,0.57,33.78,36.48,mean_of_source_observations,26.8,86,12.7,1008.3,40.0,46.0,46.0,44.0,55.57142857142857,36.0,4,5,0.7758587728069828,-0.6309066211876704
"Bidhannagar, Kolkata - WBPCB",2024-05-11,36.0,15.19,36.14,16.94,7.16,0.52,31.34,35.38,mean_of_source_observations,28.1,85,19.9,1008.6,34.0,40.0,46.0,40.0,47.714285714285715,44.0,5,5,0.7648913904341226,-0.6441592666722685
"Bidhannagar, Kolkata - WBPCB",2024-05-12,44.0,18.14,44.27,17.97,9.24,0.58,41.66,35.17,mean_of_source_observations,27.9,83,15.8,1008.9,36.0,34.0,40.0,36.666666666666664,43.714285714285715,50.0,6,5,0.753697664392914,-0.6572212950663319
"Bidhannagar, Kolkata - WBPCB",2024-05-13,50.0,18.62,49.98,18.13,9.19,0.56,40.72,35.25,mean_of_source_observations,29.2,78,13.2,1008.3,44.0,36.0,34.0,38.0,42.0,56.0,0,5,0.742280907086982,-0.6700888411055113
"Bidhannagar, Kolkata - WBPCB",2024-05-14,56.0,22.87,56.49,17.77,7.62,0.55,33.76,34.91,mean_of_source_observations,29.7,81,12.0,1008.2,50.0,44.0,36.0,43.333333333333336,42.285714285714285,42.0,1,5,0.7306444969184916,-0.6827580970759147
"Bidhannagar, Kolkata - WBPCB",2024-05-15,42.0,15.54,42.38,17.33,8.33,0.55,30.95,35.39,mean_of_source_observations,30.4,75,12.4,1008.7,56.0,50.0,44.0,50.0,43.714285714285715,40.0,2,5,0.7187918772884232,-0.6952253139408722
"Bidhannagar, Kolkata - WBPCB",2024-05-16,40.0,14.73,40.04,17.16,7.3,0.41,28.9,34.16,mean_of_source_observations,30.7,76,13.6,1008.1,42.0,56.0,50.0,49.333333333333336,43.142857142857146,35.0,3,5,0.7067265555776158,-0.7074868024503348
"Bidhannagar, Kolkata - WBPCB",2024-05-17,35.0,12.6,35.18,16.36,7.24,0.41,35.47,33.43,mean_of_source_observations,31.8,73,19.4,1005.8,40.0,42.0,56.0,46.0,43.142857142857146,49.0,4,5,0.6944521021088763,-0.719538934232584
"Bidhannagar, Kolkata - WBPCB",2024-05-18,49.0,19.0,45.5,18.18,8.3,0.48,48.83,33.19,mean_of_source_observations,32.0,72,17.1,1004.1,35.0,40.0,42.0,39.0,43.285714285714285,47.0,5,5,0.6819721490904629,-0.7313781428679254
"Bidhannagar, Kolkata - WBPCB",2024-05-19,47.0,19.26,46.8,17.13,7.84,0.46,34.23,32.71,mean_of_source_observations,31.0,75,14.2,1003.2,49.0,35.0,40.0,41.333333333333336,45.142857142857146,23.0,6,5,0.6692903895412567,-0.7430009249440493
"Bidhannagar, Kolkata - WBPCB",2024-05-20,23.0,6.98,21.07,15.59,6.35,0.41,22.82,32.26,mean_of_source_observations,29.3,84,16.7,1003.7,47.0,49.0,35.0,43.666666666666664,45.57142857142857,34.0,0,5,0.6564105761979381,-0.7544038410927472
"Bidhannagar, Kolkata - WBPCB",2024-05-21,34.0,10.47,33.9,18.79,7.57,0.49,22.16,32.66,mean_of_source_observations,29.4,83,13.8,1004.0,23.0,47.0,49.0,39.666666666666664,41.714285714285715,30.0,1,5,0.6433365204044917,-0.765583517007675
"Bidhannagar, Kolkata - WBPCB",2024-05-22,30.0,9.74,30.17,20.7,5.05,0.56,16.59,33.48,mean_of_source_observations,29.9,79,13.7,1004.1,34.0,23.0,47.0,34.666666666666664,38.57142857142857,36.0,2,5,0.6300720909843687,-0.7765366444428655
"Bidhannagar, Kolkata - WBPCB",2024-05-23,36.0,15.56,36.11,16.91,6.55,0.49,15.87,35.51,mean_of_source_observations,30.1,78,21.7,1002.7,30.0,34.0,23.0,29.0,36.857142857142854,46.0,3,5,0.6166212130956382,-0.7872599821916922
"Bidhannagar, Kolkata - WBPCB",2024-05-24,46.0,13.88,45.82,17.19,9.05,0.51,26.97,35.22,mean_of_source_observations,30.9,75,15.5,1000.9,36.0,30.0,34.0,33.333333333333336,36.285714285714285,43.0,4,5,0.6029878670694714,-0.7977503570459932
"Bidhannagar, Kolkata - WBPCB",2024-05-25,43.0,14.07,43.09,16.38,8.22,0.5,29.09,34.45,mean_of_source_observations,31.2,75,16.0,998.6,46.0,36.0,30.0,37.333333333333336,37.857142857142854,27.0,5,5,0.5891760872322963,-0.8080046647350754
"Bidhannagar, Kolkata - WBPCB",2024-05-26,27.0,8.99,27.2,13.37,9.84,0.44,21.03,34.36,mean_of_source_observations,27.9,87,43.2,992.9,43.0,46.0,36.0,41.666666666666664,37.0,30.0,6,5,0.5751899607119775,-0.8180198708443175
"Bidhannagar, Kolkata - WBPCB",2024-05-27,30.0,8.71,26.08,12.39,9.73,0.44,30.46,34.66,mean_of_source_observations,26.9,90,45.1,987.0,27.0,43.0,46.0,38.666666666666664,34.142857142857146,72.0,0,5,0.5610336262283677,-0.8277930117131022
"Bidhannagar, Kolkata - WBPCB",2024-05-28,72.0,27.08,71.63,17.38,8.3,0.59,40.66,33.59,mean_of_source_observations,30.7,81,22.9,996.4,30.0,27.0,43.0,33.333333333333336,35.142857142857146,76.0,1,5,0.5467112728685939,-0.8373211953118121
"Bidhannagar, Kolkata - WBPCB",2024-05-29,76.0,25.83,76.5,14.29,7.39,0.52,34.89,32.97,mean_of_source_observations,31.9,83,31.1,997.7,72.0,30.0,27.0,43.0,40.57142857142857,72.0,2,5,0.5322271388474397,-0.8466016020976267
"Bidhannagar, Kolkata - WBPCB",2024-05-30,72.0,26.44,71.58,14.51,6.61,0.51,29.6,32.45,mean_of_source_observations,31.7,80,30.3,1000.1,76.0,72.0,30.0,59.333333333333336,47.142857142857146,44.0,3,5,0.5175855102531889,-0.8556314858488706
"Bidhannagar, Kolkata - WBPCB",2024-05-31,44.0,16.98,44.04,17.84,7.88,0.62,37.19,32.42,mean_of_source_observations,30.8,82,28.2,1001.9,72.0,76.0,72.0,73.33333333333333,52.285714285714285,50.0,4,5,0.5027907197793043,-0.8644081744776648
"Bidhannagar, Kolkata - WBPCB",2024-06-01,50.0,17.29,50.11,13.89,7.15,0.52,18.95,33.0,mean_of_source_observations,30.7,83,23.6,1003.3,44.0,72.0,76.0,64.0,52.0,53.0,5,6,0.4878471454423119,-0.8729290708206411
"Bidhannagar, Kolkata - WBPCB",2024-06-02,53.0,18.26,53.49,14.35,6.12,0.52,19.18,33.0,mean_of_source_observations,31.2,81,21.6,1003.9,50.0,44.0,72.0,55.333333333333336,53.0,52.0,6,6,0.47275920928627757,-0.881191653407483
"Bidhannagar, Kolkata - WBPCB",2024-06-03,52.0,18.58,52.1,17.75,8.39,0.57,42.93,37.4,mean_of_source_observations,31.0,78,21.3,1003.3,53.0,50.0,44.0,49.0,56.714285714285715,53.0,0,6,0.4575313760742512,-0.8891934772070711
"Bidhannagar, Kolkata - WBPCB",2024-06-04,53.0,21.18,53.41,18.18,8.42,0.56,39.86,35.88,mean_of_source_observations,31.4,79,19.6,1003.2,52.0,53.0,50.0,51.666666666666664,59.857142857142854,68.0,1,6,0.44216815196707204,-0.8969321743510065
"Bidhannagar, Kolkata - WBPCB",2024-06-05,68.0,30.9,67.7,24.39,9.96,0.68,44.74,34.74,mean_of_source_observations,31.5,80,21.1,1003.5,53.0,52.0,53.0,52.666666666666664,57.142857142857146,76.0,2,6,0.42667408318992467,-0.9044054548343001
"Bidhannagar, Kolkata - WBPCB",2024-06-06,76.0,33.53,76.08,22.53,7.32,0.69,44.65,34.36,mean_of_source_observations,31.4,83,19.3,1003.3,68.0,53.0,52.0,57.666666666666664,56.0,71.0,3,6,0.4110537546870351,-0.9116111071930239
"Bidhannagar, Kolkata - WBPCB",2024-06-07,71.0,28.52,71.08,22.67,7.83,0.67,47.81,33.79,mean_of_source_observations,31.3,79,22.4,1002.0,76.0,68.0,53.0,65.66666666666667,56.57142857142857,61.0,4,6,0.3953117887649151,-0.9185469991587165
"Bidhannagar, Kolkata - WBPCB",2024-06-08,61.0,21.24,61.11,19.2,9.15,0.62,43.77,33.45,mean_of_source_observations,31.3,78,21.3,1000.9,71.0,76.0,68.0,71.66666666666667,60.42857142857143,66.0,5,6,0.37945284372454435,-0.925211078289358
"Bidhannagar, Kolkata - WBPCB",2024-06-09,66.0,24.03,66.49,19.27,7.14,0.62,47.07,33.24,mean_of_source_observations,31.9,79,17.1,1000.1,61.0,71.0,76.0,69.33333333333333,62.0,63.0,6,6,0.36348161248290634,-0.9316013725767187
"Bidhannagar, Kolkata - WBPCB",2024-06-10,63.0,21.84,63.41,18.29,6.81,0.64,46.17,32.93,mean_of_source_observations,32.0,76,18.4,1000.5,66.0,61.0,71.0,66.0,63.857142857142854,52.0,0,6,0.3474028211842774,-0.9377159910299093
"Bidhannagar, Kolkata - WBPCB",2024-06-11,52.0,15.42,51.62,17.09,8.06,0.6,31.59,32.55,mean_of_source_observations,31.8,76,19.1,1000.3,63.0,66.0,61.0,63.333333333333336,65.42857142857143,55.0,1,6,0.3312212278016865,-0.9435531242349544
"Bidhannagar, Kolkata - WBPCB",2024-06-12,55.0,18.46,54.89,26.14,6.52,0.62,38.56,37.28,mean_of_source_observations,31.5,76,20.1,1000.9,52.0,63.0,66.0,60.333333333333336,65.28571428571429,54.0,2,6,0.31494162072895193,-0.9491110448902284
"Bidhannagar, Kolkata - WBPCB",2024-06-13,54.0,24.58,54.02,17.18,7.2,0.65,38.81,33.47,mean_of_source_observations,32.0,75,24.7,999.9,55.0,52.0,63.0,56.666666666666664,63.42857142857143,70.0,3,6,0.2985688173637202,-0.9543881083175908
"Bidhannagar, Kolkata - WBPCB",2024-06-14,70.0,28.2,70.14,17.65,7.19,0.71,49.42,32.71,mean_of_source_observations,32.5,75,19.9,998.8,54.0,55.0,52.0,53.666666666666664,60.285714285714285,63.0,4,6,0.2821076626819194,-0.9593827529490743
"Bidhannagar, Kolkata - WBPCB",2024-06-15,63.0,28.59,62.68,16.54,6.46,0.7,45.18,32.11,mean_of_source_observations,32.2,76,22.0,999.1,70.0,54.0,55.0,59.666666666666664,60.142857142857146,56.0,5,6,0.26556302780405594,-0.9640935007889755
"Bidhannagar, Kolkata - WBPCB",2024-06-16,56.0,21.45,56.1,15.28,7.63,0.67,42.0,31.35,mean_of_source_observations,32.6,73,20.0,1000.7,63.0,70.0,54.0,62.333333333333336,60.42857142857143,60.0,6,6,0.24893980855376657,-0.9685189578512204
"Bidhannagar, Kolkata - WBPCB",2024-06-17,60.0,23.37,59.76,14.36,6.13,0.67,41.12,31.98,mean_of_source_observations,32.5,74,29.1,1001.0,56.0,63.0,70.0,63.0,59.0,61.0,0,6,0.23224292400907015,-0.9726578145718654
"Bidhannagar, Kolkata - WBPCB",2024-06-18,61.0,26.48,60.8,16.07,6.2,0.7,41.01,31.66,mean_of_source_observations,30.6,83,24.5,999.5,60.0,56.0,63.0,59.666666666666664,58.57142857142857,53.0,1,6,0.21547731504673012,-0.976508846196619
"Bidhannagar, Kolkata - WBPCB",2024-06-19,53.0,24.33,52.97,30.93,7.57,0.72,29.39,32.21,mean_of_source_observations,30.3,83,23.4,998.7,61.0,60.0,56.0,59.0,59.857142857142854,47.0,2,6,0.19864794288017112,-0.9800709131432666
"Bidhannagar, Kolkata - WBPCB",2024-06-20,47.0,15.31,41.45,37.51,6.74,0.7,13.06,26.15,mean_of_source_observations,29.5,85,20.0,999.6,53.0,61.0,60.0,58.0,59.57142857142857,51.0,3,6,0.18175978759137534,-0.9833429613388902
"Bidhannagar, Kolkata - WBPCB",2024-06-21,51.0,19.06,36.15,40.49,8.12,0.77,22.98,26.43,mean_of_source_observations,29.1,86,12.0,1000.7,47.0,53.0,61.0,53.666666666666664,58.57142857142857,47.0,4,6,0.16481784665719793,-0.9863240225317866
"Bidhannagar, Kolkata - WBPCB",2024-06-22,47.0,14.74,29.07,37.44,7.51,0.72,13.61,25.67,mean_of_source_observations,29.3,83,17.3,1000.2,51.0,47.0,53.0,50.333333333333336,55.857142857142854,44.0,5,6,0.14782713347053048,-0.9890132145779883
"Bidhannagar, Kolkata - WBPCB",2024-06-23,44.0,9.85,24.41,34.96,6.48,0.68,13.63,25.46,mean_of_source_observations,29.6,83,16.7,1000.9,47.0,51.0,47.0,48.333333333333336,53.57142857142857,45.0,6,6,0.13079267585675922,-0.9914097417023038
"Bidhannagar, Kolkata - WBPCB",2024-06-24,45.0,16.08,36.37,36.21,7.62,0.73,13.8,25.25,mean_of_source_observations,30.2,79,18.4,1000.2,44.0,47.0,51.0,47.333333333333336,51.857142857142854,45.0,0,6,0.11371951458594969,-0.9935128947338007
"Bidhannagar, Kolkata - WBPCB",2024-06-25,45.0,17.47,45.13,35.29,7.38,0.73,14.49,25.07,mean_of_source_observations,30.8,77,16.1,999.6,45.0,44.0,47.0,45.333333333333336,49.714285714285715,43.0,1,6,0.0966127018812031,-0.9953220513156602
"Bidhannagar, Kolkata - WBPCB",2024-06-26,43.0,11.0,26.74,34.26,7.34,0.71,13.68,24.85,mean_of_source_observations,30.1,79,14.0,1000.3,45.0,45.0,44.0,44.666666666666664,47.42857142857143,43.0,2,6,0.07947729992362097,-0.9968366760893436
"Bidhannagar, Kolkata - WBPCB",2024-06-27,43.0,5.62,11.26,34.16,8.18,0.71,13.74,25.17,mean_of_source_observations,29.0,85,17.3,1001.3,43.0,45.0,45.0,44.333333333333336,46.0,45.0,3,6,0.062318379354325076,-0.998056320853012
"Bidhannagar, Kolkata - WBPCB",2024-06-28,45.0,5.41,17.38,35.65,7.54,0.77,15.72,25.44,mean_of_source_observations,29.1,86,13.8,999.3,43.0,43.0,45.0,43.666666666666664,45.42857142857143,48.0,4,6,0.04514101777397193,-0.9989806246941579
"Bidhannagar, Kolkata - WBPCB",2024-06-29,48.0,11.12,34.44,38.09,9.4,0.86,12.53,24.65,mean_of_source_observations,28.9,87,16.9,999.3,45.0,43.0,43.0,43.666666666666664,44.57142857142857,51.0,5,6,0.02795029824021032,-0.999609314096404
"Bidhannagar, Kolkata - WBPCB",2024-06-30,51.0,19.83,50.84,38.88,9.12,0.91,12.67,24.54,mean_of_source_observations,28.2,89,18.8,999.6,48.0,45.0,43.0,45.333333333333336,44.714285714285715,54.0,6,6,0.01075130776352193,-0.9999422030204416
"Bidhannagar, Kolkata - WBPCB",2024-07-01,54.0,19.66,53.58,40.44,9.95,0.89,12.87,24.09,mean_of_source_observations,28.1,88,19.6,999.2,51.0,48.0,45.0,48.0,45.714285714285715,53.0,0,7,-0.00645086419810515,-0.9999791929590823
"Bidhannagar, Kolkata - WBPCB",2024-07-02,53.0,15.84,41.62,42.51,10.34,0.9,11.38,23.9,mean_of_source_observations,27.4,91,18.4,998.3,54.0,51.0,48.0,51.0,47.0,52.0,1,7,-0.023651127245231586,-0.9997202729664083
"Bidhannagar, Kolkata - WBPCB",2024-07-03,52.0,18.36,46.53,41.61,9.91,0.87,11.68,23.96,mean_of_source_observations,27.2,91,18.6,1000.0,53.0,54.0,51.0,52.666666666666664,48.142857142857146,51.0,2,7,-0.04084439154329611,-0.9991655196610109
"Bidhannagar, Kolkata - WBPCB",2024-07-04,51.0,20.26,50.89,40.5,8.91,0.92,12.71,24.58,mean_of_source_observations,28.1,87,20.0,1001.5,52.0,53.0,54.0,53.0,49.42857142857143,49.0,3,7,-0.05802556932878035,-0.9983150972033183
"Bidhannagar, Kolkata - WBPCB",2024-07-05,49.0,18.03,48.94,36.24,8.15,0.81,13.12,24.36,mean_of_source_observations,29.0,83,20.3,1000.9,51.0,52.0,53.0,52.0,50.57142857142857,48.0,4,7,-0.07518957641475855,-0.9971692572470178
"Bidhannagar, Kolkata - WBPCB",2024-07-06,48.0,20.08,48.24,35.93,7.5,0.82,12.21,24.42,mean_of_source_observations,28.8,84,19.4,1000.8,49.0,51.0,52.0,50.666666666666664,51.142857142857146,43.0,5,7,-0.09233133369539122,-0.9957283388645872
"Bidhannagar, Kolkata - WBPCB",2024-07-07,43.0,10.02,33.99,34.64,7.9,0.8,12.55,24.39,mean_of_source_observations,29.0,83,17.2,1002.3,48.0,49.0,51.0,49.333333333333336,51.142857142857146,39.0,6,7,-0.10944576864891556,-0.993992768446958
"Bidhannagar, Kolkata - WBPCB",2024-07-08,39.0,15.51,35.31,31.38,7.25,0.78,20.36,25.6,mean_of_source_observations,29.1,81,16.5,1002.8,43.0,48.0,49.0,46.666666666666664,50.0,40.0,0,7,-0.12652781683868314,-0.9919630595773397
"Bidhannagar, Kolkata - WBPCB",2024-07-09,40.0,18.55,30.92,18.17,7.67,0.79,31.06,26.91,mean_of_source_observations,29.3,82,18.3,1003.7,39.0,43.0,48.0,43.333333333333336,47.857142857142854,42.0,1,7,-0.1435724234118113,-0.9896398128792412
"Bidhannagar, Kolkata - WBPCB",2024-07-10,42.0,24.02,42.39,19.21,9.21,0.8,29.56,27.39,mean_of_source_observations,29.7,80,22.3,1004.1,40.0,39.0,43.0,40.666666666666664,46.0,58.0,2,7,-0.16057454459499376,-0.9870237158387383
"Bidhannagar, Kolkata - WBPCB",2024-07-11,58.0,32.97,58.08,20.81,5.79,0.85,29.75,28.33,mean_of_source_observations,29.7,83,19.3,1001.3,42.0,40.0,39.0,40.333333333333336,44.57142857142857,50.0,3,7,-0.17752914918703497,-0.984115542601034
"Bidhannagar, Kolkata - WBPCB",2024-07-12,50.0,30.02,46.28,25.74,5.35,0.95,30.83,29.16,mean_of_source_observations,28.3,87,16.1,999.5,58.0,42.0,40.0,46.666666666666664,45.57142857142857,52.0,4,7,-0.19443122004766195,-0.9809161537413774
"Bidhannagar, Kolkata - WBPCB",2024-07-13,52.0,31.16,43.17,18.19,6.67,0.86,30.06,29.8,mean_of_source_observations,28.6,85,18.8,997.6,50.0,58.0,42.0,50.0,45.714285714285715,42.0,5,7,-0.2112757555821793,-0.9774264960104055
"Bidhannagar, Kolkata - WBPCB",2024-07-14,42.0,21.27,32.78,16.99,5.52,0.84,29.58,29.81,mean_of_source_observations,29.2,84,15.5,997.5,52.0,50.0,58.0,53.333333333333336,46.285714285714285,41.0,6,7,-0.2280577712215198,-0.9736476020539838
"Bidhannagar, Kolkata - WBPCB",2024-07-15,41.0,13.29,21.94,16.79,6.87,0.82,31.38,30.13,mean_of_source_observations,29.3,82,23.8,999.1,42.0,52.0,50.0,48.0,46.142857142857146,41.0,0,7,-0.24477230089725957,-0.9695805901076308
"Bidhannagar, Kolkata - WBPCB",2024-07-16,41.0,12.75,21.53,17.58,8.19,0.82,29.01,30.0,mean_of_source_observations,29.3,82,14.5,1000.4,41.0,42.0,52.0,45.0,46.42857142857143,42.0,1,7,-0.2614143985111562,-0.965226663665613
"Bidhannagar, Kolkata - WBPCB",2024-07-17,42.0,15.01,23.65,17.37,12.94,0.83,26.78,29.82,mean_of_source_observations,29.3,84,13.9,1000.4,41.0,41.0,42.0,41.333333333333336,46.57142857142857,41.0,2,7,-0.2779791393987801,-0.9605871111248129
"Bidhannagar, Kolkata - WBPCB",2024-07-18,41.0,14.16,25.34,16.67,13.43,0.82,27.06,29.87,mean_of_source_observations,29.9,80,24.1,998.7,42.0,41.0,41.0,41.333333333333336,46.57142857142857,40.0,3,7,-0.2944616217868012,-0.9556633054034704
"Bidhannagar, Kolkata - WBPCB",2024-07-19,40.0,15.1,26.69,16.72,13.94,0.81,28.18,29.85,mean_of_source_observations,29.3,81,24.5,996.6,41.0,42.0,41.0,41.333333333333336,44.142857142857146,40.0,4,7,-0.3108569682435036,-0.9504567035349151
"Bidhannagar, Kolkata - WBPCB",2024-07-20,40.0,13.72,28.33,15.51,10.79,0.81,27.66,29.48,mean_of_source_observations,29.5,79,25.5,997.2,40.0,41.0,42.0,41.0,42.714285714285715,42.0,5,7,-0.3271603271220951,-0.9449688462364056
"Bidhannagar, Kolkata - WBPCB",2024-07-21,42.0,5.52,38.77,16.06,2.61,0.84,27.17,29.32,mean_of_source_observations,29.1,82,21.5,998.0,40.0,40.0,41.0,40.333333333333336,41.0,44.0,6,7,-0.34336687399638804,-0.939201357453208
"Bidhannagar, Kolkata - WBPCB",2024-07-22,44.0,8.03,25.93,17.77,5.7,0.88,23.96,23.29,mean_of_source_observations,29.0,82,19.1,998.4,42.0,40.0,40.0,40.666666666666664,41.0,48.0,0,7,-0.3594718130884232,-0.9331559438780432
"Bidhannagar, Kolkata - WBPCB",2024-07-23,48.0,16.39,27.89,19.67,8.38,0.95,18.38,15.56,mean_of_source_observations,28.5,86,14.7,996.7,44.0,42.0,40.0,42.0,41.42857142857143,50.0,1,7,-0.3754703786876202,-0.9268343944460494
"Bidhannagar, Kolkata - WBPCB",2024-07-24,50.0,23.6,47.13,22.6,8.69,0.99,13.46,16.19,mean_of_source_observations,28.8,85,14.8,993.9,48.0,44.0,42.0,44.666666666666664,42.42857142857143,56.0,2,7,-0.3913578365610259,-0.9202385798054075
"Bidhannagar, Kolkata - WBPCB",2024-07-25,56.0,32.44,55.61,26.69,7.79,1.01,18.45,16.47,mean_of_source_observations,28.3,88,15.0,992.4,50.0,48.0,44.0,47.333333333333336,43.57142857142857,38.0,3,7,-0.4071294853542516,-0.9133704517637858
"Bidhannagar, Kolkata - WBPCB",2024-07-26,38.0,17.99,37.61,18.93,8.1,0.76,13.39,15.67,mean_of_source_observations,28.2,88,18.4,991.7,56.0,50.0,48.0,51.333333333333336,45.714285714285715,36.0,4,7,-0.4227806579826773,-0.9062320427107697
"Bidhannagar, Kolkata - WBPCB",2024-07-27,36.0,10.26,26.59,16.79,7.46,0.73,12.6,16.03,mean_of_source_observations,28.6,86,20.7,995.3,38.0,56.0,50.0,48.0,45.42857142857143,36.0,5,7,-0.4383067230125192,-0.898825465016444
"Bidhannagar, Kolkata - WBPCB",2024-07-28,36.0,7.68,22.31,15.4,7.66,0.71,12.31,16.13,mean_of_source_observations,28.6,87,13.1,997.4,36.0,38.0,56.0,43.333333333333336,44.857142857142854,37.0,6,7,-0.45370308603134424,-0.8911529104063088
"Bidhannagar, Kolkata - WBPCB",2024-07-29,37.0,10.29,22.61,19.53,7.17,0.74,11.99,15.53,mean_of_source_observations,28.2,89,13.1,997.6,36.0,36.0,38.0,36.666666666666664,44.0,38.0,0,7,-0.46896519100763184,-0.8832166493127127
"Bidhannagar, Kolkata - WBPCB",2024-07-30,38.0,22.71,34.97,19.61,7.69,0.77,12.25,15.48,mean_of_source_observations,29.0,84,19.6,999.7,37.0,36.0,36.0,36.333333333333336,43.0,49.0,1,7,-0.48408852163897587,-0.8750190302029955
"Bidhannagar, Kolkata - WBPCB",2024-07-31,49.0,29.1,47.99,27.22,8.24,0.85,12.71,15.48,mean_of_source_observations,28.0,89,13.0,1000.0,38.0,37.0,36.0,37.0,41.57142857142857,42.0,2,7,-0.4990686026885319,-0.8665624788845385
"Bidhannagar, Kolkata - WBPCB",2024-08-01,42.0,25.37,34.32,24.57,7.66,0.83,12.03,15.79,mean_of_source_observations,26.8,93,23.9,997.9,49.0,38.0,37.0,41.333333333333336,41.42857142857143,38.0,3,8,-0.5139010013093103,-0.8578494977869301
"Bidhannagar, Kolkata - WBPCB",2024-08-02,38.0,21.29,31.31,20.48,8.41,0.76,12.17,15.93,mean_of_source_observations,27.5,88,24.4,998.8,42.0,49.0,38.0,43.0,39.42857142857143,37.0,4,8,-0.5285813283559292,-0.8488826652214553
"Bidhannagar, Kolkata - WBPCB",2024-08-03,37.0,16.57,25.12,17.34,6.25,0.74,11.94,16.05,mean_of_source_observations,27.5,88,20.3,1002.0,38.0,42.0,49.0,43.0,39.42857142857143,38.0,5,8,-0.5431052396834317,-0.8396646346181327
"Bidhannagar, Kolkata - WBPCB",2024-08-04,38.0,19.56,36.52,18.83,5.92,0.76,11.94,15.84,mean_of_source_observations,27.6,89,18.7,1004.2,37.0,38.0,42.0,39.0,39.57142857142857,44.0,6,8,-0.5574684374327892,-0.8301981337405212
"Bidhannagar, Kolkata - WBPCB",2024-08-05,44.0,26.2,39.01,21.47,6.99,0.81,12.11,15.88,mean_of_source_observations,28.1,87,15.1,1003.4,38.0,37.0,38.0,37.666666666666664,39.857142857142854,54.0,0,8,-0.5716666713027052,-0.8204859638785327
"Bidhannagar, Kolkata - WBPCB",2024-08-06,54.0,32.33,50.15,20.19,5.13,0.8,13.1,15.42,mean_of_source_observations,28.0,87,14.9,1001.7,44.0,38.0,37.0,39.666666666666664,40.857142857142854,38.0,1,8,-0.5856957398073508,-0.8105309990194823
"Bidhannagar, Kolkata - WBPCB",2024-08-07,38.0,15.07,29.77,16.73,7.57,0.76,16.22,15.88,mean_of_source_observations,27.8,86,18.2,1001.6,54.0,44.0,38.0,45.333333333333336,43.142857142857146,39.0,2,8,-0.5995514915196489,-0.8003361849976323
"Bidhannagar, Kolkata - WBPCB",2024-08-08,39.0,20.47,33.9,17.23,11.71,0.78,15.13,16.05,mean_of_source_observations,28.0,84,20.2,1003.5,38.0,54.0,44.0,45.333333333333336,41.57142857142857,39.0,3,8,-0.6132298262997502,-0.7899045386224707
"Bidhannagar, Kolkata - WBPCB",2024-08-09,39.0,22.94,37.63,18.03,10.25,0.78,15.17,16.06,mean_of_source_observations,27.9,85,18.6,1004.6,39.0,38.0,54.0,43.666666666666664,41.142857142857146,49.0,4,8,-0.6267266965083301,-0.7792391467859886
"Bidhannagar, Kolkata - WBPCB",2024-08-10,49.0,29.48,44.87,20.03,10.83,0.84,15.33,16.04,mean_of_source_observations,27.6,88,16.3,1003.8,39.0,39.0,38.0,38.666666666666664,41.285714285714285,53.0,5,8,-0.6400381082043503,-0.7683431655492202
"Bidhannagar, Kolkata - WBPCB",2024-08-11,53.0,31.58,50.29,19.77,11.4,0.85,15.26,16.09,mean_of_source_observations,28.1,86,15.8,1002.9,49.0,39.0,39.0,42.333333333333336,43.0,55.0,6,8,-0.65316012232693,-0.7572198192083127
"Bidhannagar, Kolkata - WBPCB",2024-08-12,55.0,26.02,54.93,18.96,9.73,0.59,17.55,18.85,mean_of_source_observations,28.7,85,14.7,1003.3,53.0,49.0,39.0,47.0,45.142857142857146,49.0,0,8,-0.666088855860977,-0.7458723993404063
"Bidhannagar, Kolkata - WBPCB",2024-08-13,49.0,24.91,49.21,23.45,5.55,0.41,19.1,26.63,mean_of_source_observations,28.4,87,14.9,1003.7,55.0,53.0,49.0,52.333333333333336,46.714285714285715,66.0,1,8,-0.6788204829862355,-0.734304263829602
"Bidhannagar, Kolkata - WBPCB",2024-08-14,66.0,37.47,65.89,29.11,4.87,0.53,15.87,25.58,mean_of_source_observations,27.9,88,11.8,1003.4,49.0,55.0,53.0,52.333333333333336,46.0,54.0,2,8,-0.6913512362094071,-0.722518835873311
"Bidhannagar, Kolkata - WBPCB",2024-08-15,54.0,26.92,53.86,19.3,5.35,0.44,15.57,26.1,mean_of_source_observations,28.3,87,14.3,1002.3,66.0,49.0,55.0,56.666666666666664,50.0,49.0,3,8,-0.7036774074790128,-0.7105196029692745
"Bidhannagar, Kolkata - WBPCB",2024-08-16,49.0,29.5,48.45,23.65,8.76,0.58,19.48,26.62,mean_of_source_observations,28.0,87,12.5,1001.9,54.0,66.0,49.0,56.333333333333336,52.142857142857146,67.0,4,8,-0.7157953492826642,-0.6983101158835584
"Bidhannagar, Kolkata - WBPCB",2024-08-17,67.0,40.43,50.2,26.31,8.02,0.54,16.07,25.48,mean_of_source_observations,28.2,88,12.2,1002.9,49.0,54.0,66.0,56.333333333333336,53.57142857142857,43.0,5,8,-0.7277014757264236,-0.6858939875998223
"Bidhannagar, Kolkata - WBPCB",2024-08-18,43.0,25.65,42.24,21.13,13.47,0.45,16.08,26.29,mean_of_source_observations,27.4,88,20.0,1002.6,67.0,49.0,54.0,56.666666666666664,56.142857142857146,55.0,6,8,-0.7393922635959241,-0.673274892250183
"Bidhannagar, Kolkata - WBPCB",2024-08-19,55.0,32.87,50.49,25.02,11.59,0.55,16.03,25.73,mean_of_source_observations,27.1,90,14.3,1002.2,43.0,67.0,49.0,53.0,54.714285714285715,74.0,0,8,-0.7508642533989489,-0.6604565640279754
"Bidhannagar, Kolkata - WBPCB",2024-08-20,74.0,44.56,62.97,28.02,7.76,0.64,18.7,28.19,mean_of_source_observations,27.2,91,12.9,1003.7,55.0,43.0,67.0,55.0,54.714285714285715,83.0,1,8,-0.7621140503891487,-0.6474427960827475
"Bidhannagar, Kolkata - WBPCB",2024-08-21,83.0,49.59,65.15,24.87,10.46,0.54,16.37,25.87,mean_of_source_observations,27.9,89,15.3,1004.8,74.0,55.0,43.0,57.333333333333336,58.285714285714285,85.0,2,8,-0.7731383255706026,-0.6342374393978054
"Bidhannagar, Kolkata - WBPCB",2024-08-22,85.0,50.84,72.28,24.74,8.69,0.53,20.79,26.46,mean_of_source_observations,28.0,90,13.0,1003.8,83.0,74.0,55.0,70.66666666666667,60.714285714285715,53.0,3,8,-0.7839338166829201,-0.620844401650647
"Bidhannagar, Kolkata - WBPCB",2024-08-23,53.0,31.64,51.88,25.11,8.82,0.53,17.27,27.02,mean_of_source_observations,26.7,92,10.5,1004.2,85.0,83.0,74.0,80.66666666666667,65.14285714285714,40.0,4,8,-0.7944973291665992,-0.6072676460566135
"Bidhannagar, Kolkata - WBPCB",2024-08-24,40.0,15.68,40.44,19.82,10.13,0.46,17.72,26.89,mean_of_source_observations,25.9,94,10.8,1004.4,53.0,85.0,83.0,73.66666666666667,65.71428571428571,64.0,5,8,-0.8048257371083452,-0.593511190196115
"Bidhannagar, Kolkata - WBPCB",2024-08-25,64.0,34.69,64.01,25.01,8.08,0.58,12.5,28.18,mean_of_source_observations,26.4,92,10.0,1002.7,40.0,53.0,85.0,59.333333333333336,61.857142857142854,44.0,6,8,-0.8149159841660791,-0.5795791048257612
"Bidhannagar, Kolkata - WBPCB",2024-08-26,44.0,18.09,43.74,19.64,10.77,0.44,12.79,27.2,mean_of_source_observations,26.5,91,13.2,1001.8,64.0,40.0,53.0,52.333333333333336,64.85714285714286,43.0,0,8,-0.8247650844733614,-0.5654755126737576
"Bidhannagar, Kolkata - WBPCB",2024-08-27,43.0,13.79,43.32,16.88,15.08,0.41,16.4,26.22,mean_of_source_observations,26.9,90,10.6,1004.7,44.0,64.0,40.0,49.333333333333336,63.285714285714285,46.0,1,8,-0.8343701235229537,-0.5512045872199277
"Bidhannagar, Kolkata - WBPCB",2024-08-28,46.0,12.09,46.0,16.34,9.43,0.41,17.36,26.21,mean_of_source_observations,27.6,88,14.6,1004.3,43.0,44.0,64.0,50.333333333333336,58.857142857142854,56.0,2,8,-0.8437282590292712,-0.5367705514607103
"Bidhannagar, Kolkata - WBPCB",2024-08-29,56.0,17.9,55.74,20.06,8.8,0.44,16.58,27.26,mean_of_source_observations,28.5,84,13.0,1003.5,46.0,43.0,44.0,44.333333333333336,53.57142857142857,47.0,3,8,-0.8528367217694595,-0.522177676659508
"Bidhannagar, Kolkata - WBPCB",2024-08-30,47.0,15.74,47.24,17.8,6.88,0.42,15.72,26.72,mean_of_source_observations,28.6,83,12.8,1003.8,56.0,46.0,43.0,48.333333333333336,49.42857142857143,41.0,4,8,-0.8616928164028521,-0.5074302810827518
"Bidhannagar, Kolkata - WBPCB",2024-08-31,41.0,9.23,41.49,15.3,8.97,0.39,15.92,26.5,mean_of_source_observations,28.8,82,20.4,1003.9,47.0,56.0,46.0,49.666666666666664,48.57142857142857,45.0,5,8,-0.8702939222685674,-0.49253272872205434
"Bidhannagar, Kolkata - WBPCB",2024-09-01,45.0,13.6,45.03,14.54,8.64,0.39,15.95,26.2,mean_of_source_observations,27.8,88,14.6,1005.1,41.0,47.0,56.0,48.0,48.714285714285715,45.0,6,9,-0.8786374941610001,-0.4774894280028391
"Bidhannagar, Kolkata - WBPCB",2024-09-02,45.0,13.9,44.89,15.43,7.51,0.4,19.15,27.11,mean_of_source_observations,28.1,87,13.5,1005.6,45.0,41.0,47.0,44.333333333333336,46.0,46.0,0,9,-0.886721063082993,-0.46230483047981086
"Bidhannagar, Kolkata - WBPCB",2024-09-03,46.0,21.25,46.24,18.56,11.21,0.44,16.6,26.96,mean_of_source_observations,27.9,89,11.0,1005.9,45.0,45.0,41.0,43.666666666666664,46.142857142857146,55.0,1,9,-0.8945422369764496,-0.4469834295196741
"Bidhannagar, Kolkata - WBPCB",2024-09-04,55.0,30.97,54.91,22.57,8.56,0.5,18.21,28.23,mean_of_source_observations,28.0,87,11.5,1003.7,46.0,45.0,45.0,45.333333333333336,46.57142857142857,53.0,2,9,-0.9020987014301837,-0.43152975897147144
"Bidhannagar, Kolkata - WBPCB",2024-09-05,53.0,28.77,52.68,19.22,7.48,0.48,17.47,28.27,mean_of_source_observations,28.5,84,18.3,1002.3,55.0,46.0,45.0,48.666666666666664,47.857142857142854,38.0,3,9,-0.9093882203647925,-0.4159483918249421
"Bidhannagar, Kolkata - WBPCB",2024-09-06,38.0,15.81,38.5,20.54,6.22,0.5,19.28,28.59,mean_of_source_observations,29.5,83,11.4,1002.7,53.0,55.0,46.0,51.333333333333336,47.42857142857143,52.0,4,9,-0.9164086366943458,-0.4002439388573056
"Bidhannagar, Kolkata - WBPCB",2024-09-07,52.0,17.46,52.18,19.91,10.11,0.52,20.0,29.59,mean_of_source_observations,29.1,84,13.2,1002.6,38.0,53.0,55.0,48.666666666666664,46.142857142857146,36.0,5,9,-0.9231578729647039,-0.38442104726885545
"Bidhannagar, Kolkata - WBPCB",2024-09-08,36.0,9.84,35.8,16.75,12.48,0.46,16.61,28.83,mean_of_source_observations,28.7,85,17.4,1002.2,52.0,38.0,53.0,47.666666666666664,47.714285714285715,32.0,6,9,-0.9296339319682695,-0.3684843993077793
"Bidhannagar, Kolkata - WBPCB",2024-09-09,32.0,6.36,32.08,15.95,10.28,0.45,16.91,28.69,mean_of_source_observations,28.8,83,22.2,1000.1,36.0,52.0,38.0,42.0,46.42857142857143,36.0,0,9,-0.9358348973349941,-0.35243871088460327
"Bidhannagar, Kolkata - WBPCB",2024-09-10,36.0,13.83,35.61,16.65,11.05,0.46,18.24,28.7,mean_of_source_observations,28.8,84,17.6,1000.4,32.0,36.0,52.0,40.0,44.57142857142857,46.0,1,9,-0.9417589340994617,-0.33628873017668287
"Bidhannagar, Kolkata - WBPCB",2024-09-11,46.0,25.87,45.71,22.74,9.54,0.56,21.98,27.97,mean_of_source_observations,28.7,87,11.2,1001.6,36.0,32.0,36.0,34.666666666666664,43.142857142857146,78.0,2,9,-0.9474042892438845,-0.32003923622313857
"Bidhannagar, Kolkata - WBPCB",2024-09-12,78.0,46.78,76.53,28.2,10.94,0.64,31.68,29.42,mean_of_source_observations,28.3,91,10.1,1001.8,46.0,36.0,32.0,38.0,41.857142857142854,76.0,3,9,-0.9527692922168511,-0.30369503751065885
"Bidhannagar, Kolkata - WBPCB",2024-09-13,76.0,43.5,76.21,25.02,11.57,0.4,31.71,28.9,mean_of_source_observations,28.0,89,18.7,999.7,78.0,46.0,36.0,53.333333333333336,45.42857142857143,32.0,4,9,-0.9578523554276669,-0.28726097055059635
"Bidhannagar, Kolkata - WBPCB",2024-09-14,32.0,11.95,29.59,20.14,7.63,0.33,31.57,28.49,mean_of_source_observations,25.9,94,29.1,993.5,76.0,78.0,46.0,66.66666666666667,50.857142857142854,31.0,5,9,-0.9626519747161487,-0.2707418984477642
"Bidhannagar, Kolkata - WBPCB",2024-09-15,31.0,6.11,26.02,17.05,10.44,0.3,31.01,28.09,mean_of_source_observations,25.7,93,28.3,992.1,32.0,76.0,78.0,62.0,48.0,47.0,6,9,-0.9671667297977312,-0.2541427094613622
"Bidhannagar, Kolkata - WBPCB",2024-09-16,47.0,22.14,46.87,16.42,9.58,0.29,33.48,28.19,mean_of_source_observations,26.8,88,24.1,999.8,31.0,32.0,76.0,46.333333333333336,47.285714285714285,59.0,0,9,-0.97139528468375,-0.23746831555846842
"Bidhannagar, Kolkata - WBPCB",2024-09-17,59.0,26.67,59.32,16.55,12.65,0.27,30.93,28.07,mean_of_source_observations,28.6,81,18.6,1004.2,47.0,31.0,32.0,36.666666666666664,49.42857142857143,60.0,1,9,-0.9753363880767837,-0.2207236509605022
"Bidhannagar, Kolkata - WBPCB",2024-09-18,60.0,24.17,60.23,22.4,13.91,0.32,30.13,27.68,mean_of_source_observations,28.6,82,7.9,1004.1,59.0,47.0,31.0,45.666666666666664,52.714285714285715,110.0,2,9,-0.9789888737409319,-0.20391367068311472
"Bidhannagar, Kolkata - WBPCB",2024-09-19,110.0,63.12,105.13,30.49,12.92,0.46,38.91,29.27,mean_of_source_observations,29.0,85,7.1,1003.8,60.0,59.0,47.0,55.333333333333336,54.714285714285715,134.0,3,9,-0.9823516608469237,-0.18704334906991657
"Bidhannagar, Kolkata - WBPCB",2024-09-20,134.0,70.21,97.66,26.72,7.22,0.44,26.24,28.65,mean_of_source_observations,30.0,83,11.0,1003.5,110.0,60.0,59.0,76.33333333333333,59.285714285714285,64.0,4,9,-0.9854237542919524,-0.17011767832049052
"Bidhannagar, Kolkata - WBPCB",2024-09-21,64.0,38.21,63.19,22.17,11.87,0.34,21.35,27.7,mean_of_source_observations,29.5,83,10.0,1004.2,134.0,110.0,60.0,101.33333333333333,67.57142857142857,64.0,5,9,-0.9882042449941422,-0.15314166701312007
"Bidhannagar, Kolkata - WBPCB",2024-09-22,64.0,34.01,63.53,22.22,9.73,0.37,28.85,28.15,mean_of_source_observations,30.2,82,12.3,1002.9,64.0,134.0,110.0,102.66666666666667,72.14285714285714,93.0,6,9,-0.9906923101615609,-0.13612033862266704
"Bidhannagar, Kolkata - WBPCB",2024-09-23,93.0,55.51,82.67,24.95,6.94,0.43,33.4,29.07,mean_of_source_observations,28.7,89,14.9,1003.1,64.0,64.0,134.0,87.33333333333333,76.85714285714286,30.0,0,9,-0.9928872135356962,-0.11905873003404988
"Bidhannagar, Kolkata - WBPCB",2024-09-24,30.0,9.98,23.94,17.09,8.87,0.23,30.38,30.12,mean_of_source_observations,27.8,88,18.9,1003.3,93.0,64.0,64.0,73.66666666666667,83.42857142857143,31.0,1,9,-0.994788305609327,-0.10196189005174576
"Bidhannagar, Kolkata - WBPCB",2024-09-25,31.0,6.84,22.29,17.66,10.98,0.2,31.49,30.68,mean_of_source_observations,26.1,93,22.4,1004.4,30.0,93.0,64.0,62.333333333333336,79.28571428571429,29.0,2,9,-0.9963950238187231,-0.08483487790576538
"Bidhannagar, Kolkata - WBPCB",2024-09-26,29.0,7.6,27.23,18.96,11.06,0.22,28.52,29.92,mean_of_source_observations,26.2,92,19.1,1007.0,31.0,30.0,93.0,51.333333333333336,75.14285714285714,30.0,3,9,-0.9977068927101168,-0.06768276175455162
"Bidhannagar, Kolkata - WBPCB",2024-09-27,30.0,5.87,30.08,18.85,9.84,0.23,24.91,30.49,mean_of_source_observations,27.0,89,19.8,1008.6,29.0,31.0,30.0,30.0,63.57142857142857,39.0,4,9,-0.9987235240803972,-0.050510617185222886
"Bidhannagar, Kolkata - WBPCB",2024-09-28,39.0,14.54,38.63,18.48,9.56,0.22,25.11,29.27,mean_of_source_observations,28.2,86,18.6,1008.6,30.0,29.0,31.0,30.0,48.714285714285715,47.0,5,9,-0.9994446170919858,-0.033323525711631344
"Bidhannagar, Kolkata - WBPCB",2024-09-29,47.0,18.74,47.14,19.71,10.08,0.24,25.14,28.84,mean_of_source_observations,28.9,87,15.9,1008.2,39.0,30.0,29.0,32.666666666666664,45.142857142857146,81.0,6,9,-0.9998699583618592,-0.016126573270657762
"Bidhannagar, Kolkata - WBPCB",2024-09-30,81.0,48.52,74.12,25.9,9.05,0.33,28.42,29.17,mean_of_source_observations,29.7,84,9.0,1006.8,47.0,39.0,30.0,38.666666666666664,42.714285714285715,87.0,0,9,-0.9999994220246925,0.001075151282798226
"Bidhannagar, Kolkata - WBPCB",2024-10-01,87.0,52.13,87.1,26.66,9.76,0.42,30.69,28.75,mean_of_source_observations,30.0,84,11.6,1004.4,81.0,47.0,39.0,55.666666666666664,41.0,90.0,1,10,-0.999832969770105,0.018276557681691223
"Bidhannagar, Kolkata - WBPCB",2024-10-02,90.0,43.31,89.76,27.93,9.85,0.5,28.62,28.21,mean_of_source_observations,27.8,89,11.7,1003.8,87.0,81.0,47.0,71.66666666666667,49.142857142857146,100.0,2,10,-0.9993706508539969,0.03547255575312556
"Bidhannagar, Kolkata - WBPCB",2024-10-03,100.0,53.38,100.07,28.58,9.98,0.48,30.11,28.64,mean_of_source_observations,28.2,88,12.3,1003.0,90.0,87.0,81.0,86.0,57.57142857142857,88.0,3,10,-0.9986126020839734,0.052658056924614005
"Bidhannagar, Kolkata - WBPCB",2024-10-04,88.0,47.62,87.5,29.9,10.79,0.42,27.15,29.57,mean_of_source_observations,27.1,92,10.0,1004.7,100.0,90.0,87.0,92.33333333333333,67.71428571428571,52.0,4,10,-0.9975590477788613,0.06982797572987089
"Bidhannagar, Kolkata - WBPCB",2024-10-05,52.0,26.74,52.32,32.83,10.17,0.42,25.12,29.5,mean_of_source_observations,26.7,92,10.3,1007.1,88.0,100.0,90.0,92.66666666666667,76.0,62.0,5,10,-0.9962102997023297,0.0869772313136861
"Bidhannagar, Kolkata - WBPCB",2024-10-06,62.0,32.87,61.75,31.25,8.18,0.44,24.77,30.09,mean_of_source_observations,26.6,90,12.2,1009.8,52.0,88.0,100.0,80.0,77.85714285714286,49.0,6,10,-0.9945667569706337,0.1041007489354256
"Bidhannagar, Kolkata - WBPCB",2024-10-07,49.0,17.07,49.32,21.84,8.18,0.28,25.57,30.03,mean_of_source_observations,26.9,91,9.3,1011.9,62.0,52.0,88.0,67.33333333333333,80.0,50.0,0,10,-0.9926289059345095,0.121193461470736
"Bidhannagar, Kolkata - WBPCB",2024-10-08,50.0,23.36,49.65,32.26,8.9,0.43,25.51,32.18,mean_of_source_observations,27.2,90,8.0,1011.8,49.0,62.0,52.0,54.333333333333336,75.42857142857143,48.0,1,10,-0.9903973200352558,0.1382503109109819
"Bidhannagar, Kolkata - WBPCB",2024-10-09,48.0,20.18,48.25,24.43,10.94,0.33,28.79,32.03,mean_of_source_observations,26.8,91,10.9,1010.1,50.0,49.0,62.0,53.666666666666664,70.14285714285714,45.0,2,10,-0.9878726596350429,0.15526624985999563
"Bidhannagar, Kolkata - WBPCB",2024-10-10,45.0,15.93,44.66,23.69,11.11,0.29,27.0,31.31,mean_of_source_observations,27.8,86,9.2,1008.9,48.0,50.0,49.0,49.0,64.14285714285714,54.0,3,10,-0.9850556718215013,0.172236243027682
"Bidhannagar, Kolkata - WBPCB",2024-10-11,54.0,23.61,54.15,23.51,10.15,0.34,24.76,31.44,mean_of_source_observations,28.1,86,16.0,1008.7,45.0,48.0,50.0,47.666666666666664,56.285714285714285,48.0,4,10,-0.981947190186646,0.18915526872004093
"Bidhannagar, Kolkata - WBPCB",2024-10-12,48.0,23.88,48.21,26.21,10.13,0.33,25.02,30.59,mean_of_source_observations,28.6,87,8.6,1009.9,54.0,45.0,48.0,49.0,51.42857142857143,87.0,5,10,-0.9785481345802031,0.20601832032517084
"Bidhannagar, Kolkata - WBPCB",2024-10-13,87.0,52.28,77.03,31.94,10.66,0.47,25.25,30.73,mean_of_source_observations,28.4,86,8.1,1010.7,48.0,54.0,45.0,49.0,50.857142857142854,199.0,6,10,-0.9748595108374125,0.22282040779479959
"Bidhannagar, Kolkata - WBPCB",2024-10-14,199.0,89.83,109.46,30.13,10.52,0.51,25.68,31.77,mean_of_source_observations,28.5,81,7.8,1010.3,87.0,48.0,54.0,63.0,54.42857142857143,246.0,0,10,-0.9708824104813836,0.23955655912092708
"Bidhannagar, Kolkata - WBPCB",2024-10-15,246.0,103.83,123.45,31.18,9.75,0.52,35.26,31.08,mean_of_source_observations,27.3,85,10.0,1009.9,199.0,87.0,48.0,111.33333333333333,75.85714285714286,126.0,1,10,-0.9666180104000972,0.2562218218071163
"Bidhannagar, Kolkata - WBPCB",2024-10-16,126.0,67.66,88.16,28.46,10.13,0.48,20.13,29.99,mean_of_source_observations,27.3,84,11.5,1010.2,246.0,199.0,87.0,177.33333333333334,103.85714285714286,71.0,2,10,-0.9620675724981452,0.27281126433401914
"Bidhannagar, Kolkata - WBPCB",2024-10-17,71.0,35.8,71.05,25.57,9.41,0.42,27.28,31.12,mean_of_source_observations,26.8,90,8.1,1010.3,126.0,246.0,199.0,190.33333333333334,115.0,49.0,3,10,-0.957232443323312,0.28931997761869527
"Bidhannagar, Kolkata - WBPCB",2024-10-18,49.0,17.21,49.15,25.36,10.2,0.35,27.27,30.49,mean_of_source_observations,26.5,90,12.4,1009.9,71.0,126.0,246.0,147.66666666666666,118.71428571428571,50.0,4,10,-0.9521140536681102,0.3057430764672831
"Bidhannagar, Kolkata - WBPCB",2024-10-19,50.0,12.71,49.69,26.4,9.86,0.41,24.66,30.19,mean_of_source_observations,26.7,88,11.2,1010.9,49.0,71.0,126.0,82.0,118.0,96.0,5,10,-0.9467139181463862,0.3220757010206104
"Bidhannagar, Kolkata - WBPCB",2024-10-20,96.0,43.5,95.76,31.43,10.82,0.57,25.39,32.84,mean_of_source_observations,26.6,82,13.2,1011.9,50.0,49.0,71.0,56.666666666666664,118.28571428571429,94.0,6,10,-0.9410336347451197,0.3383130181923076
"Bidhannagar, Kolkata - WBPCB",2024-10-21,94.0,42.48,94.11,27.1,9.77,0.42,34.19,30.64,mean_of_source_observations,26.4,82,13.5,1010.8,96.0,50.0,49.0,65.0,119.57142857142857,85.0,0,10,-0.9350748843515574,0.3544502230989869
"Bidhannagar, Kolkata - WBPCB",2024-10-22,85.0,32.62,85.17,29.91,11.08,0.42,30.82,30.54,mean_of_source_observations,26.6,81,10.8,1010.1,94.0,96.0,50.0,80.0,104.57142857142857,60.0,1,10,-0.9288394302558068,0.3704825404820963
"Bidhannagar, Kolkata - WBPCB",2024-10-23,60.0,27.96,59.7,25.9,10.07,0.38,26.59,30.74,mean_of_source_observations,26.4,84,17.4,1009.0,85.0,94.0,96.0,91.66666666666667,81.57142857142857,32.0,2,10,-0.9223291176290545,0.3864052261209853
"Bidhannagar, Kolkata - WBPCB",2024-10-24,32.0,13.06,31.64,19.59,10.72,0.26,26.08,31.3,mean_of_source_observations,25.0,91,26.8,1006.3,60.0,85.0,94.0,79.66666666666667,72.14285714285714,45.0,3,10,-0.9155458729775467,0.40221356823680365
"Bidhannagar, Kolkata - WBPCB",2024-10-25,45.0,16.21,44.83,16.91,9.96,0.27,27.16,31.59,mean_of_source_observations,25.0,93,24.2,1005.6,32.0,60.0,85.0,59.0,66.57142857142857,60.0,4,10,-0.9084917035725082,0.41790288888678667
"Bidhannagar, Kolkata - WBPCB",2024-10-26,60.0,25.7,60.5,17.51,8.77,0.3,25.98,31.2,mean_of_source_observations,27.2,81,22.0,1007.5,45.0,32.0,60.0,45.666666666666664,66.0,65.0,5,10,-0.9011686968561569,0.4334685453485363
"Bidhannagar, Kolkata - WBPCB",2024-10-27,65.0,29.84,64.56,22.22,8.89,0.33,24.93,30.44,mean_of_source_observations,26.8,87,11.4,1008.2,60.0,45.0,32.0,45.666666666666664,67.42857142857143,68.0,6,10,-0.8935790198239952,0.4489059314938798
"Bidhannagar, Kolkata - WBPCB",2024-10-28,68.0,25.13,67.56,29.96,8.79,0.39,26.45,29.3,mean_of_source_observations,27.4,81,7.8,1007.9,65.0,60.0,45.0,56.666666666666664,63.0,87.0,0,10,-0.8857249183835637,0.4642104791518923
"Bidhannagar, Kolkata - WBPCB",2024-10-29,87.0,39.62,86.89,34.61,10.32,0.42,27.24,27.43,mean_of_source_observations,27.3,82,8.1,1008.7,68.0,65.0,60.0,64.33333333333333,59.285714285714285,70.0,1,10,-0.8776087166898392,0.4793776594606945
"Bidhannagar, Kolkata - WBPCB",2024-10-30,70.0,31.46,70.0,24.57,8.64,0.39,25.56,28.04,mean_of_source_observations,26.8,90,15.0,1010.1,87.0,68.0,65.0,73.33333333333333,59.57142857142857,69.0,2,10,-0.8692328164574792,0.49440298420761813
"Bidhannagar, Kolkata - WBPCB",2024-10-31,69.0,35.32,68.8,23.97,9.97,0.35,27.35,29.36,mean_of_source_observations,27.0,87,10.8,1010.6,70.0,87.0,68.0,75.0,61.0,168.0,3,10,-0.8605996962501181,0.5092820071573356
"Bidhannagar, Kolkata - WBPCB",2024-11-01,168.0,80.3,133.29,33.11,10.55,0.51,27.7,28.84,mean_of_source_observations,27.6,78,8.6,1011.7,69.0,70.0,87.0,75.33333333333333,66.28571428571429,325.0,4,11,-0.8517119107469189,0.5240103253675756
"Bidhannagar, Kolkata - WBPCB",2024-11-02,325.0,152.8,217.29,44.22,10.12,0.78,25.02,33.18,mean_of_source_observations,27.6,70,7.7,1012.6,168.0,69.0,70.0,102.33333333333333,83.85714285714286,181.0,5,11,-0.8425720899866032,0.5385835804920232
"Bidhannagar, Kolkata - WBPCB",2024-11-03,181.0,84.38,153.04,30.38,10.49,0.63,26.26,31.46,mean_of_source_observations,26.0,78,8.9,1012.7,325.0,168.0,69.0,187.33333333333334,121.71428571428571,125.0,6,11,-0.8331829385891785,0.5529974600700271
"Bidhannagar, Kolkata - WBPCB",2024-11-04,125.0,67.4,126.58,32.52,9.44,0.65,30.25,30.37,mean_of_source_observations,26.1,78,7.6,1012.1,181.0,325.0,168.0,224.66666666666666,138.28571428571428,112.0,0,11,-0.8235472349556007,0.5672476988027229
"Bidhannagar, Kolkata - WBPCB",2024-11-05,112.0,61.74,117.48,29.46,10.46,0.61,31.16,30.37,mean_of_source_observations,25.6,79,8.2,1012.9,125.0,181.0,325.0,210.33333333333334,146.42857142857142,83.0,1,11,-0.8136678304455991,0.5813300798152042
"Bidhannagar, Kolkata - WBPCB",2024-11-06,83.0,45.05,82.68,28.92,10.75,0.52,33.0,29.96,mean_of_source_observations,25.6,80,12.5,1013.3,112.0,125.0,181.0,139.33333333333334,150.0,113.0,2,11,-0.8035476485339116,0.5952404359043674
"Bidhannagar, Kolkata - WBPCB",2024-11-07,113.0,50.58,119.32,32.16,10.06,0.62,34.08,32.99,mean_of_source_observations,25.5,82,8.2,1013.0,83.0,112.0,125.0,106.66666666666667,151.85714285714286,118.0,3,11,-0.7931896839451843,0.6089746507720486
"Bidhannagar, Kolkata - WBPCB",2024-11-08,118.0,39.04,127.38,25.95,10.66,0.52,36.69,31.1,mean_of_source_observations,25.8,78,10.9,1013.0,113.0,83.0,112.0,102.66666666666667,158.14285714285714,152.0,4,11,-0.7825970017677834,0.6225286602431057
"Bidhannagar, Kolkata - WBPCB",2024-11-09,152.0,38.72,178.34,31.04,11.25,0.56,29.62,30.38,mean_of_source_observations,25.1,80,9.7,1013.1,118.0,113.0,83.0,104.66666666666667,151.0,147.0,5,11,-0.7717727365467837,0.6358984534680745
"Bidhannagar, Kolkata - WBPCB",2024-11-10,147.0,31.85,169.95,30.51,11.13,0.55,29.12,31.15,mean_of_source_observations,24.9,79,9.5,1013.1,152.0,118.0,113.0,127.66666666666667,126.28571428571429,160.0,6,11,-0.7607200913564104,0.6490800741100398
"Bidhannagar, Kolkata - WBPCB",2024-11-11,160.0,24.0,190.41,34.16,10.8,0.63,29.61,31.09,mean_of_source_observations,25.4,74,10.6,1012.9,147.0,152.0,118.0,139.0,121.42857142857143,109.0,0,11,-0.7494423368521953,0.6620696215153815
"Bidhannagar, Kolkata - WBPCB",2024-11-12,109.0,27.77,113.3,41.52,11.6,0.67,38.04,32.8,mean_of_source_observations,25.9,73,10.3,1012.3,160.0,147.0,152.0,153.0,126.42857142857143,110.0,1,11,-0.7379428103031386,0.6748632518680403
"Bidhannagar, Kolkata - WBPCB",2024-11-13,110.0,60.39,114.95,43.4,12.05,0.74,32.26,34.66,mean_of_source_observations,26.2,67,6.9,1011.6,109.0,160.0,147.0,138.66666666666666,126.0,242.0,2,11,-0.7262249146041543,0.6874571793269664
"Bidhannagar, Kolkata - WBPCB",2024-11-14,242.0,102.64,170.7,34.2,9.05,0.87,51.74,25.99,mean_of_source_observations,26.0,61,10.0,1012.7,110.0,109.0,160.0,126.33333333333333,129.85714285714286,214.0,3,11,-0.7142921172691032,0.699847677146407
"Bidhannagar, Kolkata - WBPCB",2024-11-15,214.0,94.16,157.66,36.23,8.61,0.87,27.18,17.16,mean_of_source_observations,24.8,63,7.6,1012.3,242.0,110.0,109.0,153.66666666666666,148.28571428571428,218.0,4,11,-0.7021479494046978,0.7120310787787131
"Bidhannagar, Kolkata - WBPCB",2024-11-16,218.0,95.34,175.27,31.87,8.57,0.9,27.29,18.08,mean_of_source_observations,23.7,62,8.7,1012.0,214.0,242.0,110.0,188.66666666666666,162.0,245.0,5,11,-0.6897960046655887,0.7240037789593305
"Bidhannagar, Kolkata - WBPCB",2024-11-17,245.0,103.46,116.74,32.92,8.4,1.09,26.43,20.1,mean_of_source_observations,23.4,63,6.8,1012.2,218.0,214.0,242.0,224.66666666666666,171.42857142857142,174.0,6,11,-0.6772399381909491,0.7357622347736527
"Bidhannagar, Kolkata - WBPCB",2024-11-18,174.0,82.26,124.8,33.65,6.94,1.03,30.3,20.27,mean_of_source_observations,23.3,64,6.9,1013.1,245.0,218.0,214.0,225.66666666666666,185.42857142857142,122.0,0,11,-0.6644834655228552,0.7473029667054297
"Bidhannagar, Kolkata - WBPCB",2024-11-19,122.0,65.69,132.52,33.03,6.69,1.06,34.96,19.84,mean_of_source_observations,23.0,68,4.9,1013.6,174.0,245.0,218.0,212.33333333333334,187.42857142857142,160.0,1,11,-0.6515303615068021,0.75862255966641
"Bidhannagar, Kolkata - WBPCB",2024-11-20,160.0,78.12,153.5,26.97,7.15,1.27,29.96,26.07,mean_of_source_observations,23.4,67,6.0,1012.7,122.0,174.0,245.0,180.33333333333334,189.28571428571428,154.0,2,11,-0.6383844591746642,0.769717664006921
"Bidhannagar, Kolkata - WBPCB",2024-11-21,154.0,76.24,153.27,31.44,7.79,1.13,31.81,26.9,mean_of_source_observations,23.7,66,8.5,1012.6,160.0,122.0,174.0,152.0,196.42857142857142,198.0,3,11,-0.6250496486104377,0.7805849965070866
"Bidhannagar, Kolkata - WBPCB",2024-11-22,198.0,89.31,166.71,30.25,7.42,1.15,24.47,23.92,mean_of_source_observations,23.8,64,7.2,1012.9,154.0,160.0,122.0,145.33333333333334,183.85714285714286,184.0,4,11,-0.6115298757991053,0.7912213413483807
"Bidhannagar, Kolkata - WBPCB",2024-11-23,184.0,85.1,156.74,18.87,8.68,1.16,25.68,22.16,mean_of_source_observations,23.4,62,8.4,1014.1,198.0,154.0,160.0,170.66666666666666,181.57142857142858,250.0,5,11,-0.5978291414589552,0.801623551065242
"Bidhannagar, Kolkata - WBPCB",2024-11-24,250.0,104.93,150.99,23.95,7.99,1.27,24.78,28.4,mean_of_source_observations,23.1,60,8.0,1014.2,184.0,198.0,154.0,178.66666666666666,176.71428571428572,249.0,6,11,-0.5839514998576998,0.8117885474764613
"Bidhannagar, Kolkata - WBPCB",2024-11-25,249.0,104.67,182.24,29.38,7.42,1.55,33.81,28.43,mean_of_source_observations,22.8,62,7.8,1014.1,250.0,184.0,198.0,210.66666666666666,177.42857142857142,297.0,0,11,-0.5699010576127624,0.821713322596059
"Bidhannagar, Kolkata - WBPCB",2024-11-26,297.0,119.01,163.2,23.82,6.77,1.48,25.0,21.01,mean_of_source_observations,22.9,62,6.6,1013.4,249.0,250.0,184.0,227.66666666666666,188.14285714285714,123.0,1,11,-0.5556819724760489,0.8313949395234058
"Bidhannagar, Kolkata - WBPCB",2024-11-27,123.0,44.06,134.84,17.8,5.6,1.35,24.99,25.25,mean_of_source_observations,23.4,61,6.7,1012.8,297.0,249.0,250.0,265.3333333333333,213.14285714285714,79.0,2,11,-0.5412984521036173,0.8408305333122887
"Bidhannagar, Kolkata - WBPCB",2024-11-28,79.0,19.3,78.52,19.43,6.13,1.06,28.26,21.35,mean_of_source_observations,24.0,65,9.1,1013.4,123.0,297.0,249.0,223.0,207.85714285714286,65.0,3,11,-0.5267547528105542,0.8500173118187018
"Bidhannagar, Kolkata - WBPCB",2024-11-29,65.0,22.66,65.02,19.95,6.41,0.88,28.11,18.56,mean_of_source_observations,24.4,65,8.4,1013.7,79.0,123.0,297.0,166.33333333333334,197.14285714285714,73.0,4,11,-0.5120551783114646,0.8589525565270845
"Bidhannagar, Kolkata - WBPCB",2024-11-30,73.0,40.73,73.04,15.08,6.48,0.57,25.13,20.0,mean_of_source_observations,22.0,76,11.5,1013.0,65.0,79.0,123.0,89.0,178.14285714285714,74.0,5,11,-0.4972040784469378,0.8676336233547726
"Bidhannagar, Kolkata - WBPCB",2024-12-01,74.0,40.99,74.3,18.23,6.41,0.69,25.05,19.16,mean_of_source_observations,22.9,77,8.3,1011.3,73.0,65.0,79.0,72.33333333333333,162.28571428571428,102.0,6,12,-0.4822058478963526,0.8760579434344281
"Bidhannagar, Kolkata - WBPCB",2024-12-02,102.0,60.57,98.28,26.46,7.67,0.73,24.9,21.56,mean_of_source_observations,21.9,78,9.0,1012.3,74.0,73.0,65.0,70.66666666666667,137.14285714285714,199.0,0,12,-0.46706492487743034,0.8842230238742036
"Bidhannagar, Kolkata - WBPCB",2024-12-03,199.0,89.71,127.8,26.19,7.28,0.83,37.06,20.21,mean_of_source_observations,23.0,70,7.5,1013.0,102.0,74.0,73.0,83.0,116.14285714285714,265.0,1,12,-0.451785789832884,0.8921264484954345
"Bidhannagar, Kolkata - WBPCB",2024-12-04,265.0,109.54,141.8,28.22,7.56,1.01,26.83,27.38,mean_of_source_observations,22.1,75,4.8,1012.9,199.0,102.0,74.0,125.0,102.14285714285714,290.0,2,12,-0.4363729641045924,0.8997658785476209
"Bidhannagar, Kolkata - WBPCB",2024-12-05,290.0,116.99,152.76,28.45,7.31,1.15,24.8,27.04,mean_of_source_observations,22.5,68,6.3,1012.5,265.0,199.0,102.0,188.66666666666666,122.42857142857143,174.0,3,12,-0.42083100859565564,0.9071390534005044
"Bidhannagar, Kolkata - WBPCB",2024-12-06,174.0,82.15,116.16,27.3,8.18,0.74,26.67,33.17,mean_of_source_observations,21.4,67,7.5,1012.3,290.0,265.0,199.0,251.33333333333334,152.57142857142858,103.0,4,12,-0.4051645224207563,0.9142437912130223
"Bidhannagar, Kolkata - WBPCB",2024-12-07,103.0,60.93,81.81,25.75,8.57,0.55,21.08,23.67,mean_of_source_observations,21.0,69,5.6,1013.0,174.0,290.0,265.0,243.0,168.14285714285714,152.0,5,12,-0.3893781415452015,0.9210779895789526
"Bidhannagar, Kolkata - WBPCB",2024-12-08,152.0,75.55,93.73,24.09,8.0,0.64,21.49,24.3,mean_of_source_observations,20.9,65,6.5,1013.2,103.0,174.0,290.0,189.0,172.42857142857142,177.0,6,12,-0.37347653741307074,0.9276396261490467
"Bidhannagar, Kolkata - WBPCB",2024-12-09,177.0,82.96,105.15,19.22,6.9,0.62,26.49,24.61,mean_of_source_observations,21.6,69,8.2,1012.5,152.0,103.0,174.0,143.0,183.57142857142858,191.0,0,12,-0.3574644155648614,0.9339267592294762
"Bidhannagar, Kolkata - WBPCB",2024-12-10,191.0,87.21,126.22,18.18,9.34,0.63,23.75,22.12,mean_of_source_observations,21.3,75,7.5,1013.5,177.0,152.0,103.0,144.0,194.28571428571428,185.0,1,12,-0.34134651424503615,0.9399375283564133
"Bidhannagar, Kolkata - WBPCB",2024-12-11,185.0,85.41,121.32,24.16,6.5,0.68,33.91,22.81,mean_of_source_observations,20.1,70,9.7,1014.8,191.0,177.0,152.0,173.33333333333334,193.14285714285714,187.0,2,12,-0.3251276029999093,0.9456701548465688
"Bidhannagar, Kolkata - WBPCB",2024-12-12,187.0,86.02,120.22,27.06,7.54,0.65,24.59,21.81,mean_of_source_observations,18.8,66,7.7,1013.6,185.0,191.0,177.0,184.33333333333334,181.71428571428572,226.0,3,12,-0.30881248126625377,0.9511229423235357
"Bidhannagar, Kolkata - WBPCB",2024-12-13,226.0,97.88,131.72,25.87,9.15,0.75,26.13,21.32,mean_of_source_observations,18.5,66,7.9,1014.1,187.0,185.0,191.0,187.66666666666666,167.0,229.0,4,12,-0.29240597695107734,0.9562942772197719
"Bidhannagar, Kolkata - WBPCB",2024-12-14,229.0,98.6,134.63,26.17,8.96,0.72,26.22,22.16,mean_of_source_observations,18.2,65,8.4,1016.0,226.0,187.0,185.0,199.33333333333334,174.42857142857142,163.0,5,12,-0.27591294500296043,0.9611826292540837
"Bidhannagar, Kolkata - WBPCB",2024-12-15,163.0,78.86,117.17,21.46,9.48,0.7,25.3,21.52,mean_of_source_observations,18.3,63,8.9,1016.5,229.0,226.0,187.0,214.0,192.42857142857142,235.0,6,12,-0.2593382659754056,0.9657865518844574
"Bidhannagar, Kolkata - WBPCB",2024-12-16,235.0,100.45,142.96,24.9,8.92,0.96,23.27,27.77,mean_of_source_observations,19.3,73,6.4,1015.2,163.0,229.0,226.0,206.0,194.0,264.0,0,12,-0.2426868445825954,0.9701046827361175
"Bidhannagar, Kolkata - WBPCB",2024-12-17,264.0,109.33,150.72,31.31,9.02,1.14,22.75,33.84,mean_of_source_observations,21.1,70,5.8,1014.2,235.0,163.0,229.0,209.0,202.28571428571428,215.0,1,12,-0.22596360824801906,0.974135744004672
"Bidhannagar, Kolkata - WBPCB",2024-12-18,215.0,94.47,131.1,30.53,8.41,0.9,23.6,28.42,mean_of_source_observations,21.8,65,6.1,1013.5,264.0,235.0,163.0,220.66666666666666,212.71428571428572,121.0,2,12,-0.20917350564635637,0.9778785428342386
"Bidhannagar, Kolkata - WBPCB",2024-12-19,121.0,66.42,101.27,20.59,7.95,0.93,23.06,27.99,mean_of_source_observations,21.5,64,8.8,1014.3,215.0,264.0,235.0,238.0,217.0,127.0,3,12,-0.19232150523909483,0.9813319716704275
"Bidhannagar, Kolkata - WBPCB",2024-12-20,127.0,68.22,110.92,24.47,6.53,1.01,22.79,33.26,mean_of_source_observations,21.3,68,8.9,1013.3,121.0,215.0,264.0,200.0,207.57142857142858,131.0,4,12,-0.17541259380427843,0.9844950085880858
"Bidhannagar, Kolkata - WBPCB",2024-12-21,131.0,69.29,98.09,21.85,5.99,0.88,21.42,28.67,mean_of_source_observations,19.0,86,7.4,1014.0,127.0,121.0,215.0,154.33333333333334,193.42857142857142,77.0,5,12,-0.15845177496083632,0.9873667175937016
"Bidhannagar, Kolkata - WBPCB",2024-12-22,77.0,46.02,71.24,16.15,6.04,0.78,22.79,27.07,mean_of_source_observations,20.1,83,9.3,1014.4,131.0,127.0,121.0,126.33333333333333,179.42857142857142,121.0,6,12,-0.14144406768794202,0.9899462489023779
"Bidhannagar, Kolkata - WBPCB",2024-12-23,121.0,66.19,94.88,17.54,7.37,0.81,24.63,24.99,mean_of_source_observations,21.4,69,9.3,1014.4,77.0,131.0,127.0,111.66666666666667,167.14285714285714,102.0,0,12,-0.12439450483979998,0.9922328391893008
"Bidhannagar, Kolkata - WBPCB",2024-12-24,102.0,60.66,96.19,20.51,7.65,0.79,24.22,23.55,mean_of_source_observations,21.5,67,7.2,1014.8,121.0,77.0,131.0,109.66666666666667,150.85714285714286,158.0,1,12,-0.10730813165636247,0.9942258118156161
"Bidhannagar, Kolkata - WBPCB",2024-12-25,158.0,77.45,120.63,28.0,7.97,1.02,22.0,28.05,mean_of_source_observations,20.9,75,6.2,1016.7,102.0,121.0,77.0,100.0,127.71428571428571,152.0,2,12,-0.09019000427034513,0.9959245770286599
"Bidhannagar, Kolkata - WBPCB",2024-12-26,152.0,75.58,111.35,20.93,8.87,0.85,24.39,25.73,mean_of_source_observations,22.0,69,7.6,1018.3,158.0,102.0,121.0,127.0,119.57142857142857,140.0,3,12,-0.07304518821104743,0.9973286321364752
"Bidhannagar, Kolkata - WBPCB",2024-12-27,140.0,71.95,104.0,21.34,7.59,0.94,26.55,22.96,mean_of_source_observations,21.7,65,8.0,1018.3,152.0,158.0,102.0,137.33333333333334,124.0,173.0,4,12,-0.05587875690537313,0.9984375616565666
"Bidhannagar, Kolkata - WBPCB",2024-12-28,173.0,81.82,125.13,18.03,6.6,1.13,15.0,28.64,mean_of_source_observations,21.6,65,7.6,1016.8,140.0,152.0,158.0,150.0,125.85714285714286,202.0,5,12,-0.03869579017652689,0.9992510374388481
"Bidhannagar, Kolkata - WBPCB",2024-12-29,202.0,90.74,135.64,24.6,7.61,1.34,14.67,32.87,mean_of_source_observations,22.1,67,6.4,1016.0,173.0,140.0,152.0,155.0,131.85714285714286,151.0,6,12,-0.021501372740813793,0.999768818762748
"Bidhannagar, Kolkata - WBPCB",2024-12-30,151.0,75.17,115.93,15.63,6.31,1.01,15.86,27.3,mean_of_source_observations,22.3,69,8.2,1016.6,202.0,173.0,140.0,171.66666666666666,149.71428571428572,122.0,0,12,-0.004300592702981974,0.9999907524084426
"Bidhannagar, Kolkata - WBPCB",2024-12-31,122.0,66.63,102.21,8.57,6.1,0.77,23.88,21.4,mean_of_source_observations,20.2,68,12.0,1017.1,151.0,202.0,173.0,175.33333333333334,154.0,137.0,1,12,0.012901459949419653,0.9999167727021953
"Bidhannagar, Kolkata - WBPCB",2025-01-01,137.0,71.05,104.94,25.33,9.56,0.66,19.01,20.14,mean_of_source_observations,18.8,70,9.3,1015.4,122.0,151.0,202.0,158.33333333333334,156.85714285714286,180.0,2,1,0.017201575418260506,0.9998520419557735
"Bidhannagar, Kolkata - WBPCB",2025-01-02,180.0,83.95,115.56,15.24,8.06,0.61,34.36,20.22,mean_of_source_observations,17.7,70,9.5,1015.9,137.0,122.0,151.0,136.66666666666666,153.85714285714286,262.0,3,1,0.03439806061360801,0.9994082116062598
"Bidhannagar, Kolkata - WBPCB",2025-01-03,262.0,108.52,142.86,17.78,7.67,0.81,25.44,19.49,mean_of_source_observations,17.6,71,9.2,1015.7,180.0,137.0,122.0,146.33333333333334,157.85714285714286,301.0,4,1,0.051584366869408364,0.9986686402879997
"Bidhannagar, Kolkata - WBPCB",2025-01-04,301.0,121.27,152.45,14.51,7.22,0.93,18.63,24.19,mean_of_source_observations,19.5,73,8.0,1014.3,262.0,180.0,137.0,193.0,175.28571428571428,185.0,5,1,0.06875540848113941,0.9976335468520451
"Bidhannagar, Kolkata - WBPCB",2025-01-05,185.0,85.4,104.38,14.0,5.55,0.88,18.42,22.61,mean_of_source_observations,20.2,73,5.8,1014.6,301.0,262.0,180.0,247.66666666666666,193.57142857142858,242.0,6,1,0.08590610426133272,0.9963032375991965
"Bidhannagar, Kolkata - WBPCB",2025-01-06,242.0,102.57,127.1,22.5,5.9,1.13,24.19,24.42,mean_of_source_observations,20.1,74,6.5,1013.8,185.0,301.0,262.0,249.33333333333334,191.14285714285714,226.0,0,1,0.10303137904317879,0.9946781061893646
"Bidhannagar, Kolkata - WBPCB",2025-01-07,226.0,97.7,123.65,25.46,6.37,1.0,29.51,23.03,mean_of_source_observations,21.4,71,9.1,1012.8,242.0,185.0,301.0,242.66666666666666,204.14285714285714,100.0,1,1,0.1201261651823505,0.9927586335250793
"Bidhannagar, Kolkata - WBPCB",2025-01-08,100.0,59.73,100.34,8.14,3.04,0.54,28.16,19.3,mean_of_source_observations,19.6,67,10.5,1014.8,226.0,242.0,185.0,217.66666666666666,219.0,101.0,2,1,0.13718540405660057,0.9905453876091833
"Bidhannagar, Kolkata - WBPCB",2025-01-09,101.0,58.81,100.79,15.81,7.25,0.6,33.17,19.35,mean_of_source_observations,18.6,69,8.3,1017.2,100.0,226.0,242.0,189.33333333333334,213.71428571428572,190.0,3,1,0.1542040475626894,0.988039023376751
"Bidhannagar, Kolkata - WBPCB",2025-01-10,190.0,86.88,131.2,18.96,7.87,0.69,22.74,19.32,mean_of_source_observations,18.9,64,9.8,1018.6,101.0,100.0,226.0,142.33333333333334,202.42857142857142,219.0,4,1,0.17117705961019986,0.985240282501282
"Bidhannagar, Kolkata - WBPCB",2025-01-11,219.0,95.84,143.71,20.84,7.18,1.42,16.23,25.74,mean_of_source_observations,19.2,67,6.7,1018.1,190.0,101.0,100.0,130.33333333333334,192.14285714285714,198.0,5,1,0.18809941761179758,0.9821499931752291
"Bidhannagar, Kolkata - WBPCB",2025-01-12,198.0,89.47,132.65,18.0,7.43,1.02,18.12,28.46,mean_of_source_observations,20.6,67,5.2,1016.9,219.0,190.0,101.0,170.0,180.42857142857142,272.0,6,1,0.20496611396949532,0.9787690698649216
"Bidhannagar, Kolkata - WBPCB",2025-01-13,272.0,111.68,152.82,37.62,6.67,1.08,29.78,27.24,mean_of_source_observations,21.7,64,7.3,1015.0,198.0,219.0,190.0,202.33333333333334,182.28571428571428,291.0,0,1,0.22177215755648186,0.975098513039961
"Bidhannagar, Kolkata - WBPCB",2025-01-14,291.0,117.35,150.69,48.51,7.58,1.16,25.98,35.2,mean_of_source_observations,21.9,63,8.3,1017.3,272.0,198.0,219.0,229.66666666666666,186.57142857142858,145.0,1,1,0.23851257519407648,0.9711394088771653
"Bidhannagar, Kolkata - WBPCB",2025-01-15,145.0,73.39,113.19,50.95,8.0,0.64,31.92,25.8,mean_of_source_observations,20.8,62,11.6,1018.1,291.0,272.0,198.0,253.66666666666666,195.85714285714286,141.0,2,1,0.2551824131233728,0.9668929289391521
"Bidhannagar, Kolkata - WBPCB",2025-01-16,141.0,72.34,115.91,51.76,7.78,0.66,31.4,28.22,mean_of_source_observations,20.0,64,7.8,1017.4,145.0,291.0,272.0,236.0,202.28571428571428,135.0,3,1,0.2717767384711357,0.9623603298276545
"Bidhannagar, Kolkata - WBPCB",2025-01-17,135.0,70.61,118.58,48.82,7.58,0.82,25.71,30.33,mean_of_source_observations,20.7,63,9.0,1016.2,141.0,145.0,291.0,192.33333333333334,208.0,154.0,4,1,0.2882906407095177,0.9575429528116719
"Bidhannagar, Kolkata - WBPCB",2025-01-18,154.0,76.18,117.09,46.47,8.23,0.92,18.0,32.47,mean_of_source_observations,20.8,63,10.6,1015.6,135.0,141.0,145.0,140.33333333333334,200.14285714285714,146.0,5,1,0.3047192331091634,0.9524422234305676
"Bidhannagar, Kolkata - WBPCB",2025-01-19,146.0,73.82,111.7,48.55,7.86,0.9,19.1,35.92,mean_of_source_observations,20.7,62,11.6,1014.5,154.0,135.0,141.0,143.33333333333334,190.85714285714286,172.0,6,1,0.321057654185271,0.9470596510722283
"Bidhannagar, Kolkata - WBPCB",2025-01-20,172.0,81.69,120.5,54.02,7.12,0.87,27.64,31.55,mean_of_source_observations,20.0,62,10.7,1012.8,146.0,154.0,135.0,145.0,183.42857142857142,191.0,0,1,0.3373010691361842,0.9413968285264122
"Bidhannagar, Kolkata - WBPCB",2025-01-21,191.0,87.29,133.55,55.12,7.25,0.94,19.91,29.19,mean_of_source_observations,21.1,66,10.1,1011.9,172.0,146.0,154.0,157.33333333333334,169.14285714285714,187.0,1,1,0.3534446712740877,0.9354554315134164
"Bidhannagar, Kolkata - WBPCB",2025-01-22,187.0,86.1,133.83,57.08,6.66,1.04,29.07,27.86,mean_of_source_observations,22.3,63,8.9,1012.6,191.0,172.0,146.0,169.66666666666666,154.85714285714286,203.0,2,1,0.3694836834473831,0.9292372181882051
"Bidhannagar, Kolkata - WBPCB",2025-01-23,203.0,90.84,140.35,44.77,6.11,1.11,30.82,31.18,mean_of_source_observations,22.3,71,6.7,1013.2,187.0,191.0,172.0,183.33333333333334,160.85714285714286,184.0,3,1,0.38541335945432564,0.9227440286201427
"Bidhannagar, Kolkata - WBPCB",2025-01-24,184.0,85.09,131.96,46.25,7.46,1.06,17.49,26.19,mean_of_source_observations,22.7,75,6.3,1012.4,203.0,187.0,191.0,193.66666666666666,169.71428571428572,157.0,4,1,0.4012289854475009,0.9159777842484877
"Bidhannagar, Kolkata - WBPCB",2025-01-25,157.0,77.08,128.19,49.82,6.17,1.04,16.96,26.55,mean_of_source_observations,22.2,75,10.4,1013.4,184.0,203.0,187.0,191.33333333333334,176.71428571428572,98.0,5,1,0.4169258813287287,0.908940487313808
"Bidhannagar, Kolkata - WBPCB",2025-01-26,98.0,58.02,98.2,49.03,6.83,0.74,19.58,23.96,mean_of_source_observations,21.0,60,10.5,1013.5,157.0,184.0,203.0,181.33333333333334,177.14285714285714,146.0,6,1,0.4324994021339788,0.901634220265486
"Bidhannagar, Kolkata - WBPCB",2025-01-27,146.0,73.9,112.13,59.28,7.42,0.89,35.77,26.05,mean_of_source_observations,20.2,58,9.9,1011.7,98.0,157.0,184.0,146.33333333333334,170.28571428571428,172.0,0,1,0.44794493940789115,0.8940611451454876
"Bidhannagar, Kolkata - WBPCB",2025-01-28,172.0,81.49,119.79,54.71,9.62,0.89,29.91,25.95,mean_of_source_observations,21.1,64,8.7,1012.9,146.0,98.0,157.0,133.66666666666666,166.57142857142858,101.0,1,1,0.4632579225674917,0.88622350294858
"Bidhannagar, Kolkata - WBPCB",2025-01-29,101.0,60.28,97.33,43.67,6.59,0.69,24.66,25.63,mean_of_source_observations,22.3,75,10.5,1014.6,172.0,146.0,98.0,138.66666666666666,163.85714285714286,84.0,2,1,0.4784338202547012,0.8781236129591848
"Bidhannagar, Kolkata - WBPCB",2025-01-30,84.0,50.58,74.77,39.62,6.38,0.61,20.37,26.89,mean_of_source_observations,23.7,77,16.9,1011.0,101.0,172.0,146.0,139.66666666666666,151.57142857142858,71.0,3,1,0.49346814167723735,0.8697638720650646
"Bidhannagar, Kolkata - WBPCB",2025-01-31,71.0,41.51,71.43,43.69,7.85,0.61,21.82,24.62,mean_of_source_observations,24.5,80,11.4,1010.8,84.0,101.0,172.0,119.0,134.57142857142858,80.0,4,1,0.5083564379375122,0.8611467540480452
"Bidhannagar, Kolkata - WBPCB",2025-02-01,80.0,45.73,80.21,45.1,5.18,0.73,24.05,25.44,mean_of_source_observations,24.8,84,7.3,1011.7,71.0,84.0,101.0,85.33333333333333,118.42857142857143,116.0,5,2,0.5230943033491326,0.8522748088519838
"Bidhannagar, Kolkata - WBPCB",2025-02-02,116.0,64.67,97.09,43.12,5.51,0.73,23.91,25.04,mean_of_source_observations,24.9,81,7.4,1011.8,80.0,71.0,84.0,78.33333333333333,107.42857142857143,108.0,6,2,0.5376773767406141,0.8431506618282
"Bidhannagar, Kolkata - WBPCB",2025-02-03,108.0,62.49,102.87,47.17,6.6,0.87,33.52,24.86,mean_of_source_observations,25.0,68,8.1,1012.6,116.0,80.0,71.0,89.0,110.0,91.0,0,2,0.5521013427459208,0.8337770129585915
"Bidhannagar, Kolkata - WBPCB",2025-02-04,91.0,54.44,86.62,55.97,8.11,0.69,46.47,21.14,mean_of_source_observations,24.2,54,9.2,1012.8,108.0,116.0,80.0,101.33333333333333,104.57142857142857,148.0,1,2,0.5663619330814524,0.8241566360566663
"Bidhannagar, Kolkata - WBPCB",2025-02-05,148.0,74.25,109.95,52.22,8.3,0.79,20.12,21.62,mean_of_source_observations,24.9,61,9.1,1011.0,91.0,108.0,116.0,105.0,93.0,82.0,2,2,0.580454927809098,0.8142923779467267
"Bidhannagar, Kolkata - WBPCB",2025-02-06,82.0,46.34,82.18,46.03,6.57,0.6,36.98,21.37,mean_of_source_observations,25.8,64,11.2,1011.7,148.0,91.0,108.0,115.66666666666667,99.71428571428571,89.0,3,2,0.5943761565849831,0.804187157621448
"Bidhannagar, Kolkata - WBPCB",2025-02-07,89.0,47.69,89.01,52.22,7.65,0.62,60.35,23.73,mean_of_source_observations,23.0,41,9.5,1013.9,82.0,148.0,91.0,107.0,99.42857142857143,88.0,4,2,0.6081214998935418,0.7938439653781019
"Bidhannagar, Kolkata - WBPCB",2025-02-08,88.0,49.91,88.31,48.75,8.67,0.64,20.99,27.16,mean_of_source_observations,22.0,48,10.9,1014.2,89.0,82.0,148.0,106.33333333333333,102.0,130.0,5,2,0.6216868902665479,0.7832658619336791
"Bidhannagar, Kolkata - WBPCB",2025-02-09,130.0,69.04,94.06,50.81,9.66,0.62,18.74,27.69,mean_of_source_observations,22.3,49,9.1,1013.5,88.0,89.0,82.0,86.33333333333333,103.14285714285714,162.0,6,2,0.6350683134867438,0.7724559775191742
"Bidhannagar, Kolkata - WBPCB",2025-02-10,162.0,78.49,111.69,45.33,9.06,0.63,33.06,25.09,mean_of_source_observations,23.6,69,9.9,1013.5,130.0,88.0,89.0,102.33333333333333,105.14285714285714,89.0,0,2,0.6482618097757122,0.7614175109532997
"Bidhannagar, Kolkata - WBPCB",2025-02-11,89.0,46.95,88.6,44.63,9.0,0.43,29.05,18.28,mean_of_source_observations,25.2,73,10.4,1012.2,162.0,130.0,88.0,126.66666666666667,112.85714285714286,85.0,1,2,0.6612634749656386,0.7501537286959042
"Bidhannagar, Kolkata - WBPCB",2025-02-12,85.0,45.4,85.35,41.9,5.11,0.39,27.31,17.83,mean_of_source_observations,25.8,71,8.7,1011.9,89.0,162.0,130.0,127.0,112.57142857142857,80.0,2,2,0.6740694616546161,0.7386679638813748
"Bidhannagar, Kolkata - WBPCB",2025-02-13,80.0,43.17,79.63,45.09,4.98,0.47,36.5,18.83,mean_of_source_observations,26.2,69,9.7,1011.1,85.0,89.0,162.0,112.0,103.57142857142857,91.0,3,2,0.6866759803451553,0.726963615332308
"Bidhannagar, Kolkata - WBPCB",2025-02-14,91.0,53.24,91.13,47.93,8.08,0.49,22.83,24.87,mean_of_source_observations,24.2,39,11.6,1011.9,80.0,85.0,89.0,84.66666666666667,103.28571428571429,113.0,4,2,0.6990793005655562,0.7150441465537444
"Bidhannagar, Kolkata - WBPCB",2025-02-15,113.0,63.77,102.61,52.74,9.58,0.52,20.1,24.99,mean_of_source_observations,24.4,45,11.3,1011.5,91.0,80.0,85.0,85.33333333333333,103.57142857142857,71.0,5,2,0.7112757519738152,0.7029130847082615
"Bidhannagar, Kolkata - WBPCB",2025-02-16,71.0,42.72,71.44,43.63,9.01,0.34,20.4,26.64,mean_of_source_observations,24.9,66,11.6,1011.7,113.0,91.0,80.0,94.66666666666667,107.14285714285714,60.0,6,2,0.7232617254437388,0.6905740195722294
"Bidhannagar, Kolkata - WBPCB",2025-02-17,60.0,34.14,59.67,38.06,6.86,0.25,24.43,25.52,mean_of_source_observations,26.1,72,12.1,1013.1,71.0,113.0,91.0,91.66666666666667,98.71428571428571,60.0,0,2,0.7350336741329412,0.6780306024735382
"Bidhannagar, Kolkata - WBPCB",2025-02-18,60.0,36.25,58.2,38.1,7.09,0.23,24.71,25.28,mean_of_source_observations,25.4,73,13.2,1012.9,60.0,71.0,113.0,81.33333333333333,84.14285714285714,67.0,1,2,0.746588114532413,0.6652865452111116
"Bidhannagar, Kolkata - WBPCB",2025-02-19,67.0,39.54,67.46,39.5,5.89,0.25,24.91,25.63,mean_of_source_observations,23.4,82,10.5,1012.6,60.0,60.0,71.0,63.666666666666664,80.0,53.0,2,2,0.7579216274973472,0.6523456189565257
"Bidhannagar, Kolkata - WBPCB",2025-02-20,53.0,25.72,52.67,39.06,5.33,0.28,19.32,24.4,mean_of_source_observations,22.8,86,8.0,1014.0,67.0,60.0,60.0,62.333333333333336,77.42857142857143,65.0,3,2,0.7690308592589181,0.6392116531380588
"Bidhannagar, Kolkata - WBPCB",2025-02-21,65.0,39.17,63.69,42.81,7.1,0.33,33.0,25.75,mean_of_source_observations,23.9,79,8.8,1014.2,53.0,67.0,60.0,60.0,73.57142857142857,59.0,4,2,0.7799125224167177,0.6258885343075018
"Bidhannagar, Kolkata - WBPCB",2025-02-22,59.0,32.4,59.27,41.55,6.61,0.21,20.14,25.09,mean_of_source_observations,23.2,85,12.5,1014.7,65.0,53.0,67.0,61.666666666666664,69.85714285714286,70.0,5,2,0.7905633969115482,0.612380204990065
"Bidhannagar, Kolkata - WBPCB",2025-02-23,70.0,41.88,67.91,41.5,7.1,0.23,19.83,25.02,mean_of_source_observations,22.9,82,8.1,1015.4,59.0,65.0,53.0,59.0,62.142857142857146,84.0,6,2,0.8009803309782905,0.5986906625177214
"Bidhannagar, Kolkata - WBPCB",2025-02-24,84.0,50.23,79.53,42.17,6.58,0.26,30.77,23.61,mean_of_source_observations,24.0,74,6.9,1016.3,70.0,59.0,65.0,64.66666666666667,62.0,99.0,0,2,0.8111602420785621,0.5848239578463322
"Bidhannagar, Kolkata - WBPCB",2025-02-25,99.0,59.47,98.29,44.32,8.85,0.24,34.8,23.11,mean_of_source_observations,24.4,70,8.5,1017.4,84.0,70.0,59.0,71.0,65.42857142857143,91.0,1,2,0.8211001178128892,0.5707841943569036
"Bidhannagar, Kolkata - WBPCB",2025-02-26,91.0,54.87,89.54,46.02,8.08,0.22,21.67,23.52,mean_of_source_observations,24.2,70,7.3,1017.3,99.0,84.0,70.0,84.33333333333333,71.0,127.0,2,2,0.8307970168121247,0.5565755266413303
"Bidhannagar, Kolkata - WBPCB",2025-02-27,127.0,68.18,113.52,39.73,7.77,0.25,35.13,25.98,mean_of_source_observations,24.9,69,11.2,1014.9,91.0,99.0,84.0,91.33333333333333,74.42857142857143,97.0,3,2,0.8402480696078469,0.5422021592729844
"Bidhannagar, Kolkata - WBPCB",2025-02-28,97.0,58.27,86.99,36.23,6.92,0.26,32.97,33.21,mean_of_source_observations,26.1,69,7.7,1013.5,127.0,91.0,99.0,105.66666666666667,85.0,67.0,4,2,0.8494504794814806,0.527668345562516
"Bidhannagar, Kolkata - WBPCB",2025-03-01,67.0,36.34,67.25,44.05,6.95,0.13,29.92,47.29,mean_of_source_observations,27.6,68,13.5,1010.8,97.0,127.0,91.0,105.0,89.57142857142857,76.0,5,3,0.8584015232918917,0.512978386299228
"Bidhannagar, Kolkata - WBPCB",2025-03-02,76.0,38.88,75.96,42.94,7.75,0.15,39.13,54.41,mean_of_source_observations,28.4,59,10.2,1008.4,67.0,97.0,127.0,97.0,90.71428571428571,79.0,6,3,0.8670985522812081,0.4981366284784055
"Bidhannagar, Kolkata - WBPCB",2025-03-03,79.0,40.19,79.4,42.69,7.17,0.18,28.09,58.28,mean_of_source_observations,29.0,56,11.1,1009.5,76.0,67.0,97.0,80.0,91.57142857142857,79.0,0,3,0.8755389928586302,0.4831474640149687
"Bidhannagar, Kolkata - WBPCB",2025-03-04,79.0,42.49,78.62,47.6,6.79,0.17,30.87,53.94,mean_of_source_observations,28.0,49,11.5,1009.9,79.0,76.0,67.0,74.0,90.85714285714286,115.0,1,3,0.8837203473619977,0.4680153284438345
"Bidhannagar, Kolkata - WBPCB",2025-03-05,115.0,64.49,106.7,52.53,8.35,0.2,36.46,49.12,mean_of_source_observations,27.4,50,10.5,1009.1,79.0,79.0,76.0,78.0,88.0,91.0,2,3,0.8916401947968874,0.45274469960737107
"Bidhannagar, Kolkata - WBPCB",2025-03-06,91.0,54.78,86.43,45.93,8.12,0.2,28.03,51.56,mean_of_source_observations,25.1,40,11.4,1011.3,115.0,79.0,79.0,91.0,91.42857142857143,92.0,3,3,0.8992961915530253,0.4373400963303323
"Bidhannagar, Kolkata - WBPCB",2025-03-07,92.0,55.02,85.45,60.48,9.48,0.25,38.3,41.66,mean_of_source_observations,25.1,43,10.4,1009.7,91.0,115.0,79.0,95.0,86.28571428571429,74.0,4,3,0.9066860720977985,0.4218060770826634
"Bidhannagar, Kolkata - WBPCB",2025-03-08,74.0,42.66,73.74,50.2,7.85,0.16,31.99,32.98,mean_of_source_observations,26.3,62,12.3,1009.0,92.0,91.0,115.0,99.33333333333333,85.57142857142857,65.0,5,3,0.9138076496466615,0.40614723863057883
"Bidhannagar, Kolkata - WBPCB",2025-03-09,65.0,36.45,65.24,39.98,5.46,0.11,23.66,28.43,mean_of_source_observations,27.5,64,9.3,1012.5,74.0,92.0,91.0,85.66666666666667,86.57142857142857,70.0,6,3,0.9206588168102428,0.3903682146763026
"Bidhannagar, Kolkata - WBPCB",2025-03-10,70.0,39.08,70.38,42.76,6.54,0.15,27.09,28.68,mean_of_source_observations,28.0,59,10.0,1014.5,65.0,74.0,92.0,77.0,85.0,64.0,0,3,0.9272375462179537,0.374473674486883
"Bidhannagar, Kolkata - WBPCB",2025-03-11,64.0,22.67,64.3,44.73,9.12,0.17,38.42,19.54,mean_of_source_observations,28.2,50,13.1,1012.3,70.0,65.0,74.0,69.66666666666667,83.71428571428571,69.0,1,3,0.9335418911179212,0.35846832151248087
"Bidhannagar, Kolkata - WBPCB",2025-03-12,69.0,31.69,69.07,41.54,8.66,0.17,43.02,21.52,mean_of_source_observations,28.7,55,13.0,1008.5,64.0,70.0,65.0,66.33333333333333,81.57142857142857,56.0,2,3,0.9395699859530622,0.342356891994542
"Bidhannagar, Kolkata - WBPCB",2025-03-13,56.0,23.79,56.21,23.98,7.18,0.14,35.36,25.12,mean_of_source_observations,29.9,59,13.2,1006.6,69.0,64.0,70.0,67.66666666666667,75.0,64.0,3,3,0.945320046913132,0.3261441535642696
"Bidhannagar, Kolkata - WBPCB",2025-03-14,64.0,34.48,63.68,11.71,6.49,0.11,26.13,15.62,mean_of_source_observations,30.3,68,10.3,1008.0,56.0,69.0,64.0,63.0,70.0,57.0,4,3,0.9507903724625832,0.3098349038318025
"Bidhannagar, Kolkata - WBPCB",2025-03-15,57.0,29.44,57.0,10.75,5.0,0.16,22.97,15.41,mean_of_source_observations,31.0,68,12.4,1009.3,64.0,56.0,69.0,63.0,66.0,51.0,5,3,0.9559793438440766,0.2934339689665273
"Bidhannagar, Kolkata - WBPCB",2025-03-16,51.0,25.08,50.75,10.92,7.7,0.23,24.91,15.44,mean_of_source_observations,30.7,68,18.4,1008.9,57.0,64.0,56.0,59.0,63.57142857142857,52.0,6,3,0.9608854255574977,0.27694620226893646
"Bidhannagar, Kolkata - WBPCB",2025-03-17,52.0,28.17,51.69,12.23,4.98,0.21,19.71,28.2,mean_of_source_observations,28.7,72,19.5,1008.7,51.0,57.0,64.0,57.333333333333336,61.57142857142857,61.0,0,3,0.9655071658143364,0.2603764827344581
"Bidhannagar, Kolkata - WBPCB",2025-03-18,61.0,26.14,60.77,11.96,6.56,0.23,26.11,36.23,mean_of_source_observations,30.2,54,11.2,1009.6,52.0,51.0,57.0,53.333333333333336,59.0,84.0,1,3,0.969843196967294,0.24372971360968387
"Bidhannagar, Kolkata - WBPCB",2025-03-19,84.0,44.76,83.58,12.43,6.62,0.18,27.27,37.08,mean_of_source_observations,29.6,64,12.8,1012.5,61.0,52.0,51.0,54.666666666666664,58.57142857142857,51.0,2,3,0.9738922359149924,0.22701082094141847
"Bidhannagar, Kolkata - WBPCB",2025-03-20,51.0,29.88,50.95,11.47,6.31,0.26,18.72,33.73,mean_of_source_observations,29.3,66,13.2,1013.8,84.0,61.0,52.0,65.66666666666667,60.714285714285715,53.0,3,3,0.9776530844816641,0.2102247521189836
"Bidhannagar, Kolkata - WBPCB",2025-03-21,53.0,29.17,53.01,12.99,6.96,0.19,23.69,37.34,mean_of_source_observations,27.8,61,12.1,1014.8,51.0,84.0,61.0,65.33333333333333,60.0,41.0,4,3,0.981124629771712,0.19337647441020586
"Bidhannagar, Kolkata - WBPCB",2025-03-22,41.0,21.59,40.82,12.48,6.11,0.2,16.83,36.07,mean_of_source_observations,23.2,81,15.0,1014.7,53.0,51.0,84.0,62.666666666666664,58.42857142857143,59.0,5,3,0.984305844499033,0.17647097349152166
"Bidhannagar, Kolkata - WBPCB",2025-03-23,59.0,35.26,59.37,12.49,6.9,0.23,20.39,36.0,mean_of_source_observations,24.5,75,9.0,1014.6,41.0,53.0,51.0,48.333333333333336,56.142857142857146,84.0,6,3,0.9871957872910085,0.15951325197263655
"Bidhannagar, Kolkata - WBPCB",2025-03-24,84.0,50.28,80.46,12.58,7.5,0.32,21.82,35.87,mean_of_source_observations,27.0,59,9.9,1013.3,59.0,41.0,53.0,51.0,57.285714285714285,84.0,0,3,0.9897936029670716,0.14250832791617088
"Bidhannagar, Kolkata - WBPCB",2025-03-25,84.0,50.16,81.49,13.82,9.2,0.28,30.37,40.0,mean_of_source_observations,28.3,54,10.4,1009.1,84.0,59.0,41.0,61.333333333333336,61.857142857142854,53.0,1,3,0.992098522791769,0.12546123335273648
"Bidhannagar, Kolkata - WBPCB",2025-03-26,53.0,29.33,52.99,11.89,7.47,0.11,32.79,31.18,mean_of_source_observations,29.5,59,12.5,1006.6,84.0,84.0,59.0,75.66666666666667,65.14285714285714,60.0,2,3,0.9941098647022418,0.10837701279187609
"Bidhannagar, Kolkata - WBPCB",2025-03-27,60.0,35.02,59.52,10.99,9.07,0.15,33.47,27.84,mean_of_source_observations,30.8,54,14.1,1004.8,53.0,84.0,84.0,73.66666666666667,60.714285714285715,72.0,3,3,0.9958270335100595,0.09126072172931188
"Bidhannagar, Kolkata - WBPCB",2025-03-28,72.0,38.94,72.06,11.33,9.54,0.16,45.03,28.21,mean_of_source_observations,31.7,50,13.2,1004.1,60.0,53.0,84.0,65.66666666666667,62.0,87.0,4,3,0.9972495210773451,0.07411742515094437
"Bidhannagar, Kolkata - WBPCB",2025-03-29,87.0,52.07,82.35,12.47,7.83,0.16,34.11,39.08,mean_of_source_observations,31.8,54,12.0,1005.8,72.0,60.0,53.0,61.666666666666664,64.71428571428571,65.0,5,3,0.998376906467142,0.056952196034039754
"Bidhannagar, Kolkata - WBPCB",2025-03-30,65.0,38.39,65.01,10.91,6.07,0.15,22.89,29.88,mean_of_source_observations,30.8,69,12.1,1008.5,87.0,72.0,60.0,73.0,71.28571428571429,53.0,6,3,0.9992088560679753,0.03977011384605572
"Bidhannagar, Kolkata - WBPCB",2025-03-31,53.0,28.94,52.75,10.78,5.15,0.13,26.44,29.38,mean_of_source_observations,30.4,69,14.2,1008.6,65.0,87.0,72.0,74.66666666666667,72.14285714285714,55.0,0,3,0.9997451236925734,0.022576263041545485
"Bidhannagar, Kolkata - WBPCB",2025-04-01,55.0,24.96,55.07,10.85,5.32,0.09,23.18,29.04,mean_of_source_observations,30.2,68,14.5,1008.4,53.0,65.0,87.0,68.33333333333333,67.71428571428571,39.0,1,4,0.9999855506507186,0.005375731557583884
"Bidhannagar, Kolkata - WBPCB",2025-04-02,39.0,19.1,39.05,11.17,6.96,0.08,20.12,32.58,mean_of_source_observations,30.5,66,16.7,1009.7,55.0,53.0,65.0,57.666666666666664,63.57142857142857,42.0,2,4,0.9999300657962057,-0.011826390691832589
"Bidhannagar, Kolkata - WBPCB",2025-04-03,42.0,20.32,41.94,11.12,8.39,0.26,24.17,27.31,mean_of_source_observations,30.8,64,10.2,1010.7,39.0,55.0,53.0,49.0,61.57142857142857,60.0,3,4,0.9995786855478958,-0.029025013321975237
"Bidhannagar, Kolkata - WBPCB",2025-04-04,60.0,32.95,60.15,12.38,8.03,0.57,24.09,29.05,mean_of_source_observations,29.8,68,9.0,1009.9,42.0,39.0,55.0,45.333333333333336,59.0,55.0,4,4,0.9989315138848577,-0.046215046983708354
"Bidhannagar, Kolkata - WBPCB",2025-04-05,55.0,31.95,54.64,12.39,8.7,0.5,33.88,31.27,mean_of_source_observations,31.4,59,12.4,1007.8,60.0,42.0,39.0,47.0,57.285714285714285,47.0,5,4,0.9979887423155984,-0.06339140486951038
"Bidhannagar, Kolkata - WBPCB",2025-04-06,47.0,24.05,47.01,12.28,7.82,0.44,25.24,33.2,mean_of_source_observations,30.9,67,17.8,1007.5,55.0,60.0,42.0,52.333333333333336,52.714285714285715,34.0,6,4,0.9967506498213929,-0.08054900421874167
"Bidhannagar, Kolkata - WBPCB",2025-04-07,34.0,13.89,34.39,12.26,5.98,0.41,18.93,31.74,mean_of_source_observations,30.0,68,16.4,1010.1,47.0,55.0,60.0,54.0,50.142857142857146,35.0,0,4,0.9952176027737294,-0.09768276782171598
"Bidhannagar, Kolkata - WBPCB",2025-04-08,35.0,18.64,35.3,11.34,6.53,0.41,21.54,27.34,mean_of_source_observations,29.4,69,10.6,1012.7,34.0,47.0,55.0,45.333333333333336,47.42857142857143,32.0,1,4,0.9933900548258936,-0.11478762552212701
"Bidhannagar, Kolkata - WBPCB",2025-04-09,32.0,12.78,32.21,11.21,7.86,0.37,24.42,29.11,mean_of_source_observations,29.9,63,15.2,1010.4,35.0,34.0,47.0,38.666666666666664,44.57142857142857,39.0,2,4,0.9912685467787256,-0.13185851571739118
"Bidhannagar, Kolkata - WBPCB",2025-04-10,39.0,14.49,39.26,11.22,7.04,0.38,21.78,29.42,mean_of_source_observations,29.2,64,13.4,1006.5,32.0,35.0,34.0,33.666666666666664,43.57142857142857,36.0,3,4,0.9888537064205885,-0.1488903868564548
"Bidhannagar, Kolkata - WBPCB",2025-04-11,36.0,14.62,36.39,11.69,7.27,0.4,22.38,30.97,mean_of_source_observations,28.1,71,9.4,1004.9,39.0,32.0,35.0,35.333333333333336,43.142857142857146,46.0,4,4,0.986146248341595,-0.16587819893463143
"Bidhannagar, Kolkata - WBPCB",2025-04-12,46.0,19.22,45.64,11.37,7.77,0.4,25.27,30.92,mean_of_source_observations,28.9,74,10.3,1006.3,36.0,39.0,32.0,35.666666666666664,39.714285714285715,52.0,5,4,0.9831469737221499,-0.1828169249850199
"Bidhannagar, Kolkata - WBPCB",2025-04-13,52.0,16.58,52.28,11.34,9.01,0.41,31.04,27.78,mean_of_source_observations,28.8,76,9.7,1008.1,46.0,36.0,39.0,40.333333333333336,38.42857142857143,52.0,6,4,0.9798567700958665,-0.1997015525660636
"Bidhannagar, Kolkata - WBPCB",2025-04-14,52.0,17.68,51.79,11.23,7.64,0.42,28.98,27.24,mean_of_source_observations,28.6,75,18.8,1008.8,52.0,46.0,36.0,44.666666666666664,39.142857142857146,47.0,0,4,0.9762766110869321,-0.21652708524481437
"Bidhannagar, Kolkata - WBPCB",2025-04-15,47.0,20.5,47.45,11.38,8.33,0.44,29.93,28.72,mean_of_source_observations,28.2,69,9.4,1009.5,52.0,52.0,46.0,50.0,41.714285714285715,53.0,1,4,0.9724075561219968,-0.23328854407545518
"Bidhannagar, Kolkata - WBPCB",2025-04-16,53.0,23.24,52.61,11.42,8.01,0.43,21.76,29.81,mean_of_source_observations,29.1,71,14.6,1008.6,47.0,52.0,52.0,50.333333333333336,43.42857142857143,45.0,2,4,0.9682507501166718,-0.2499809690726521
"Bidhannagar, Kolkata - WBPCB",2025-04-17,45.0,15.92,44.53,10.99,7.3,0.39,20.0,27.73,mean_of_source_observations,27.1,80,17.0,1007.2,53.0,47.0,52.0,50.666666666666664,46.42857142857143,38.0,3,4,0.9638074231367307,-0.26659942067929354
"Bidhannagar, Kolkata - WBPCB",2025-04-18,38.0,16.92,37.53,13.34,5.44,0.48,16.95,30.96,mean_of_source_observations,26.9,81,13.0,1006.4,45.0,53.0,47.0,48.333333333333336,47.285714285714285,46.0,4,4,0.9590788900341131,-0.28313898122818354
"Bidhannagar, Kolkata - WBPCB",2025-04-20,,,,,,,,,mean_of_source_observations,30.0,80,12.8,1005.5,46.0,38.0,45.0,43.0,47.57142857142857,51.0,6,4,0.9487718864399473,-0.31596187665790293
"Bidhannagar, Kolkata - WBPCB",2025-04-28,61.0,27.76,60.61,11.03,5.13,0.54,28.37,24.58,mean_of_source_observations,29.1,75,9.8,1007.5,50.0,45.0,37.0,44.0,46.57142857142857,43.0,0,4,0.8964562582905575,-0.44313223418263453
"Bidhannagar, Kolkata - WBPCB",2025-04-29,43.0,14.72,42.66,10.69,5.96,0.51,31.51,23.55,mean_of_source_observations,26.8,76,15.8,1007.9,61.0,50.0,45.0,52.0,48.0,48.0,1,4,0.8887010478292915,-0.45848712914008766
"Bidhannagar, Kolkata - WBPCB",2025-04-30,48.0,18.2,48.38,10.71,5.16,0.55,18.49,23.59,mean_of_source_observations,26.9,77,9.8,1008.7,43.0,61.0,50.0,51.333333333333336,47.714285714285715,46.0,2,4,0.8806828564301475,-0.47370635037968
"Bidhannagar, Kolkata - WBPCB",2025-05-01,46.0,16.86,46.02,10.71,5.83,0.54,22.71,23.74,mean_of_source_observations,26.7,78,15.9,1010.0,48.0,43.0,61.0,50.666666666666664,47.0,42.0,3,5,0.8724040568049612,-0.48878539428899265
"Bidhannagar, Kolkata - WBPCB",2025-05-02,42.0,16.17,41.88,11.17,5.98,0.55,30.23,24.71,mean_of_source_observations,26.7,78,8.0,1008.7,46.0,48.0,43.0,45.666666666666664,47.142857142857146,41.0,4,5,0.8638670987837349,-0.503719798736334
"Bidhannagar, Kolkata - WBPCB",2025-05-03,41.0,18.12,41.43,11.16,5.92,0.51,25.94,25.26,mean_of_source_observations,27.6,78,12.7,1007.0,42.0,46.0,48.0,45.333333333333336,47.857142857142854,49.0,5,5,0.8550745085896932,-0.518505144391157
"Bidhannagar, Kolkata - WBPCB",2025-05-04,49.0,19.1,48.79,10.97,6.08,0.5,29.54,24.47,mean_of_source_observations,27.2,82,14.5,1006.0,41.0,42.0,46.0,43.0,47.285714285714285,50.0,6,5,0.8460288880917339,-0.533137056031809
"Bidhannagar, Kolkata - WBPCB",2025-05-05,50.0,24.6,50.47,12.57,5.94,0.52,36.98,27.85,mean_of_source_observations,29.2,74,8.7,1006.1,49.0,41.0,42.0,44.0,47.142857142857146,50.0,0,5,0.8367329140344921,-0.5476112038402312
"Bidhannagar, Kolkata - WBPCB",2025-05-06,50.0,24.82,50.48,12.19,6.12,0.52,33.38,23.54,mean_of_source_observations,29.0,79,9.1,1006.7,50.0,49.0,41.0,46.666666666666664,45.57142857142857,58.0,1,5,0.8271893372462497,-0.5619233046832195
"Bidhannagar, Kolkata - WBPCB",2025-05-07,58.0,27.06,57.57,11.03,6.9,0.52,34.73,22.44,mean_of_source_observations,30.2,73,10.6,1005.4,50.0,50.0,49.0,49.666666666666664,46.57142857142857,57.0,2,5,0.8174009818249189,-0.5760691233798758
"Bidhannagar, Kolkata - WBPCB",2025-05-08,57.0,22.31,57.1,11.04,5.89,0.46,39.66,22.4,mean_of_source_observations,32.5,63,10.5,1005.6,58.0,50.0,50.0,52.666666666666664,48.0,58.0,3,5,0.8073707443023492,-0.5900444739548627
"Bidhannagar, Kolkata - WBPCB",2025-05-09,58.0,24.77,58.24,11.16,6.12,0.45,32.68,22.53,mean_of_source_observations,33.2,61,12.0,1005.9,57.0,58.0,50.0,55.0,49.57142857142857,66.0,4,5,0.7971015927871943,-0.6038452208771035
"Bidhannagar, Kolkata - WBPCB",2025-05-10,66.0,27.88,65.53,16.06,6.12,0.48,39.85,26.89,mean_of_source_observations,33.7,56,10.8,1005.6,58.0,57.0,58.0,57.666666666666664,51.857142857142854,62.0,5,5,0.7865965660866021,-0.6174672802835514
"Bidhannagar, Kolkata - WBPCB",2025-05-11,62.0,29.6,61.88,14.28,6.76,0.46,42.19,25.57,mean_of_source_observations,34.4,53,12.0,1003.7,66.0,58.0,57.0,60.333333333333336,55.42857142857143,55.0,6,5,0.7758587728069828,-0.6309066211876704
"Bidhannagar, Kolkata - WBPCB",2025-05-12,55.0,21.78,55.14,11.27,5.03,0.44,36.93,22.64,mean_of_source_observations,33.7,55,16.1,1002.5,62.0,66.0,58.0,62.0,57.285714285714285,47.0,0,5,0.7648913904341226,-0.6441592666722685
"Bidhannagar, Kolkata - WBPCB",2025-05-13,47.0,19.7,46.83,11.39,5.15,0.44,26.12,22.87,mean_of_source_observations,32.4,70,15.8,1003.2,55.0,62.0,66.0,61.0,58.0,66.0,1,5,0.753697664392914,-0.6572212950663319
"Bidhannagar, Kolkata - WBPCB",2025-05-14,66.0,25.43,66.16,11.05,4.62,0.43,22.96,22.63,mean_of_source_observations,32.4,72,15.0,1004.4,47.0,55.0,62.0,54.666666666666664,57.57142857142857,70.0,2,5,0.742280907086982,-0.6700888411055113
"Bidhannagar, Kolkata - WBPCB",2025-05-15,70.0,15.35,69.54,10.88,7.04,0.45,16.82,22.45,mean_of_source_observations,32.3,71,17.7,1004.7,66.0,47.0,55.0,56.0,58.714285714285715,70.0,3,5,0.7306444969184916,-0.6827580970759147
"Bidhannagar, Kolkata - WBPCB",2025-05-16,70.0,17.75,70.2,10.84,7.37,0.48,21.98,22.39,mean_of_source_observations,31.9,73,15.7,1004.6,70.0,66.0,47.0,61.0,60.57142857142857,69.0,4,5,0.7187918772884232,-0.6952253139408722
"Bidhannagar, Kolkata - WBPCB",2025-05-17,69.0,16.18,69.29,11.18,7.33,0.47,19.91,22.8,mean_of_source_observations,31.6,72,20.7,1005.0,70.0,70.0,66.0,68.66666666666667,62.285714285714285,59.0,5,5,0.7067265555776158,-0.7074868024503348
"Bidhannagar, Kolkata - WBPCB",2025-05-18,59.0,10.74,58.95,14.18,7.72,0.49,21.04,26.02,mean_of_source_observations,29.8,77,15.2,1005.9,69.0,70.0,70.0,69.66666666666667,62.714285714285715,59.0,6,5,0.6944521021088763,-0.719538934232584
"Bidhannagar, Kolkata - WBPCB",2025-05-19,59.0,9.31,58.95,11.29,6.39,0.5,19.83,23.09,mean_of_source_observations,31.1,68,14.3,1005.4,59.0,69.0,70.0,66.0,62.285714285714285,45.0,0,5,0.6819721490904629,-0.7313781428679254
"Bidhannagar, Kolkata - WBPCB",2025-05-20,45.0,13.99,45.23,10.97,6.26,0.62,20.86,21.64,mean_of_source_observations,31.6,69,16.5,1003.8,59.0,59.0,69.0,62.333333333333336,62.857142857142854,47.0,1,5,0.6692903895412567,-0.7430009249440493
"Bidhannagar, Kolkata - WBPCB",2025-05-21,47.0,15.81,47.08,11.09,11.75,0.57,22.74,19.97,mean_of_source_observations,31.9,70,14.8,1004.5,45.0,59.0,59.0,54.333333333333336,62.57142857142857,48.0,2,5,0.6564105761979381,-0.7544038410927472
"Bidhannagar, Kolkata - WBPCB",2025-05-22,48.0,22.47,48.36,10.64,7.14,0.52,24.78,16.2,mean_of_source_observations,29.8,77,12.0,1003.9,47.0,45.0,59.0,50.333333333333336,59.857142857142854,44.0,3,5,0.6433365204044917,-0.765583517007675
"Bidhannagar, Kolkata - WBPCB",2025-05-23,44.0,15.71,44.27,9.37,9.88,0.51,21.92,54.65,mean_of_source_observations,28.6,82,10.5,1002.4,48.0,47.0,45.0,46.666666666666664,56.714285714285715,41.0,4,5,0.6300720909843687,-0.7765366444428655
"Bidhannagar, Kolkata - WBPCB",2025-05-24,41.0,15.66,41.49,13.83,5.0,0.51,21.61,24.08,mean_of_source_observations,29.4,79,7.4,1002.3,44.0,48.0,47.0,46.333333333333336,53.0,36.0,5,5,0.6166212130956382,-0.7872599821916922
"Bidhannagar, Kolkata - WBPCB",2025-05-25,36.0,14.31,35.56,11.39,5.27,0.5,20.32,32.91,mean_of_source_observations,28.6,84,10.8,1003.1,41.0,44.0,48.0,44.333333333333336,49.0,33.0,6,5,0.6029878670694714,-0.7977503570459932
"Bidhannagar, Kolkata - WBPCB",2025-05-26,33.0,11.13,33.45,12.12,9.51,0.52,17.65,42.1,mean_of_source_observations,27.9,88,10.6,1002.0,36.0,41.0,44.0,40.333333333333336,45.714285714285715,37.0,0,5,0.5891760872322963,-0.8080046647350754
"Bidhannagar, Kolkata - WBPCB",2025-05-27,37.0,12.58,37.12,10.88,6.25,0.53,19.42,37.89,mean_of_source_observations,28.2,87,16.0,998.9,33.0,36.0,41.0,36.666666666666664,42.0,41.0,1,5,0.5751899607119775,-0.8180198708443175
"Bidhannagar, Kolkata - WBPCB",2025-05-28,41.0,13.16,41.09,12.27,13.42,0.51,19.93,22.06,mean_of_source_observations,28.1,87,20.0,995.7,37.0,33.0,36.0,35.333333333333336,40.857142857142854,35.0,2,5,0.5610336262283677,-0.8277930117131022
"Bidhannagar, Kolkata - WBPCB",2025-05-29,35.0,11.73,34.91,8.93,10.78,0.51,19.74,33.64,mean_of_source_observations,27.2,89,17.2,991.5,41.0,37.0,33.0,37.0,40.0,44.0,3,5,0.5467112728685939,-0.8373211953118121
"Bidhannagar, Kolkata - WBPCB",2025-05-30,44.0,16.4,43.71,11.06,17.73,0.51,25.97,21.25,mean_of_source_observations,29.3,81,16.9,995.4,35.0,41.0,37.0,37.666666666666664,38.142857142857146,68.0,4,5,0.5322271388474397,-0.8466016020976267
"Bidhannagar, Kolkata - WBPCB",2025-05-31,68.0,29.77,68.48,9.64,5.47,0.49,29.17,23.25,mean_of_source_observations,28.9,89,13.6,999.3,44.0,35.0,41.0,40.0,38.142857142857146,65.0,5,5,0.5175855102531889,-0.8556314858488706
"Bidhannagar, Kolkata - WBPCB",2025-06-01,65.0,30.74,65.04,5.57,5.5,0.51,37.38,31.4,mean_of_source_observations,28.7,91,12.4,999.2,68.0,44.0,35.0,49.0,42.0,85.0,6,6,0.5027907197793043,-0.8644081744776648
"Bidhannagar, Kolkata - WBPCB",2025-06-02,85.0,40.58,84.56,7.24,5.72,0.53,29.32,27.96,mean_of_source_observations,30.7,75,16.3,999.3,65.0,68.0,44.0,59.0,46.142857142857146,85.0,0,6,0.4878471454423119,-0.8729290708206411
"Bidhannagar, Kolkata - WBPCB",2025-06-03,85.0,34.03,85.17,6.81,6.2,0.5,29.59,28.7,mean_of_source_observations,30.7,73,12.2,1001.1,85.0,65.0,68.0,72.66666666666667,53.57142857142857,51.0,1,6,0.47275920928627757,-0.881191653407483
"Bidhannagar, Kolkata - WBPCB",2025-06-04,51.0,17.63,51.04,7.16,5.16,0.49,23.09,27.61,mean_of_source_observations,29.7,82,10.7,1003.4,85.0,85.0,65.0,78.33333333333333,60.42857142857143,53.0,2,6,0.4575313760742512,-0.8891934772070711
"Bidhannagar, Kolkata - WBPCB",2025-06-05,53.0,21.34,52.8,8.68,9.17,0.54,23.48,25.66,mean_of_source_observations,28.9,86,8.1,1005.4,51.0,85.0,85.0,73.66666666666667,61.857142857142854,56.0,3,6,0.44216815196707204,-0.8969321743510065
"Bidhannagar, Kolkata - WBPCB",2025-06-06,56.0,27.57,55.52,8.0,5.08,0.53,27.03,27.25,mean_of_source_observations,29.3,82,14.7,1005.7,53.0,51.0,85.0,63.0,64.42857142857143,60.0,4,6,0.42667408318992467,-0.9044054548343001
"Bidhannagar, Kolkata - WBPCB",2025-06-07,60.0,33.84,60.43,8.0,4.91,0.55,30.95,26.64,mean_of_source_observations,30.1,77,7.0,1004.7,56.0,53.0,51.0,53.333333333333336,66.14285714285714,62.0,5,6,0.4110537546870351,-0.9116111071930239
"Bidhannagar, Kolkata - WBPCB",2025-06-08,62.0,34.27,61.78,6.27,4.98,0.52,29.05,29.73,mean_of_source_observations,30.8,77,8.3,1003.1,60.0,56.0,53.0,56.333333333333336,65.0,81.0,6,6,0.3953117887649151,-0.9185469991587165
"Bidhannagar, Kolkata - WBPCB",2025-06-09,81.0,31.06,81.23,8.22,11.16,0.51,27.47,29.24,mean_of_source_observations,31.3,71,10.6,1001.7,62.0,60.0,56.0,59.333333333333336,64.57142857142857,60.0,0,6,0.37945284372454435,-0.925211078289358
"Bidhannagar, Kolkata - WBPCB",2025-06-10,60.0,32.37,60.18,10.37,7.74,0.51,23.34,34.36,mean_of_source_observations,31.6,70,11.8,1001.0,81.0,62.0,60.0,67.66666666666667,64.0,44.0,1,6,0.36348161248290634,-0.9316013725767187
"Bidhannagar, Kolkata - WBPCB",2025-06-11,44.0,21.22,43.89,12.76,7.11,0.49,24.27,26.96,mean_of_source_observations,30.7,73,13.6,1001.7,60.0,81.0,62.0,67.66666666666667,60.42857142857143,33.0,2,6,0.3474028211842774,-0.9377159910299093
"Bidhannagar, Kolkata - WBPCB",2025-06-12,33.0,13.58,33.21,12.98,5.05,0.5,24.37,27.41,mean_of_source_observations,31.3,69,11.8,1002.1,44.0,60.0,81.0,61.666666666666664,59.42857142857143,37.0,3,6,0.3312212278016865,-0.9435531242349544
"Bidhannagar, Kolkata - WBPCB",2025-06-13,37.0,12.72,37.28,12.41,4.9,0.5,25.45,27.4,mean_of_source_observations,31.2,72,10.7,1002.3,33.0,44.0,60.0,45.666666666666664,56.57142857142857,53.0,4,6,0.31494162072895193,-0.9491110448902284
"Bidhannagar, Kolkata - WBPCB",2025-06-14,53.0,15.81,53.08,6.36,4.94,0.51,28.71,40.41,mean_of_source_observations,31.2,72,13.7,1001.1,37.0,33.0,44.0,38.0,53.857142857142854,44.0,5,6,0.2985688173637202,-0.9543881083175908
"Bidhannagar, Kolkata - WBPCB",2025-06-15,44.0,12.26,43.82,11.71,4.82,0.49,23.64,29.65,mean_of_source_observations,28.8,84,10.5,1000.1,53.0,37.0,33.0,41.0,52.857142857142854,33.0,6,6,0.2821076626819194,-0.9593827529490743
"Bidhannagar, Kolkata - WBPCB",2025-06-16,33.0,9.38,32.67,14.64,4.95,0.51,23.59,26.3,mean_of_source_observations,28.3,87,11.9,998.9,44.0,53.0,37.0,44.666666666666664,50.285714285714285,41.0,0,6,0.26556302780405594,-0.9640935007889755
"Bidhannagar, Kolkata - WBPCB",2025-06-17,41.0,9.57,40.91,17.31,5.0,0.56,25.24,18.49,mean_of_source_observations,26.9,94,14.8,997.8,33.0,44.0,53.0,43.333333333333336,43.42857142857143,36.0,1,6,0.24893980855376657,-0.9685189578512204
"Bidhannagar, Kolkata - WBPCB",2025-06-18,36.0,10.26,35.74,18.77,5.13,0.5,25.55,17.7,mean_of_source_observations,26.9,91,19.4,996.4,41.0,33.0,44.0,39.333333333333336,40.714285714285715,38.0,2,6,0.23224292400907015,-0.9726578145718654
"Bidhannagar, Kolkata - WBPCB",2025-06-19,38.0,12.6,38.44,17.84,5.54,0.44,26.85,18.04,mean_of_source_observations,27.4,83,26.6,997.9,36.0,41.0,33.0,36.666666666666664,39.57142857142857,47.0,3,6,0.21547731504673012,-0.976508846196619
"Bidhannagar, Kolkata - WBPCB",2025-06-20,47.0,9.87,47.3,14.54,5.6,0.46,25.34,23.86,mean_of_source_observations,28.8,83,17.1,1000.3,38.0,36.0,41.0,38.333333333333336,40.285714285714285,57.0,4,6,0.19864794288017112,-0.9800709131432666
"Bidhannagar, Kolkata - WBPCB",2025-06-21,57.0,23.43,57.06,13.81,5.6,0.47,29.57,25.14,mean_of_source_observations,29.8,81,13.4,1000.4,47.0,38.0,36.0,40.333333333333336,41.714285714285715,52.0,5,6,0.18175978759137534,-0.9833429613388902
"Bidhannagar, Kolkata - WBPCB",2025-06-22,52.0,19.02,51.72,12.4,5.44,0.45,26.83,28.47,mean_of_source_observations,28.6,89,10.5,999.9,57.0,47.0,38.0,47.333333333333336,42.285714285714285,38.0,6,6,0.16481784665719793,-0.9863240225317866
"Bidhannagar, Kolkata - WBPCB",2025-06-23,38.0,13.28,38.34,14.31,7.6,0.41,26.76,25.36,mean_of_source_observations,28.3,88,13.0,998.1,52.0,57.0,47.0,52.0,43.42857142857143,39.0,0,6,0.14782713347053048,-0.9890132145779883
"Bidhannagar, Kolkata - WBPCB",2025-06-24,39.0,9.51,39.43,17.68,5.71,0.39,25.99,18.29,mean_of_source_observations,29.0,84,9.1,997.1,38.0,52.0,57.0,49.0,44.142857142857146,42.0,1,6,0.13079267585675922,-0.9914097417023038
"Bidhannagar, Kolkata - WBPCB",2025-06-25,42.0,12.74,42.38,12.39,6.96,0.4,24.69,29.6,mean_of_source_observations,28.5,86,16.2,998.5,39.0,38.0,52.0,43.0,43.857142857142854,31.0,2,6,0.11371951458594969,-0.9935128947338007
"Bidhannagar, Kolkata - WBPCB",2025-06-26,31.0,7.81,30.9,12.16,7.78,0.41,25.8,25.65,mean_of_source_observations,28.5,84,16.7,1000.0,42.0,39.0,38.0,39.666666666666664,44.714285714285715,33.0,3,6,0.0966127018812031,-0.9953220513156602
"Bidhannagar, Kolkata - WBPCB",2025-06-27,33.0,10.11,33.46,12.85,5.79,0.44,27.57,18.93,mean_of_source_observations,27.8,88,13.3,1000.3,31.0,42.0,39.0,37.333333333333336,43.714285714285715,44.0,4,6,0.07947729992362097,-0.9968366760893436
"Bidhannagar, Kolkata - WBPCB",2025-06-28,44.0,18.72,44.02,6.68,5.75,0.48,24.95,30.18,mean_of_source_observations,27.6,89,9.7,998.1,33.0,31.0,42.0,35.333333333333336,41.714285714285715,40.0,5,6,0.062318379354325076,-0.998056320853012
"Bidhannagar, Kolkata - WBPCB",2025-06-29,40.0,14.87,40.31,7.25,5.61,0.47,25.43,29.54,mean_of_source_observations,27.5,90,7.8,995.3,44.0,33.0,31.0,36.0,39.857142857142854,41.0,6,6,0.04514101777397193,-0.9989806246941579
"Bidhannagar, Kolkata - WBPCB",2025-06-30,41.0,13.41,40.96,8.26,5.59,0.49,25.9,28.06,mean_of_source_observations,27.8,88,14.7,995.5,40.0,44.0,33.0,39.0,38.142857142857146,43.0,0,6,0.02795029824021032,-0.999609314096404
"Bidhannagar, Kolkata - WBPCB",2025-07-01,43.0,14.62,43.45,9.86,7.3,0.44,27.09,24.76,mean_of_source_observations,28.2,86,13.8,997.4,41.0,40.0,44.0,41.666666666666664,38.57142857142857,31.0,1,7,0.01075130776352193,-0.9999422030204416
"Bidhannagar, Kolkata - WBPCB",2025-07-02,31.0,10.02,31.14,8.44,5.71,0.44,18.42,28.83,mean_of_source_observations,28.0,88,11.2,998.3,43.0,41.0,40.0,41.333333333333336,39.142857142857146,33.0,2,7,-0.00645086419810515,-0.9999791929590823
"Bidhannagar, Kolkata - WBPCB",2025-07-03,33.0,11.43,32.51,10.05,8.33,0.45,28.06,25.86,mean_of_source_observations,28.0,89,11.5,999.1,31.0,43.0,41.0,38.333333333333336,37.57142857142857,44.0,3,7,-0.023651127245231586,-0.9997202729664083
"Bidhannagar, Kolkata - WBPCB",2025-07-04,44.0,16.91,44.1,11.87,5.7,0.49,24.97,22.38,mean_of_source_observations,27.6,90,13.0,999.3,33.0,31.0,43.0,35.666666666666664,37.857142857142854,44.0,4,7,-0.04084439154329611,-0.9991655196610109
"Bidhannagar, Kolkata - WBPCB",2025-07-05,44.0,21.04,43.71,12.45,5.95,0.47,27.17,22.76,mean_of_source_observations,27.7,89,10.0,997.9,44.0,33.0,31.0,36.0,39.42857142857143,35.0,5,7,-0.05802556932878035,-0.9983150972033183
"Bidhannagar, Kolkata - WBPCB",2025-07-06,35.0,16.31,35.27,11.7,5.67,0.47,24.3,22.06,mean_of_source_observations,27.1,89,8.9,996.5,44.0,44.0,33.0,40.333333333333336,39.42857142857143,32.0,6,7,-0.07518957641475855,-0.9971692572470178
"Bidhannagar, Kolkata - WBPCB",2025-07-07,32.0,12.44,32.37,12.34,6.0,0.44,25.18,20.93,mean_of_source_observations,26.6,93,12.7,996.3,35.0,44.0,44.0,41.0,38.714285714285715,36.0,0,7,-0.09233133369539122,-0.9957283388645872
"Bidhannagar, Kolkata - WBPCB",2025-07-08,36.0,8.96,36.19,9.74,4.99,0.45,18.42,25.51,mean_of_source_observations,26.0,94,11.4,996.6,32.0,35.0,44.0,37.0,37.42857142857143,42.0,1,7,-0.10944576864891556,-0.993992768446958
"Bidhannagar, Kolkata - WBPCB",2025-07-09,42.0,12.41,41.54,8.51,5.2,0.47,18.93,27.76,mean_of_source_observations,27.0,88,16.8,998.5,36.0,32.0,35.0,34.333333333333336,36.42857142857143,31.0,2,7,-0.12652781683868314,-0.9919630595773397
"Bidhannagar, Kolkata - WBPCB",2025-07-10,31.0,13.23,30.71,8.93,7.25,0.41,23.33,26.38,mean_of_source_observations,27.8,87,13.9,999.9,42.0,36.0,32.0,36.666666666666664,38.0,38.0,3,7,-0.1435724234118113,-0.9896398128792412
"Bidhannagar, Kolkata - WBPCB",2025-07-11,38.0,17.82,38.01,9.51,5.1,0.42,20.94,24.76,mean_of_source_observations,28.4,86,9.7,999.9,31.0,42.0,36.0,36.333333333333336,37.714285714285715,43.0,4,7,-0.16057454459499376,-0.9870237158387383
"Bidhannagar, Kolkata - WBPCB",2025-07-12,43.0,21.97,43.31,5.59,5.12,0.42,25.23,32.12,mean_of_source_observations,28.8,88,13.1,1000.2,38.0,31.0,42.0,37.0,36.857142857142854,46.0,5,7,-0.17752914918703497,-0.984115542601034
"Bidhannagar, Kolkata - WBPCB",2025-07-13,46.0,21.27,45.68,8.02,4.96,0.44,22.92,27.64,mean_of_source_observations,28.5,88,11.5,1000.4,43.0,38.0,31.0,37.333333333333336,36.714285714285715,31.0,6,7,-0.19443122004766195,-0.9809161537413774
"Bidhannagar, Kolkata - WBPCB",2025-07-14,31.0,7.14,31.26,9.9,5.05,0.46,22.18,25.48,mean_of_source_observations,26.3,94,22.9,998.9,46.0,43.0,38.0,42.333333333333336,38.285714285714285,45.0,0,7,-0.2112757555821793,-0.9774264960104055
"Bidhannagar, Kolkata - WBPCB",2025-07-15,45.0,16.48,44.97,11.5,5.0,0.46,23.36,21.63,mean_of_source_observations,27.6,89,13.9,1000.0,31.0,46.0,43.0,40.0,38.142857142857146,48.0,1,7,-0.2280577712215198,-0.9736476020539838
"Bidhannagar, Kolkata - WBPCB",2025-07-16,48.0,18.75,48.11,12.09,5.21,0.45,22.16,19.98,mean_of_source_observations,28.4,87,14.2,1002.5,45.0,31.0,46.0,40.666666666666664,39.42857142857143,50.0,2,7,-0.24477230089725957,-0.9695805901076308
"Bidhannagar, Kolkata - WBPCB",2025-07-17,50.0,18.47,49.78,12.55,5.35,0.42,23.35,21.44,mean_of_source_observations,29.4,82,13.9,1003.9,48.0,45.0,31.0,41.333333333333336,40.285714285714285,50.0,3,7,-0.2614143985111562,-0.965226663665613
"Bidhannagar, Kolkata - WBPCB",2025-07-18,50.0,14.92,49.52,14.14,5.01,0.46,21.88,18.96,mean_of_source_observations,29.0,86,8.7,1003.0,50.0,48.0,45.0,47.666666666666664,43.0,42.0,4,7,-0.2779791393987801,-0.9605871111248129
"Bidhannagar, Kolkata - WBPCB",2025-07-19,42.0,14.32,41.76,13.44,5.12,0.47,21.72,18.26,mean_of_source_observations,29.9,81,11.6,999.5,50.0,50.0,48.0,49.333333333333336,44.714285714285715,39.0,5,7,-0.2944616217868012,-0.9556633054034704
"Bidhannagar, Kolkata - WBPCB",2025-07-20,39.0,15.47,38.61,14.65,5.18,0.46,23.52,15.91,mean_of_source_observations,29.7,83,8.8,999.4,42.0,50.0,50.0,47.333333333333336,44.57142857142857,38.0,6,7,-0.3108569682435036,-0.9504567035349151
"Bidhannagar, Kolkata - WBPCB",2025-07-21,38.0,15.41,37.84,13.3,5.9,0.45,22.21,18.97,mean_of_source_observations,29.1,84,9.8,1000.4,39.0,42.0,50.0,43.666666666666664,43.57142857142857,34.0,0,7,-0.3271603271220951,-0.9449688462364056
"Bidhannagar, Kolkata - WBPCB",2025-07-22,34.0,12.02,33.92,12.1,4.79,0.44,22.17,20.18,mean_of_source_observations,29.8,81,11.1,998.9,38.0,39.0,42.0,39.666666666666664,44.57142857142857,36.0,1,7,-0.34336687399638804,-0.939201357453208
"Bidhannagar, Kolkata - WBPCB",2025-07-23,36.0,9.19,36.43,12.88,7.52,0.41,25.98,18.74,mean_of_source_observations,30.7,76,11.3,995.6,34.0,38.0,39.0,37.0,43.0,38.0,2,7,-0.3594718130884232,-0.9331559438780432
"Bidhannagar, Kolkata - WBPCB",2025-07-24,38.0,9.08,37.86,10.54,6.0,0.34,25.86,23.07,mean_of_source_observations,29.9,83,10.8,993.2,36.0,34.0,38.0,36.0,41.285714285714285,30.0,3,7,-0.3754703786876202,-0.9268343944460494
"Bidhannagar, Kolkata - WBPCB",2025-07-25,30.0,11.37,30.09,10.38,5.08,0.38,24.96,24.16,mean_of_source_observations,27.7,90,19.9,991.0,38.0,36.0,34.0,36.0,39.57142857142857,28.0,4,7,-0.3913578365610259,-0.9202385798054075
"Bidhannagar, Kolkata - WBPCB",2025-07-26,28.0,7.55,27.79,10.57,5.88,0.39,24.7,23.99,mean_of_source_observations,28.3,86,19.5,996.7,30.0,38.0,36.0,34.666666666666664,36.714285714285715,36.0,5,7,-0.4071294853542516,-0.9133704517637858
"Bidhannagar, Kolkata - WBPCB",2025-07-27,36.0,13.22,35.82,11.0,6.39,0.4,27.91,23.51,mean_of_source_observations,29.3,84,10.4,997.8,28.0,30.0,38.0,32.0,34.714285714285715,40.0,6,7,-0.4227806579826773,-0.9062320427107697
"Bidhannagar, Kolkata - WBPCB",2025-07-28,40.0,14.55,39.71,11.44,14.97,0.47,23.48,23.78,mean_of_source_observations,28.3,88,9.6,998.3,36.0,28.0,30.0,31.333333333333332,34.285714285714285,31.0,0,7,-0.4383067230125192,-0.898825465016444
"Bidhannagar, Kolkata - WBPCB",2025-07-29,31.0,16.29,30.65,8.45,4.77,0.52,21.96,27.57,mean_of_source_observations,27.4,92,11.9,998.9,40.0,36.0,28.0,34.666666666666664,34.57142857142857,25.0,1,7,-0.45370308603134424,-0.8911529104063088
"Bidhannagar, Kolkata - WBPCB",2025-07-30,25.0,8.88,16.72,7.36,5.79,0.5,22.05,31.56,mean_of_source_observations,27.1,91,13.4,999.4,31.0,40.0,36.0,35.666666666666664,34.142857142857146,28.0,2,7,-0.46896519100763184,-0.8832166493127127
"Bidhannagar, Kolkata - WBPCB",2025-07-31,28.0,12.41,24.98,7.6,5.81,0.56,21.67,30.92,mean_of_source_observations,27.4,92,10.8,1000.0,25.0,31.0,40.0,32.0,32.57142857142857,39.0,3,7,-0.48408852163897587,-0.8750190302029955
"Bidhannagar, Kolkata - WBPCB",2025-08-01,39.0,19.88,38.67,9.17,4.89,0.54,25.99,27.02,mean_of_source_observations,28.6,88,11.1,1000.3,28.0,25.0,31.0,28.0,31.142857142857142,52.0,4,8,-0.4990686026885319,-0.8665624788845385
"Bidhannagar, Kolkata - WBPCB",2025-08-02,52.0,26.96,51.79,10.69,5.28,0.54,27.36,21.9,mean_of_source_observations,28.9,88,11.8,1001.4,39.0,28.0,25.0,30.666666666666668,32.42857142857143,54.0,5,8,-0.5139010013093103,-0.8578494977869301
"Bidhannagar, Kolkata - WBPCB",2025-08-03,54.0,20.28,54.06,10.75,5.29,0.5,26.84,21.24,mean_of_source_observations,29.0,87,17.8,1004.1,52.0,39.0,28.0,39.666666666666664,35.857142857142854,42.0,6,8,-0.5285813283559292,-0.8488826652214553
"Bidhannagar, Kolkata - WBPCB",2025-08-04,42.0,19.17,41.77,10.84,5.73,0.51,25.39,20.78,mean_of_source_observations,29.0,86,12.6,1005.3,54.0,52.0,39.0,48.333333333333336,38.42857142857143,44.0,0,8,-0.5431052396834317,-0.8396646346181327
"Bidhannagar, Kolkata - WBPCB",2025-08-05,44.0,18.35,44.17,11.25,9.17,0.55,23.57,21.36,mean_of_source_observations,28.4,89,15.4,1005.5,42.0,54.0,52.0,49.333333333333336,38.714285714285715,41.0,1,8,-0.5574684374327892,-0.8301981337405212
"Bidhannagar, Kolkata - WBPCB",2025-08-06,41.0,17.71,41.08,10.53,6.48,0.56,24.27,23.68,mean_of_source_observations,27.5,89,9.0,1004.3,44.0,42.0,54.0,46.666666666666664,40.57142857142857,54.0,2,8,-0.5716666713027052,-0.8204859638785327
"Bidhannagar, Kolkata - WBPCB",2025-08-07,54.0,25.14,53.8,9.8,6.17,0.59,23.92,23.81,mean_of_source_observations,27.3,91,11.0,1003.4,41.0,44.0,42.0,42.333333333333336,42.857142857142854,40.0,3,8,-0.5856957398073508,-0.8105309990194823
"Bidhannagar, Kolkata - WBPCB",2025-08-08,40.0,16.98,39.6,10.71,6.1,0.56,23.46,21.66,mean_of_source_observations,27.3,87,11.9,1005.8,54.0,41.0,44.0,46.333333333333336,46.57142857142857,28.0,4,8,-0.5995514915196489,-0.8003361849976323
"Bidhannagar, Kolkata - WBPCB",2025-08-09,28.0,6.19,27.75,10.01,5.76,0.52,21.97,23.23,mean_of_source_observations,27.9,84,15.3,1007.4,40.0,54.0,41.0,45.0,46.714285714285715,25.0,5,8,-0.6132298262997502,-0.7899045386224707
"Bidhannagar, Kolkata - WBPCB",2025-08-10,25.0,8.42,23.47,8.62,6.32,0.5,23.2,26.2,mean_of_source_observations,29.6,79,14.4,1005.4,28.0,40.0,54.0,40.666666666666664,43.285714285714285,29.0,6,8,-0.6267266965083301,-0.7792391467859886
"Bidhannagar, Kolkata - WBPCB",2025-08-11,29.0,12.39,28.57,8.56,6.1,0.52,23.95,27.19,mean_of_source_observations,29.2,85,9.3,1003.8,25.0,28.0,40.0,31.0,39.142857142857146,41.0,0,8,-0.6400381082043503,-0.7683431655492202
"Bidhannagar, Kolkata - WBPCB",2025-08-12,41.0,17.09,41.1,9.29,5.5,0.53,25.25,25.76,mean_of_source_observations,29.7,83,9.5,1001.9,29.0,25.0,28.0,27.333333333333332,37.285714285714285,26.0,1,8,-0.65316012232693,-0.7572198192083127
"Bidhannagar, Kolkata - WBPCB",2025-08-13,26.0,6.12,19.9,12.1,4.48,0.51,20.67,20.01,mean_of_source_observations,28.2,87,9.5,1003.4,41.0,29.0,25.0,31.666666666666668,36.857142857142854,26.0,2,8,-0.666088855860977,-0.7458723993404063
"Bidhannagar, Kolkata - WBPCB",2025-08-14,26.0,9.46,17.7,12.0,5.2,0.51,21.33,20.51,mean_of_source_observations,27.8,87,14.3,1003.9,26.0,41.0,29.0,32.0,34.714285714285715,26.0,3,8,-0.6788204829862355,-0.734304263829602
"Bidhannagar, Kolkata - WBPCB",2025-08-15,26.0,9.99,17.27,11.81,5.59,0.52,21.82,20.31,mean_of_source_observations,28.1,86,12.2,1002.1,26.0,26.0,41.0,31.0,30.714285714285715,26.0,4,8,-0.6913512362094071,-0.722518835873311
"Bidhannagar, Kolkata - WBPCB",2025-08-16,26.0,11.78,25.99,9.63,5.54,0.48,22.57,24.06,mean_of_source_observations,28.8,84,9.5,1001.0,26.0,26.0,26.0,26.0,28.714285714285715,26.0,5,8,-0.7036774074790128,-0.7105196029692745
"Bidhannagar, Kolkata - WBPCB",2025-08-17,26.0,11.59,25.86,10.28,5.53,0.48,21.72,22.75,mean_of_source_observations,28.8,83,13.7,1001.9,26.0,26.0,26.0,26.0,28.428571428571427,25.0,6,8,-0.7157953492826642,-0.6983101158835584
"Bidhannagar, Kolkata - WBPCB",2025-08-18,25.0,9.78,24.92,10.82,5.99,0.45,21.69,22.67,mean_of_source_observations,28.2,84,17.8,1003.0,26.0,26.0,26.0,26.0,28.571428571428573,27.0,0,8,-0.7277014757264236,-0.6858939875998223
"Bidhannagar, Kolkata - WBPCB",2025-08-19,27.0,8.66,27.32,10.44,5.51,0.4,21.22,24.7,mean_of_source_observations,27.7,86,19.1,1002.4,25.0,26.0,26.0,25.666666666666668,28.0,24.0,1,8,-0.7393922635959241,-0.673274892250183
"Bidhannagar, Kolkata - WBPCB",2025-08-20,24.0,10.2,23.39,11.84,5.36,0.47,21.07,21.72,mean_of_source_observations,27.8,86,17.1,1003.0,27.0,25.0,26.0,26.0,26.0,26.0,2,8,-0.7508642533989489,-0.6604565640279754
"Bidhannagar, Kolkata - WBPCB",2025-08-21,26.0,10.16,26.43,11.99,5.86,0.5,20.78,21.4,mean_of_source_observations,26.7,93,13.3,1003.5,24.0,27.0,25.0,25.333333333333332,25.714285714285715,32.0,3,8,-0.7621140503891487,-0.6474427960827475
"Bidhannagar, Kolkata - WBPCB",2025-08-22,32.0,13.28,32.45,8.58,5.26,0.47,20.94,27.3,mean_of_source_observations,26.5,92,13.3,1000.8,26.0,24.0,27.0,25.666666666666668,25.714285714285715,30.0,4,8,-0.7731383255706026,-0.6342374393978054
"Bidhannagar, Kolkata - WBPCB",2025-08-23,30.0,13.66,29.9,8.54,5.27,0.48,20.47,27.06,mean_of_source_observations,26.5,90,13.9,1000.1,32.0,26.0,24.0,27.333333333333332,26.571428571428573,34.0,5,8,-0.7839338166829201,-0.620844401650647
"Bidhannagar, Kolkata - WBPCB",2025-08-24,34.0,16.98,33.6,8.86,5.04,0.46,21.62,25.11,mean_of_source_observations,27.4,86,17.8,1002.7,30.0,32.0,26.0,29.333333333333332,27.142857142857142,37.0,6,8,-0.7944973291665992,-0.6072676460566135
"Bidhannagar, Kolkata - WBPCB",2025-08-25,37.0,11.48,37.4,11.44,5.42,0.49,20.71,20.51,mean_of_source_observations,28.0,86,9.2,1003.1,34.0,30.0,32.0,32.0,28.285714285714285,30.0,0,8,-0.8048257371083452,-0.593511190196115
"Bidhannagar, Kolkata - WBPCB",2025-08-26,30.0,10.03,29.96,12.4,3.44,0.48,22.01,18.29,mean_of_source_observations,28.7,83,10.3,1003.4,37.0,34.0,30.0,33.666666666666664,30.0,29.0,1,8,-0.8149159841660791,-0.5795791048257612
"Bidhannagar, Kolkata - WBPCB",2025-08-27,29.0,10.88,29.03,13.11,13.7,0.51,25.74,17.84,mean_of_source_observations,28.2,84,15.2,1002.7,30.0,37.0,34.0,33.666666666666664,30.428571428571427,30.0,2,8,-0.8247650844733614,-0.5654755126737576
"Bidhannagar, Kolkata - WBPCB",2025-08-28,30.0,12.13,29.96,13.24,3.58,0.55,28.28,17.4,mean_of_source_observations,27.8,86,17.4,1003.5,29.0,30.0,37.0,32.0,31.142857142857142,31.0,3,8,-0.8343701235229537,-0.5512045872199277
"Bidhannagar, Kolkata - WBPCB",2025-08-29,31.0,14.32,29.5,12.85,4.22,0.62,26.77,17.86,mean_of_source_observations,27.3,89,13.6,1005.3,30.0,29.0,30.0,29.666666666666668,31.714285714285715,30.0,4,8,-0.8437282590292712,-0.5367705514607103
"Bidhannagar, Kolkata - WBPCB",2025-08-30,30.0,14.51,29.65,12.56,5.43,0.57,24.51,18.04,mean_of_source_observations,27.4,90,10.8,1006.2,31.0,30.0,29.0,30.0,31.571428571428573,31.0,5,8,-0.8528367217694595,-0.522177676659508
"Bidhannagar, Kolkata - WBPCB",2025-08-31,31.0,14.07,30.8,12.22,5.15,0.58,21.34,18.18,mean_of_source_observations,28.9,86,6.9,1003.9,30.0,31.0,30.0,30.333333333333332,31.571428571428573,50.0,6,8,-0.8616928164028521,-0.5074302810827518
"Bidhannagar, Kolkata - WBPCB",2025-09-01,50.0,25.58,50.32,12.26,5.03,0.79,21.81,18.83,mean_of_source_observations,29.6,82,12.2,1000.5,31.0,30.0,31.0,30.666666666666668,31.142857142857142,36.0,0,9,-0.8702939222685674,-0.49253272872205434
"Bidhannagar, Kolkata - WBPCB",2025-09-02,36.0,13.34,36.12,11.49,5.26,0.64,23.88,20.22,mean_of_source_observations,27.5,87,16.1,1000.9,50.0,31.0,30.0,37.0,33.0,30.0,1,9,-0.8786374941610001,-0.4774894280028391
"Bidhannagar, Kolkata - WBPCB",2025-09-03,30.0,10.55,25.28,12.17,5.86,0.6,20.2,19.37,mean_of_source_observations,27.0,88,21.9,1002.1,36.0,50.0,31.0,39.0,33.857142857142854,32.0,2,9,-0.886721063082993,-0.46230483047981086
"Bidhannagar, Kolkata - WBPCB",2025-09-04,32.0,9.66,29.16,11.7,5.98,0.63,23.46,19.86,mean_of_source_observations,27.5,88,15.2,1004.0,30.0,36.0,50.0,38.666666666666664,34.0,47.0,3,9,-0.8945422369764496,-0.4469834295196741
"Bidhannagar, Kolkata - WBPCB",2025-09-05,47.0,17.52,46.75,11.64,5.4,0.66,26.33,20.52,mean_of_source_observations,28.2,86,11.2,1005.4,32.0,30.0,36.0,32.666666666666664,34.285714285714285,53.0,4,9,-0.9020987014301837,-0.43152975897147144
"Bidhannagar, Kolkata - WBPCB",2025-09-06,53.0,21.3,53.34,15.27,5.36,0.67,25.96,16.63,mean_of_source_observations,28.9,84,8.5,1006.4,47.0,32.0,30.0,36.333333333333336,36.57142857142857,44.0,5,9,-0.9093882203647925,-0.4159483918249421
"Bidhannagar, Kolkata - WBPCB",2025-09-07,44.0,16.56,44.05,14.35,5.6,0.67,26.48,16.28,mean_of_source_observations,29.1,80,10.8,1005.6,53.0,47.0,32.0,44.0,39.857142857142854,46.0,6,9,-0.9164086366943458,-0.4002439388573056
"Bidhannagar, Kolkata - WBPCB",2025-09-08,46.0,19.3,45.97,12.57,5.67,0.68,25.83,18.58,mean_of_source_observations,29.2,80,7.7,1005.4,44.0,53.0,47.0,48.0,41.714285714285715,48.0,0,9,-0.9231578729647039,-0.38442104726885545
"Bidhannagar, Kolkata - WBPCB",2025-09-09,48.0,18.71,47.57,12.51,6.98,0.7,27.49,18.14,mean_of_source_observations,29.7,78,11.0,1006.0,46.0,44.0,53.0,47.666666666666664,41.142857142857146,39.0,1,9,-0.9296339319682695,-0.3684843993077793
"Bidhannagar, Kolkata - WBPCB",2025-09-10,39.0,16.72,39.37,13.37,6.26,0.74,28.82,16.36,mean_of_source_observations,30.4,76,11.2,1005.2,48.0,46.0,44.0,46.0,42.857142857142854,33.0,2,9,-0.9358348973349941,-0.35243871088460327
"Bidhannagar, Kolkata - WBPCB",2025-09-11,33.0,12.42,31.66,12.9,5.14,0.66,25.08,17.06,mean_of_source_observations,29.5,81,16.2,1005.1,39.0,48.0,46.0,44.333333333333336,44.142857142857146,32.0,3,9,-0.9417589340994617,-0.33628873017668287
"Bidhannagar, Kolkata - WBPCB",2025-09-12,32.0,9.57,27.54,12.36,4.95,0.64,24.39,17.78,mean_of_source_observations,28.3,86,15.3,1006.3,33.0,39.0,48.0,40.0,44.285714285714285,32.0,4,9,-0.9474042892438845,-0.32003923622313857
"Bidhannagar, Kolkata - WBPCB",2025-09-13,32.0,8.48,24.16,8.85,5.33,0.63,25.49,27.23,mean_of_source_observations,28.0,86,13.9,1007.2,32.0,33.0,39.0,34.666666666666664,42.142857142857146,36.0,5,9,-0.9527692922168511,-0.30369503751065885
"Bidhannagar, Kolkata - WBPCB",2025-09-14,36.0,13.86,36.23,12.2,5.37,0.72,24.64,20.7,mean_of_source_observations,27.8,88,14.1,1007.3,32.0,32.0,33.0,32.333333333333336,39.142857142857146,37.0,6,9,-0.9578523554276669,-0.28726097055059635
"Bidhannagar, Kolkata - WBPCB",2025-09-15,37.0,13.86,37.06,12.38,5.18,0.72,26.7,18.89,mean_of_source_observations,26.3,92,11.0,1006.5,36.0,32.0,32.0,33.333333333333336,38.0,40.0,0,9,-0.9626519747161487,-0.2707418984477642
"Bidhannagar, Kolkata - WBPCB",2025-09-16,40.0,16.87,40.03,10.94,5.53,0.77,25.58,20.95,mean_of_source_observations,26.9,89,14.0,1006.7,37.0,36.0,32.0,35.0,36.714285714285715,46.0,1,9,-0.9671667297977312,-0.2541427094613622
"Bidhannagar, Kolkata - WBPCB",2025-09-17,46.0,22.03,46.34,11.03,6.09,0.78,25.47,20.49,mean_of_source_observations,27.6,87,13.6,1006.8,40.0,37.0,36.0,37.666666666666664,35.57142857142857,47.0,2,9,-0.97139528468375,-0.23746831555846842
"Bidhannagar, Kolkata - WBPCB",2025-09-18,47.0,19.8,46.93,12.08,6.25,0.75,28.35,18.21,mean_of_source_observations,28.8,84,10.4,1006.1,46.0,40.0,37.0,41.0,36.57142857142857,63.0,3,9,-0.9753363880767837,-0.2207236509605022
"Bidhannagar, Kolkata - WBPCB",2025-09-19,63.0,24.1,63.13,11.35,18.54,0.92,26.78,20.57,mean_of_source_observations,28.5,89,7.8,1006.0,47.0,46.0,40.0,44.333333333333336,38.57142857142857,68.0,4,9,-0.9789888737409319,-0.20391367068311472
"Bidhannagar, Kolkata - WBPCB",2025-09-20,68.0,23.02,67.83,11.36,5.7,0.78,22.44,19.83,mean_of_source_observations,29.0,88,5.5,1004.5,63.0,47.0,46.0,52.0,43.0,75.0,5,9,-0.9823516608469237,-0.18704334906991657
"Bidhannagar, Kolkata - WBPCB",2025-09-21,75.0,37.51,75.4,10.86,5.8,0.85,27.54,21.1,mean_of_source_observations,28.9,87,8.3,1003.3,68.0,63.0,47.0,59.333333333333336,48.142857142857146,59.0,6,9,-0.9854237542919524,-0.17011767832049052
"Bidhannagar, Kolkata - WBPCB",2025-09-22,59.0,20.81,59.03,11.29,5.6,0.79,24.81,20.19,mean_of_source_observations,27.6,90,6.4,1003.5,75.0,68.0,63.0,68.66666666666667,53.714285714285715,38.0,0,9,-0.9882042449941422,-0.15314166701312007
"Bidhannagar, Kolkata - WBPCB",2025-09-23,38.0,13.56,34.38,11.12,5.61,0.77,24.67,21.91,mean_of_source_observations,27.0,89,12.5,1002.5,59.0,75.0,68.0,67.33333333333333,56.857142857142854,42.0,1,9,-0.9906923101615609,-0.13612033862266704
"Bidhannagar, Kolkata - WBPCB",2025-09-24,42.0,15.09,42.1,11.35,7.83,0.69,22.41,20.74,mean_of_source_observations,27.8,89,9.9,1001.1,38.0,59.0,75.0,57.333333333333336,56.57142857142857,47.0,2,9,-0.9928872135356962,-0.11905873003404988
"Bidhannagar, Kolkata - WBPCB",2025-09-25,47.0,12.99,47.17,7.73,5.6,0.41,23.91,26.82,mean_of_source_observations,28.6,85,8.0,1001.1,42.0,38.0,59.0,46.333333333333336,56.0,35.0,3,9,-0.994788305609327,-0.10196189005174576
"Bidhannagar, Kolkata - WBPCB",2025-09-26,35.0,8.2,35.41,10.2,6.07,0.67,21.55,23.55,mean_of_source_observations,28.0,87,21.0,1002.5,47.0,42.0,38.0,42.333333333333336,56.0,36.0,4,9,-0.9963950238187231,-0.08483487790576538
"Bidhannagar, Kolkata - WBPCB",2025-09-27,36.0,8.21,36.14,13.04,5.89,0.48,24.13,17.46,mean_of_source_observations,27.9,86,20.1,1006.5,35.0,47.0,42.0,41.333333333333336,52.0,37.0,5,9,-0.9977068927101168,-0.06768276175455162
"Bidhannagar, Kolkata - WBPCB",2025-09-28,37.0,10.46,36.84,12.19,5.41,0.52,23.39,18.64,mean_of_source_observations,28.0,87,7.6,1006.6,36.0,35.0,47.0,39.333333333333336,47.42857142857143,41.0,6,9,-0.9987235240803972,-0.050510617185222886
"Bidhannagar, Kolkata - WBPCB",2025-09-29,41.0,14.11,41.35,11.54,5.36,0.67,26.47,19.82,mean_of_source_observations,29.4,81,7.0,1004.5,37.0,36.0,35.0,36.0,42.0,54.0,0,9,-0.9994446170919858,-0.033323525711631344
"Bidhannagar, Kolkata - WBPCB",2025-09-30,54.0,21.68,54.2,7.86,4.63,0.77,26.25,26.96,mean_of_source_observations,29.3,84,7.5,1002.4,41.0,37.0,36.0,38.0,39.42857142857143,41.0,1,9,-0.9998699583618592,-0.016126573270657762
"Bidhannagar, Kolkata - WBPCB",2025-10-01,41.0,11.99,41.49,8.01,5.96,0.65,22.79,30.54,mean_of_source_observations,28.6,84,12.1,1003.3,54.0,41.0,37.0,44.0,41.714285714285715,27.0,2,10,-0.9999994220246925,0.001075151282798226
"Bidhannagar, Kolkata - WBPCB",2025-10-02,27.0,4.84,24.35,9.85,5.43,0.54,21.54,22.69,mean_of_source_observations,26.4,92,15.2,1006.4,41.0,54.0,41.0,45.333333333333336,41.57142857142857,30.0,3,10,-0.999832969770105,0.018276557681691223
"Bidhannagar, Kolkata - WBPCB",2025-10-03,30.0,10.62,30.22,9.61,10.08,0.57,22.41,23.18,mean_of_source_observations,27.4,88,17.1,1008.3,27.0,41.0,54.0,40.666666666666664,38.714285714285715,29.0,4,10,-0.9993706508539969,0.03547255575312556
"Bidhannagar, Kolkata - WBPCB",2025-10-04,29.0,15.73,29.2,7.69,5.19,0.56,24.24,27.52,mean_of_source_observations,28.0,86,18.4,1008.2,30.0,27.0,41.0,32.666666666666664,38.0,34.0,5,10,-0.9986126020839734,0.052658056924614005
"Bidhannagar, Kolkata - WBPCB",2025-10-05,34.0,9.73,26.43,4.78,5.53,0.68,24.14,35.96,mean_of_source_observations,26.8,90,15.4,1008.2,29.0,30.0,27.0,28.666666666666668,37.0,55.0,6,10,-0.9975590477788613,0.06982797572987089
"Bidhannagar, Kolkata - WBPCB",2025-10-06,55.0,21.98,54.53,5.6,6.07,0.93,23.63,31.38,mean_of_source_observations,26.8,89,10.5,1008.9,34.0,29.0,30.0,31.0,36.57142857142857,59.0,0,10,-0.9962102997023297,0.0869772313136861
"Bidhannagar, Kolkata - WBPCB",2025-10-07,59.0,27.28,58.98,8.93,6.33,0.87,25.85,25.66,mean_of_source_observations,27.8,86,6.1,1008.9,55.0,34.0,29.0,39.333333333333336,38.57142857142857,61.0,1,10,-0.9945667569706337,0.1041007489354256
"Bidhannagar, Kolkata - WBPCB",2025-10-08,61.0,28.55,60.73,13.6,7.97,0.91,25.05,18.13,mean_of_source_observations,27.1,88,9.9,1009.3,59.0,55.0,34.0,49.333333333333336,39.285714285714285,68.0,2,10,-0.9926289059345095,0.121193461470736
"Bidhannagar, Kolkata - WBPCB",2025-10-09,68.0,33.5,67.54,10.8,5.43,0.86,22.02,21.08,mean_of_source_observations,27.6,87,6.8,1009.7,61.0,59.0,55.0,58.333333333333336,42.142857142857146,67.0,3,10,-0.9903973200352558,0.1382503109109819
"Bidhannagar, Kolkata - WBPCB",2025-10-10,67.0,29.97,67.41,11.12,8.53,0.67,22.54,20.76,mean_of_source_observations,27.4,86,8.1,1009.0,68.0,61.0,59.0,62.666666666666664,48.0,54.0,4,10,-0.9878726596350429,0.15526624985999563
"Bidhannagar, Kolkata - WBPCB",2025-10-11,54.0,24.54,53.61,8.87,5.85,0.58,24.63,24.83,mean_of_source_observations,27.3,85,10.9,1009.0,67.0,68.0,61.0,65.33333333333333,53.285714285714285,66.0,5,10,-0.9850556718215013,0.172236243027682
"Bidhannagar, Kolkata - WBPCB",2025-10-12,66.0,32.82,65.74,6.51,6.83,0.63,25.78,30.15,mean_of_source_observations,27.9,78,7.6,1009.6,54.0,67.0,68.0,63.0,56.857142857142854,89.0,6,10,-0.981947190186646,0.18915526872004093
"Bidhannagar, Kolkata - WBPCB",2025-10-13,89.0,38.69,88.66,10.11,11.77,0.64,26.89,23.41,mean_of_source_observations,27.8,74,9.7,1010.4,66.0,54.0,67.0,62.333333333333336,61.42857142857143,95.0,0,10,-0.9785481345802031,0.20601832032517084
"Bidhannagar, Kolkata - WBPCB",2025-10-14,95.0,43.7,94.58,9.28,11.38,0.43,29.81,25.83,mean_of_source_observations,28.0,70,11.4,1009.4,89.0,66.0,54.0,69.66666666666667,66.28571428571429,99.0,1,10,-0.9748595108374125,0.22282040779479959
"Bidhannagar, Kolkata - WBPCB",2025-10-15,99.0,43.48,98.77,2.66,6.85,0.64,25.41,41.52,mean_of_source_observations,28.4,64,12.3,1009.1,95.0,89.0,66.0,83.33333333333333,71.42857142857143,115.0,2,10,-0.9708824104813836,0.23955655912092708
"Bidhannagar, Kolkata - WBPCB",2025-10-16,115.0,55.4,122.67,10.09,15.62,0.8,27.8,25.74,mean_of_source_observations,28.4,63,9.0,1009.5,99.0,95.0,89.0,94.33333333333333,76.85714285714286,118.0,3,10,-0.9666180104000972,0.2562218218071163
"Bidhannagar, Kolkata - WBPCB",2025-10-17,118.0,61.51,126.93,12.97,8.11,0.85,28.68,19.47,mean_of_source_observations,29.3,63,9.5,1010.8,115.0,99.0,95.0,103.0,83.57142857142857,102.0,4,10,-0.9620675724981452,0.27281126433401914
"Bidhannagar, Kolkata - WBPCB",2025-10-18,102.0,51.23,102.79,13.82,6.11,0.75,26.29,18.93,mean_of_source_observations,29.5,64,7.1,1010.4,118.0,115.0,99.0,110.66666666666667,90.85714285714286,80.0,5,10,-0.957232443323312,0.28931997761869527
"Bidhannagar, Kolkata - WBPCB",2025-10-19,80.0,40.46,79.9,13.97,5.75,0.68,23.94,18.13,mean_of_source_observations,30.4,64,9.0,1009.5,102.0,118.0,115.0,111.66666666666667,97.71428571428571,120.0,6,10,-0.9521140536681102,0.3057430764672831
"Bidhannagar, Kolkata - WBPCB",2025-10-20,120.0,66.04,102.56,11.47,5.53,0.68,24.82,21.07,mean_of_source_observations,30.8,60,11.5,1009.8,80.0,102.0,118.0,100.0,99.71428571428571,168.0,0,10,-0.9467139181463862,0.3220757010206104
"Bidhannagar, Kolkata - WBPCB",2025-10-21,168.0,80.51,133.89,8.84,6.63,0.74,26.11,25.83,mean_of_source_observations,30.2,58,10.6,1010.7,120.0,80.0,102.0,100.66666666666667,104.14285714285714,111.0,1,10,-0.9410336347451197,0.3383130181923076
"Bidhannagar, Kolkata - WBPCB",2025-10-22,111.0,46.67,115.76,9.02,7.25,0.8,27.77,25.62,mean_of_source_observations,29.9,58,10.5,1011.0,168.0,120.0,80.0,122.66666666666667,114.57142857142857,95.0,2,10,-0.9350748843515574,0.3544502230989869
"Bidhannagar, Kolkata - WBPCB",2025-10-23,95.0,36.64,95.24,9.16,7.38,0.75,27.24,25.48,mean_of_source_observations,30.2,56,8.3,1010.5,111.0,168.0,120.0,133.0,116.28571428571429,105.0,3,10,-0.9288394302558068,0.3704825404820963
"Bidhannagar, Kolkata - WBPCB",2025-10-24,105.0,37.54,107.97,10.62,6.96,0.92,27.03,23.29,mean_of_source_observations,30.3,53,8.6,1010.4,95.0,111.0,168.0,124.66666666666667,113.42857142857143,100.0,4,10,-0.9223291176290545,0.3864052261209853
"Bidhannagar, Kolkata - WBPCB",2025-10-25,100.0,32.86,100.32,9.46,6.72,0.82,26.26,24.73,mean_of_source_observations,29.5,68,8.3,1010.5,105.0,95.0,111.0,103.66666666666667,111.57142857142857,84.0,5,10,-0.9155458729775467,0.40221356823680365
"Bidhannagar, Kolkata - WBPCB",2025-10-26,84.0,26.41,83.67,5.42,5.95,0.92,23.74,31.97,mean_of_source_observations,29.8,69,4.6,1010.8,100.0,105.0,95.0,100.0,111.28571428571429,75.0,6,10,-0.9084917035725082,0.41790288888678667
"Bidhannagar, Kolkata - WBPCB",2025-10-27,75.0,29.28,75.49,7.53,10.79,0.92,25.62,28.58,mean_of_source_observations,30.3,65,7.4,1011.2,84.0,100.0,105.0,96.33333333333333,111.85714285714286,51.0,0,10,-0.9011686968561569,0.4334685453485363
"Bidhannagar, Kolkata - WBPCB",2025-10-28,51.0,20.07,50.81,7.29,6.59,0.73,22.0,27.96,mean_of_source_observations,29.9,69,11.4,1010.8,75.0,84.0,100.0,86.33333333333333,105.42857142857143,34.0,1,10,-0.8935790198239952,0.4489059314938798
"Bidhannagar, Kolkata - WBPCB",2025-10-29,34.0,10.37,33.15,11.2,6.58,0.68,16.76,20.72,mean_of_source_observations,26.6,89,12.0,1010.5,51.0,75.0,84.0,70.0,88.71428571428571,32.0,2,10,-0.8857249183835637,0.4642104791518923
"Bidhannagar, Kolkata - WBPCB",2025-10-30,32.0,8.6,21.5,10.9,6.62,0.64,17.0,20.75,mean_of_source_observations,26.8,88,10.3,1010.8,34.0,51.0,75.0,53.333333333333336,77.71428571428571,30.0,3,10,-0.8776087166898392,0.4793776594606945
"Bidhannagar, Kolkata - WBPCB",2025-10-31,30.0,12.93,30.47,12.53,7.15,0.54,19.61,19.1,mean_of_source_observations,27.9,82,12.3,1009.6,32.0,34.0,51.0,39.0,68.71428571428571,45.0,4,10,-0.8692328164574792,0.49440298420761813
"Bidhannagar, Kolkata - WBPCB",2025-11-01,45.0,21.26,44.73,12.02,7.28,0.73,22.47,20.79,mean_of_source_observations,27.3,87,9.9,1008.5,30.0,32.0,34.0,32.0,58.0,33.0,5,11,-0.8605996962501181,0.5092820071573356
"Bidhannagar, Kolkata - WBPCB",2025-11-02,33.0,12.96,33.3,7.82,5.71,0.66,19.42,26.78,mean_of_source_observations,26.3,81,13.2,1008.9,45.0,30.0,32.0,35.666666666666664,50.142857142857146,93.0,6,11,-0.8517119107469189,0.5240103253675756
"Bidhannagar, Kolkata - WBPCB",2025-11-03,93.0,42.67,93.14,7.35,7.55,1.03,21.25,29.13,mean_of_source_observations,25.8,73,11.0,1008.8,33.0,45.0,30.0,36.0,42.857142857142854,192.0,0,11,-0.8425720899866032,0.5385835804920232
"Bidhannagar, Kolkata - WBPCB",2025-11-04,192.0,87.51,171.8,11.25,5.78,1.41,23.08,24.79,mean_of_source_observations,25.2,68,10.8,1008.2,93.0,33.0,45.0,57.0,45.42857142857143,190.0,1,11,-0.8331829385891785,0.5529974600700271
"Bidhannagar, Kolkata - WBPCB",2025-11-05,190.0,87.05,158.84,13.54,5.33,1.46,22.7,24.77,mean_of_source_observations,25.4,73,9.5,1007.2,192.0,93.0,33.0,106.0,65.57142857142857,118.0,2,11,-0.8235472349556007,0.5672476988027229
"Bidhannagar, Kolkata - WBPCB",2025-11-06,118.0,63.3,126.44,11.98,4.72,0.79,19.9,30.69,mean_of_source_observations,26.5,74,6.8,1008.8,190.0,192.0,93.0,158.33333333333334,87.85714285714286,113.0,3,11,-0.8136678304455991,0.5813300798152042
"Bidhannagar, Kolkata - WBPCB",2025-11-07,113.0,59.79,119.16,13.33,5.52,0.71,24.01,27.77,mean_of_source_observations,27.1,67,12.4,1010.9,118.0,190.0,192.0,166.66666666666666,100.14285714285714,82.0,4,11,-0.8035476485339116,0.5952404359043674
"Bidhannagar, Kolkata - WBPCB",2025-11-08,82.0,39.19,82.2,10.96,7.51,0.46,27.95,23.75,mean_of_source_observations,25.6,56,12.3,1012.2,113.0,118.0,190.0,140.33333333333334,112.0,90.0,5,11,-0.7931896839451843,0.6089746507720486
"Bidhannagar, Kolkata - WBPCB",2025-11-09,90.0,43.82,89.52,4.77,6.88,0.78,27.27,34.37,mean_of_source_observations,24.4,57,9.3,1011.3,82.0,113.0,118.0,104.33333333333333,117.28571428571429,110.0,6,11,-0.7825970017677834,0.6225286602431057
"Bidhannagar, Kolkata - WBPCB",2025-11-10,110.0,56.25,114.46,12.1,8.32,1.01,25.68,24.82,mean_of_source_observations,25.0,57,9.3,1011.9,90.0,82.0,113.0,95.0,125.42857142857143,118.0,0,11,-0.7717727365467837,0.6358984534680745
"Bidhannagar, Kolkata - WBPCB",2025-11-11,118.0,60.65,126.85,13.7,10.45,1.07,23.29,20.12,mean_of_source_observations,24.4,53,8.1,1012.6,110.0,90.0,82.0,94.0,127.85714285714286,160.0,1,11,-0.7607200913564104,0.6490800741100398
"Bidhannagar, Kolkata - WBPCB",2025-11-12,160.0,77.9,147.54,14.71,7.99,1.36,24.58,17.84,mean_of_source_observations,23.6,55,8.4,1013.7,118.0,110.0,90.0,106.0,117.28571428571429,149.0,2,11,-0.7494423368521953,0.6620696215153815
"Bidhannagar, Kolkata - WBPCB",2025-11-13,149.0,74.7,141.48,12.61,7.38,1.47,22.39,29.39,mean_of_source_observations,23.6,58,9.4,1015.0,160.0,118.0,110.0,129.33333333333334,113.0,129.0,3,11,-0.7379428103031386,0.6748632518680403
"Bidhannagar, Kolkata - WBPCB",2025-11-14,129.0,68.79,136.96,19.04,7.65,1.48,21.09,26.71,mean_of_source_observations,23.7,56,9.1,1014.9,149.0,160.0,118.0,142.33333333333334,117.42857142857143,117.0,4,11,-0.7262249146041543,0.6874571793269664
"Bidhannagar, Kolkata - WBPCB",2025-11-15,117.0,61.24,124.9,14.69,8.03,1.45,21.59,38.19,mean_of_source_observations,23.9,60,9.2,1015.8,129.0,149.0,160.0,146.0,119.71428571428571,112.0,5,11,-0.7142921172691032,0.699847677146407
"Bidhannagar, Kolkata - WBPCB",2025-11-16,112.0,61.12,117.46,14.19,8.22,1.31,21.74,31.42,mean_of_source_observations,23.9,57,9.7,1016.7,117.0,129.0,149.0,131.66666666666666,124.71428571428571,102.0,6,11,-0.7021479494046978,0.7120310787787131
"Bidhannagar, Kolkata - WBPCB",2025-11-17,102.0,49.95,102.87,17.24,7.34,1.31,19.52,27.16,mean_of_source_observations,24.3,57,9.8,1016.2,112.0,117.0,129.0,119.33333333333333,127.85714285714286,100.0,0,11,-0.6897960046655887,0.7240037789593305
"Bidhannagar, Kolkata - WBPCB",2025-11-18,100.0,45.84,100.36,13.8,7.46,1.42,21.97,34.73,mean_of_source_observations,24.6,57,5.5,1014.3,102.0,112.0,117.0,110.33333333333333,126.71428571428571,121.0,1,11,-0.6772399381909491,0.7357622347736527
"Bidhannagar, Kolkata - WBPCB",2025-11-19,121.0,62.2,131.53,13.29,7.14,1.78,19.41,49.86,mean_of_source_observations,25.1,57,7.1,1014.5,100.0,102.0,112.0,104.66666666666667,124.14285714285714,173.0,2,11,-0.6644834655228552,0.7473029667054297
"Bidhannagar, Kolkata - WBPCB",2025-11-20,173.0,81.79,134.46,14.15,7.86,1.84,20.93,35.05,mean_of_source_observations,25.4,52,10.2,1015.6,121.0,100.0,102.0,107.66666666666667,118.57142857142857,133.0,3,11,-0.6515303615068021,0.75862255966641
"Bidhannagar, Kolkata - WBPCB",2025-11-21,133.0,69.86,140.43,12.27,7.94,1.78,20.41,34.55,mean_of_source_observations,25.3,56,7.7,1016.6,173.0,121.0,100.0,131.33333333333334,122.0,217.0,4,11,-0.6383844591746642,0.769717664006921
"Bidhannagar, Kolkata - WBPCB",2025-11-22,217.0,95.06,199.48,11.36,8.59,2.0,21.79,38.04,mean_of_source_observations,24.5,59,10.0,1015.5,133.0,173.0,121.0,142.33333333333334,122.57142857142857,202.0,5,11,-0.6250496486104377,0.7805849965070866
"Bidhannagar, Kolkata - WBPCB",2025-11-23,202.0,90.66,182.33,9.08,8.02,2.1,21.88,67.08,mean_of_source_observations,24.5,60,7.9,1015.8,217.0,133.0,173.0,174.33333333333334,136.85714285714286,127.0,6,11,-0.6115298757991053,0.7912213413483807
"Bidhannagar, Kolkata - WBPCB",2025-11-24,127.0,68.06,140.5,16.25,7.25,1.55,20.89,34.61,mean_of_source_observations,23.9,56,13.0,1016.3,202.0,217.0,133.0,184.0,149.71428571428572,182.0,0,11,-0.5978291414589552,0.801623551065242
"Bidhannagar, Kolkata - WBPCB",2025-11-25,182.0,84.5,175.22,10.74,7.48,1.82,27.09,41.83,mean_of_source_observations,22.7,53,9.7,1015.5,127.0,202.0,217.0,182.0,153.28571428571428,181.0,1,11,-0.5839514998576998,0.8117885474764613
"Bidhannagar, Kolkata - WBPCB",2025-11-26,181.0,84.19,196.64,12.71,7.39,1.97,24.92,33.24,mean_of_source_observations,22.4,55,9.2,1016.2,182.0,127.0,202.0,170.33333333333334,165.0,123.0,2,11,-0.5699010576127624,0.821713322596059
"Bidhannagar, Kolkata - WBPCB",2025-11-27,123.0,61.45,133.91,9.62,7.18,1.84,19.68,41.06,mean_of_source_observations,23.5,59,6.9,1016.2,181.0,182.0,127.0,163.33333333333334,173.57142857142858,122.0,3,11,-0.5556819724760489,0.8313949395234058
"Bidhannagar, Kolkata - WBPCB",2025-11-28,122.0,49.93,133.1,15.07,7.5,2.37,19.3,54.29,mean_of_source_observations,23.7,60,7.7,1015.0,123.0,181.0,182.0,162.0,166.42857142857142,145.0,4,11,-0.5412984521036173,0.8408305333122887
"Bidhannagar, Kolkata - WBPCB",2025-11-29,145.0,63.43,167.83,16.52,7.28,2.44,18.23,27.94,mean_of_source_observations,23.7,59,9.1,1013.7,122.0,123.0,181.0,142.0,164.85714285714286,147.0,5,11,-0.5267547528105542,0.8500173118187018
"Bidhannagar, Kolkata - WBPCB",2025-11-30,147.0,67.14,170.92,12.71,7.64,2.13,20.64,28.61,mean_of_source_observations,23.6,57,8.0,1013.7,145.0,122.0,123.0,130.0,154.57142857142858,150.0,6,11,-0.5120551783114646,0.8589525565270845
"Bidhannagar, Kolkata - WBPCB",2025-12-01,150.0,72.1,174.44,15.5,7.38,2.22,19.92,54.84,mean_of_source_observations,23.8,60,9.2,1013.8,147.0,145.0,122.0,138.0,146.71428571428572,163.0,0,12,-0.4972040784469378,0.8676336233547726
"Bidhannagar, Kolkata - WBPCB",2025-12-02,163.0,75.0,194.64,15.01,8.7,1.87,23.46,55.4,mean_of_source_observations,23.9,59,6.5,1013.9,150.0,147.0,145.0,147.33333333333334,150.0,144.0,1,12,-0.4822058478963526,0.8760579434344281
"Bidhannagar, Kolkata - WBPCB",2025-12-03,144.0,65.02,165.52,16.71,7.95,1.87,22.37,56.03,mean_of_source_observations,23.1,59,9.3,1015.5,163.0,150.0,147.0,153.33333333333334,147.28571428571428,197.0,2,12,-0.46706492487743034,0.8842230238742036
"Bidhannagar, Kolkata - WBPCB",2025-12-04,197.0,89.18,211.94,16.72,7.6,2.26,20.35,76.57,mean_of_source_observations,21.9,58,10.3,1016.5,144.0,163.0,150.0,152.33333333333334,142.0,138.0,3,12,-0.451785789832884,0.8921264484954345
"Bidhannagar, Kolkata - WBPCB",2025-12-05,138.0,69.56,156.98,18.16,8.42,1.77,22.29,46.42,mean_of_source_observations,21.7,54,10.9,1017.6,197.0,144.0,163.0,168.0,152.57142857142858,138.0,4,12,-0.4363729641045924,0.8997658785476209
"Bidhannagar, Kolkata - WBPCB",2025-12-06,138.0,66.99,157.3,11.07,10.12,1.81,23.66,42.35,mean_of_source_observations,20.5,53,8.9,1017.3,138.0,197.0,144.0,159.66666666666666,154.85714285714286,175.0,5,12,-0.42083100859565564,0.9071390534005044
"Bidhannagar, Kolkata - WBPCB",2025-12-07,175.0,82.62,187.94,21.51,8.43,2.08,21.53,36.84,mean_of_source_observations,20.7,59,8.4,1016.9,138.0,138.0,197.0,157.66666666666666,153.85714285714286,207.0,6,12,-0.4051645224207563,0.9142437912130223
"Bidhannagar, Kolkata - WBPCB",2025-12-08,207.0,92.2,207.87,18.4,7.53,2.23,21.15,48.62,mean_of_source_observations,21.2,55,8.0,1015.9,175.0,138.0,138.0,150.33333333333334,157.85714285714286,239.0,0,12,-0.3893781415452015,0.9210779895789526
"Bidhannagar, Kolkata - WBPCB",2025-12-09,239.0,101.58,244.98,7.8,6.64,2.43,19.04,44.68,mean_of_source_observations,21.5,61,8.5,1015.6,207.0,175.0,138.0,173.33333333333334,166.0,213.0,1,12,-0.37347653741307074,0.9276396261490467
"Bidhannagar, Kolkata - WBPCB",2025-12-10,213.0,93.87,225.85,18.14,8.07,2.53,19.59,43.69,mean_of_source_observations,21.7,63,7.8,1016.3,239.0,207.0,175.0,207.0,176.85714285714286,202.0,2,12,-0.3574644155648614,0.9339267592294762
"Bidhannagar, Kolkata - WBPCB",2025-12-11,202.0,90.61,207.9,15.42,8.09,2.59,19.71,45.86,mean_of_source_observations,21.3,58,7.5,1015.2,213.0,239.0,207.0,219.66666666666666,186.71428571428572,254.0,3,12,-0.34134651424503615,0.9399375283564133
"Bidhannagar, Kolkata - WBPCB",2025-12-12,254.0,106.05,220.87,17.53,7.83,3.3,17.64,90.24,mean_of_source_observations,21.7,58,7.6,1014.6,202.0,213.0,239.0,218.0,187.42857142857142,164.0,4,12,-0.3251276029999093,0.9456701548465688
"Bidhannagar, Kolkata - WBPCB",2025-12-13,164.0,79.15,165.62,6.56,7.94,2.73,18.37,47.89,mean_of_source_observations,21.8,61,6.8,1015.2,254.0,202.0,213.0,223.0,204.0,248.0,5,12,-0.30881248126625377,0.9511229423235357
"Bidhannagar, Kolkata - WBPCB",2025-12-14,248.0,104.44,248.05,,8.26,4.29,10.83,83.52,mean_of_source_observations,22.8,60,7.6,1015.8,164.0,254.0,202.0,206.66666666666666,207.71428571428572,111.0,6,12,-0.29240597695107734,0.9562942772197719
"Bidhannagar, Kolkata - WBPCB",2025-12-15,111.0,53.96,117.02,11.06,7.63,2.02,25.19,25.36,mean_of_source_observations,22.4,61,8.9,1015.8,248.0,164.0,254.0,222.0,218.14285714285714,199.0,0,12,-0.27591294500296043,0.9611826292540837
"Bidhannagar, Kolkata - WBPCB",2025-12-16,199.0,89.58,159.24,18.96,8.41,2.37,19.05,39.42,mean_of_source_observations,21.4,60,7.9,1015.4,111.0,248.0,164.0,174.33333333333334,204.42857142857142,279.0,1,12,-0.2593382659754056,0.9657865518844574
"Bidhannagar, Kolkata - WBPCB",2025-12-17,279.0,113.6,178.41,20.75,7.49,2.61,18.05,34.81,mean_of_source_observations,21.5,61,10.1,1016.1,199.0,111.0,248.0,186.0,198.71428571428572,191.0,2,12,-0.2426868445825954,0.9701046827361175
"Bidhannagar, Kolkata - WBPCB",2025-12-18,191.0,87.37,161.71,19.53,7.19,2.35,18.63,35.84,mean_of_source_observations,22.1,62,7.7,1015.5,279.0,199.0,111.0,196.33333333333334,208.14285714285714,182.0,3,12,-0.22596360824801906,0.974135744004672
"Bidhannagar, Kolkata - WBPCB",2025-12-19,182.0,84.6,155.94,9.09,6.71,2.39,17.11,52.06,mean_of_source_observations,22.4,61,8.7,1014.0,191.0,279.0,199.0,223.0,206.57142857142858,260.0,4,12,-0.20917350564635637,0.9778785428342386
"Bidhannagar, Kolkata - WBPCB",2025-12-20,260.0,107.98,198.86,14.33,6.22,2.34,15.15,31.67,mean_of_source_observations,20.7,70,8.5,1014.1,182.0,191.0,279.0,217.33333333333334,196.28571428571428,301.0,5,12,-0.19232150523909483,0.9813319716704275
"Bidhannagar, Kolkata - WBPCB",2025-12-21,301.0,121.8,209.48,5.55,6.63,2.36,15.45,54.1,mean_of_source_observations,20.6,70,7.7,1015.7,260.0,182.0,191.0,211.0,210.0,213.0,6,12,-0.17541259380427843,0.9844950085880858
"Bidhannagar, Kolkata - WBPCB",2025-12-22,213.0,93.91,169.24,29.37,7.0,2.43,15.68,165.62,mean_of_source_observations,20.7,69,8.5,1014.9,301.0,260.0,182.0,247.66666666666666,217.57142857142858,237.0,0,12,-0.15845177496083632,0.9873667175937016
"Bidhannagar, Kolkata - WBPCB",2025-12-23,237.0,101.23,161.97,51.41,6.12,2.39,16.74,130.25,mean_of_source_observations,20.4,65,8.9,1014.0,213.0,301.0,260.0,258.0,232.14285714285714,272.0,1,12,-0.14144406768794202,0.9899462489023779
"Bidhannagar, Kolkata - WBPCB",2025-12-24,272.0,111.51,158.82,19.31,7.14,0.56,13.42,26.99,mean_of_source_observations,19.9,65,9.3,1014.4,237.0,213.0,301.0,250.33333333333334,237.57142857142858,274.0,2,12,-0.12439450483979998,0.9922328391893008
"Bidhannagar, Kolkata - WBPCB",2025-12-25,274.0,112.11,178.23,10.0,5.99,0.81,8.01,20.02,mean_of_source_observations,18.5,65,12.5,1015.7,272.0,237.0,213.0,240.66666666666666,236.57142857142858,302.0,3,12,-0.10730813165636247,0.9942258118156161
"Bidhannagar, Kolkata - WBPCB",2025-12-26,302.0,122.72,185.14,12.3,7.15,0.75,22.22,37.83,mean_of_source_observations,18.0,65,7.9,1015.3,274.0,272.0,237.0,261.0,248.42857142857142,316.0,4,12,-0.09019000427034513,0.9959245770286599
"Bidhannagar, Kolkata - WBPCB",2025-12-27,316.0,140.37,201.75,52.51,8.0,1.01,26.99,80.03,mean_of_source_observations,18.6,69,10.3,1015.3,302.0,274.0,272.0,282.6666666666667,265.57142857142856,231.0,5,12,-0.07304518821104743,0.9973286321364752
"Bidhannagar, Kolkata - WBPCB",2025-12-28,231.0,99.23,161.27,116.87,12.71,0.46,23.61,73.15,mean_of_source_observations,18.2,69,9.6,1016.2,316.0,302.0,274.0,297.3333333333333,273.57142857142856,259.0,6,12,-0.05587875690537313,0.9984375616565666
"Bidhannagar, Kolkata - WBPCB",2025-12-29,259.0,107.58,173.92,8.26,12.59,0.32,32.03,33.32,mean_of_source_observations,17.3,69,9.1,1016.2,231.0,316.0,302.0,283.0,263.57142857142856,205.0,0,12,-0.03869579017652689,0.9992510374388481
"Bidhannagar, Kolkata - WBPCB",2025-12-30,205.0,91.56,141.01,23.58,11.39,0.26,16.95,53.42,mean_of_source_observations,16.3,71,8.7,1015.0,259.0,231.0,316.0,268.6666666666667,270.14285714285717,190.0,1,12,-0.021501372740813793,0.999768818762748
"Bidhannagar, Kolkata - WBPCB",2025-12-31,190.0,87.01,139.18,29.56,15.14,0.46,18.85,28.26,mean_of_source_observations,16.9,69,8.9,1013.6,205.0,259.0,231.0,231.66666666666666,265.57142857142856,321.0,2,12,-0.004300592702981974,0.9999907524084426
"Bidhannagar, Kolkata - WBPCB",2026-01-01,321.0,146.82,211.93,25.26,9.87,0.89,17.47,24.46,mean_of_source_observations,18.4,66,8.2,1014.0,190.0,205.0,259.0,218.0,253.85714285714286,230.0,3,1,0.017201575418260506,0.9998520419557735
"Bidhannagar, Kolkata - WBPCB",2026-01-02,230.0,99.0,165.28,24.13,26.87,0.68,17.62,23.52,mean_of_source_observations,19.6,63,9.2,1015.3,321.0,190.0,205.0,238.66666666666666,260.57142857142856,150.0,4,1,0.03439806061360801,0.9994082116062598
"Bidhannagar, Kolkata - WBPCB",2026-01-03,150.0,75.07,130.28,21.03,6.71,0.77,17.63,22.7,mean_of_source_observations,19.5,64,9.8,1016.9,230.0,321.0,190.0,247.0,250.28571428571428,167.0,5,1,0.051584366869408364,0.9986686402879997
"Bidhannagar, Kolkata - WBPCB",2026-01-04,167.0,80.12,138.57,20.99,4.9,0.81,12.72,22.61,mean_of_source_observations,18.8,69,10.3,1018.2,150.0,230.0,321.0,233.66666666666666,226.57142857142858,104.0,6,1,0.06875540848113941,0.9976335468520451
"Bidhannagar, Kolkata - WBPCB",2026-01-05,104.0,58.41,105.65,20.25,5.71,0.44,14.78,22.35,mean_of_source_observations,16.4,69,10.5,1019.2,167.0,150.0,230.0,182.33333333333334,217.42857142857142,119.0,0,1,0.08590610426133272,0.9963032375991965
"Bidhannagar, Kolkata - WBPCB",2026-01-06,119.0,65.75,125.15,36.96,13.91,0.55,16.49,27.14,mean_of_source_observations,15.6,72,10.8,1019.3,104.0,167.0,150.0,140.33333333333334,195.28571428571428,182.0,1,1,0.10303137904317879,0.9946781061893646
"Bidhannagar, Kolkata - WBPCB",2026-01-07,182.0,84.59,151.2,25.4,11.25,0.79,13.34,24.44,mean_of_source_observations,17.0,67,8.4,1019.5,119.0,104.0,167.0,130.0,183.0,136.0,2,1,0.1201261651823505,0.9927586335250793
"Bidhannagar, Kolkata - WBPCB",2026-01-08,136.0,70.72,137.3,21.22,8.27,0.44,16.04,22.65,mean_of_source_observations,17.2,63,10.7,1019.6,182.0,119.0,104.0,135.0,181.85714285714286,170.0,3,1,0.13718540405660057,0.9905453876091833
"Bidhannagar, Kolkata - WBPCB",2026-01-09,170.0,81.11,157.59,20.07,7.86,0.44,20.51,22.21,mean_of_source_observations,17.4,62,10.7,1018.2,136.0,182.0,119.0,145.66666666666666,155.42857142857142,162.0,4,1,0.1542040475626894,0.988039023376751
"Bidhannagar, Kolkata - WBPCB",2026-01-10,162.0,78.56,144.11,23.54,7.4,0.42,19.95,23.44,mean_of_source_observations,17.2,63,9.9,1017.5,170.0,136.0,182.0,162.66666666666666,146.85714285714286,136.0,5,1,0.17117705961019986,0.985240282501282
"Bidhannagar, Kolkata - WBPCB",2026-01-11,136.0,70.79,134.63,23.38,8.62,0.5,21.21,23.32,mean_of_source_observations,19.0,54,12.3,1018.5,162.0,170.0,136.0,156.0,148.57142857142858,176.0,6,1,0.18809941761179758,0.9821499931752291
"Bidhannagar, Kolkata - WBPCB",2026-01-12,176.0,82.88,143.51,20.76,11.11,0.57,21.11,22.59,mean_of_source_observations,18.8,57,10.8,1019.2,136.0,162.0,170.0,156.0,144.14285714285714,144.0,0,1,0.20496611396949532,0.9787690698649216
"Bidhannagar, Kolkata - WBPCB",2026-01-13,144.0,73.17,152.27,16.14,10.32,0.44,26.14,22.7,mean_of_source_observations,18.8,56,9.6,1017.5,176.0,136.0,162.0,158.0,154.42857142857142,231.0,1,1,0.22177215755648186,0.975098513039961
"Bidhannagar, Kolkata - WBPCB",2026-01-14,231.0,99.35,183.64,12.74,10.26,0.69,22.02,31.97,mean_of_source_observations,18.5,56,9.9,1015.3,144.0,176.0,136.0,152.0,158.0,204.0,2,1,0.23851257519407648,0.9711394088771653
"Bidhannagar, Kolkata - WBPCB",2026-01-15,204.0,91.15,166.27,20.79,8.46,0.69,21.76,17.67,mean_of_source_observations,18.2,57,9.8,1015.0,231.0,144.0,176.0,183.66666666666666,165.0,133.0,3,1,0.2551824131233728,0.9668929289391521
"Bidhannagar, Kolkata - WBPCB",2026-01-16,133.0,69.86,129.73,12.73,8.45,0.71,23.35,18.28,mean_of_source_observations,18.4,54,8.6,1014.8,204.0,231.0,144.0,193.0,174.71428571428572,225.0,4,1,0.2717767384711357,0.9623603298276545
"Bidhannagar, Kolkata - WBPCB",2026-01-17,225.0,97.47,191.04,12.93,8.97,0.96,19.84,19.79,mean_of_source_observations,19.2,56,7.7,1013.3,133.0,204.0,231.0,189.33333333333334,169.42857142857142,185.0,5,1,0.2882906407095177,0.9575429528116719
"Bidhannagar, Kolkata - WBPCB",2026-01-18,185.0,85.58,146.31,14.23,7.03,0.87,22.03,22.11,mean_of_source_observations,20.3,56,8.9,1012.5,225.0,133.0,204.0,187.33333333333334,178.42857142857142,171.0,6,1,0.3047192331091634,0.9524422234305676
"Bidhannagar, Kolkata - WBPCB",2026-01-19,171.0,81.44,161.94,11.32,7.42,1.06,21.69,26.28,mean_of_source_observations,21.2,55,7.3,1013.3,185.0,225.0,133.0,181.0,185.42857142857142,202.0,0,1,0.321057654185271,0.9470596510722283
"Bidhannagar, Kolkata - WBPCB",2026-01-20,202.0,90.46,177.84,17.46,10.34,1.67,21.64,62.97,mean_of_source_observations,22.4,53,9.6,1014.2,171.0,185.0,225.0,193.66666666666666,184.71428571428572,121.0,1,1,0.3373010691361842,0.9413968285264122
"Bidhannagar, Kolkata - WBPCB",2026-01-21,121.0,55.29,131.28,22.63,10.12,1.12,23.4,24.66,mean_of_source_observations,22.9,55,9.3,1015.4,202.0,171.0,185.0,186.0,193.0,93.0,2,1,0.3534446712740877,0.9354554315134164
"Bidhannagar, Kolkata - WBPCB",2026-01-22,93.0,40.07,92.83,15.84,10.33,0.64,26.87,22.75,mean_of_source_observations,21.9,49,9.7,1016.7,121.0,202.0,171.0,164.66666666666666,177.28571428571428,122.0,3,1,0.3694836834473831,0.9292372181882051
"Bidhannagar, Kolkata - WBPCB",2026-01-23,122.0,66.63,129.91,11.71,12.79,0.75,24.92,29.86,mean_of_source_observations,21.1,55,9.2,1017.9,93.0,121.0,202.0,138.66666666666666,161.42857142857142,159.0,4,1,0.38541335945432564,0.9227440286201427
"Bidhannagar, Kolkata - WBPCB",2026-01-24,159.0,77.66,159.2,14.47,11.74,1.12,23.62,21.11,mean_of_source_observations,21.6,52,10.5,1017.8,122.0,93.0,121.0,112.0,159.85714285714286,152.0,5,1,0.4012289854475009,0.9159777842484877
"Bidhannagar, Kolkata - WBPCB",2026-01-25,152.0,75.64,150.96,9.33,8.02,0.98,22.87,38.39,mean_of_source_observations,22.2,52,10.2,1016.4,159.0,122.0,93.0,124.66666666666667,150.42857142857142,110.0,6,1,0.4169258813287287,0.908940487313808
"Bidhannagar, Kolkata - WBPCB",2026-01-26,110.0,57.11,115.27,19.03,11.04,0.79,26.39,46.54,mean_of_source_observations,22.9,54,12.0,1017.9,152.0,159.0,122.0,144.33333333333334,145.71428571428572,105.0,0,1,0.4324994021339788,0.901634220265486
"Bidhannagar, Kolkata - WBPCB",2026-01-27,105.0,50.18,106.9,26.95,6.28,0.74,35.02,32.89,mean_of_source_observations,22.3,58,11.9,1018.2,110.0,152.0,159.0,140.33333333333334,137.0,115.0,1,1,0.44794493940789115,0.8940611451454876
"Bidhannagar, Kolkata - WBPCB",2026-01-28,115.0,56.19,122.83,21.18,7.63,0.83,37.09,28.54,mean_of_source_observations,22.5,54,10.7,1016.5,105.0,110.0,152.0,122.33333333333333,123.14285714285714,147.0,2,1,0.4632579225674917,0.88622350294858
"Bidhannagar, Kolkata - WBPCB",2026-01-29,147.0,73.99,167.93,15.13,8.0,1.19,34.4,24.12,mean_of_source_observations,23.4,54,10.5,1016.1,115.0,105.0,110.0,110.0,122.28571428571429,106.0,3,1,0.4784338202547012,0.8781236129591848
"Bidhannagar, Kolkata - WBPCB",2026-01-30,106.0,46.04,109.15,11.95,7.18,0.77,34.75,22.45,mean_of_source_observations,22.8,59,8.5,1017.6,147.0,115.0,105.0,122.33333333333333,130.0,102.0,4,1,0.49346814167723735,0.8697638720650646
"Bidhannagar, Kolkata - WBPCB",2026-01-31,102.0,44.01,102.73,11.0,6.82,0.62,40.51,21.87,mean_of_source_observations,22.2,62,11.1,1018.0,106.0,147.0,115.0,122.66666666666667,127.71428571428571,102.0,5,1,0.5083564379375122,0.8611467540480452
"Bidhannagar, Kolkata - WBPCB",2026-02-01,102.0,12.35,102.89,10.59,7.52,0.69,40.19,21.72,mean_of_source_observations,21.8,55,9.9,1017.8,102.0,106.0,147.0,118.33333333333333,119.57142857142857,112.0,6,2,0.5230943033491326,0.8522748088519838
"Bidhannagar, Kolkata - WBPCB",2026-02-02,112.0,41.21,117.86,10.68,15.24,0.79,37.59,21.78,mean_of_source_observations,21.8,50,8.0,1017.3,102.0,102.0,106.0,103.33333333333333,112.42857142857143,211.0,0,2,0.5376773767406141,0.8431506618282
"Bidhannagar, Kolkata - WBPCB",2026-02-03,211.0,93.34,141.62,10.72,5.86,0.81,36.5,21.81,mean_of_source_observations,22.4,54,9.8,1017.9,112.0,102.0,102.0,105.33333333333333,112.71428571428571,225.0,1,2,0.5521013427459208,0.8337770129585915
"Bidhannagar, Kolkata - WBPCB",2026-02-04,225.0,97.51,156.45,10.99,7.99,0.97,32.56,21.89,mean_of_source_observations,23.2,56,8.6,1017.8,211.0,112.0,102.0,141.66666666666666,127.85714285714286,111.0,2,2,0.5663619330814524,0.8241566360566663
"Bidhannagar, Kolkata - WBPCB",2026-02-05,111.0,58.56,117.16,13.58,8.87,1.08,29.86,23.29,mean_of_source_observations,23.4,51,10.6,1017.6,225.0,211.0,112.0,182.66666666666666,143.57142857142858,102.0,3,2,0.580454927809098,0.8142923779467267
"Bidhannagar, Kolkata - WBPCB",2026-02-06,102.0,53.03,103.34,10.44,6.92,0.94,32.34,21.74,mean_of_source_observations,22.1,49,12.2,1017.0,111.0,225.0,211.0,182.33333333333334,138.42857142857142,106.0,4,2,0.5943761565849831,0.804187157621448
"Bidhannagar, Kolkata - WBPCB",2026-02-07,106.0,58.32,108.84,10.69,3.25,0.82,34.88,21.81,mean_of_source_observations,21.0,52,10.5,1015.4,102.0,111.0,225.0,146.0,137.85714285714286,122.0,5,2,0.6081214998935418,0.7938439653781019
"Bidhannagar, Kolkata - WBPCB",2026-02-08,122.0,66.45,122.36,10.77,6.68,0.95,35.26,21.86,mean_of_source_observations,21.9,53,9.8,1014.6,106.0,102.0,111.0,106.33333333333333,138.42857142857142,103.0,6,2,0.6216868902665479,0.7832658619336791
"Bidhannagar, Kolkata - WBPCB",2026-02-09,103.0,56.24,104.92,10.3,7.59,0.85,35.49,21.61,mean_of_source_observations,22.3,52,11.8,1014.5,122.0,106.0,102.0,110.0,141.28571428571428,148.0,0,2,0.6350683134867438,0.7724559775191742
"Bidhannagar, Kolkata - WBPCB",2026-02-10,148.0,74.44,138.17,11.06,16.85,1.26,32.98,22.07,mean_of_source_observations,22.5,48,9.4,1015.6,103.0,122.0,106.0,110.33333333333333,140.0,153.0,1,2,0.6482618097757122,0.7614175109532997
"Bidhannagar, Kolkata - WBPCB",2026-02-11,153.0,75.94,140.41,11.46,9.67,1.26,32.07,22.23,mean_of_source_observations,23.6,47,9.3,1017.0,148.0,103.0,122.0,124.33333333333333,131.0,132.0,2,2,0.6612634749656386,0.7501537286959042
"Bidhannagar, Kolkata - WBPCB",2026-02-12,132.0,69.52,119.27,10.9,8.84,0.97,34.88,21.89,mean_of_source_observations,23.6,47,10.2,1016.0,153.0,148.0,103.0,134.66666666666666,120.71428571428571,114.0,3,2,0.6740694616546161,0.7386679638813748
"Bidhannagar, Kolkata - WBPCB",2026-02-13,114.0,63.9,121.48,11.12,19.36,1.04,31.21,21.98,mean_of_source_observations,23.3,47,12.3,1014.8,132.0,153.0,148.0,144.33333333333334,123.71428571428571,108.0,4,2,0.6866759803451553,0.726963615332308
"Bidhannagar, Kolkata - WBPCB",2026-02-14,108.0,62.36,111.86,15.16,10.2,1.1,31.38,22.98,mean_of_source_observations,23.8,46,9.9,1013.3,114.0,132.0,153.0,133.0,125.42857142857143,96.0,5,2,0.6990793005655562,0.7150441465537444
"Bidhannagar, Kolkata - WBPCB",2026-02-15,96.0,53.65,95.61,8.08,9.17,0.96,35.2,19.98,mean_of_source_observations,23.9,48,10.7,1013.1,108.0,114.0,132.0,118.0,125.71428571428571,98.0,6,2,0.7112757519738152,0.7029130847082615
"Bidhannagar, Kolkata - WBPCB",2026-02-16,98.0,55.27,97.55,8.82,11.88,0.97,33.9,20.13,mean_of_source_observations,23.8,47,11.9,1013.6,96.0,108.0,114.0,106.0,122.0,104.0,0,2,0.7232617254437388,0.6905740195722294
"Bidhannagar, Kolkata - WBPCB",2026-02-17,104.0,57.46,105.95,10.3,8.13,1.03,31.57,21.81,mean_of_source_observations,24.1,48,11.6,1013.3,98.0,96.0,108.0,100.66666666666667,121.28571428571429,93.0,1,2,0.7350336741329412,0.6780306024735382
"Bidhannagar, Kolkata - WBPCB",2026-02-18,93.0,54.13,93.29,10.21,8.81,1.15,30.87,22.17,mean_of_source_observations,25.1,44,8.6,1013.3,104.0,98.0,96.0,99.33333333333333,115.0,112.0,2,2,0.746588114532413,0.6652865452111116
"Bidhannagar, Kolkata - WBPCB",2026-02-19,112.0,63.52,111.96,10.02,9.34,1.36,29.96,23.32,mean_of_source_observations,25.9,42,9.8,1014.5,93.0,104.0,98.0,98.33333333333333,106.42857142857143,111.0,3,2,0.7579216274973472,0.6523456189565257
"Bidhannagar, Kolkata - WBPCB",2026-02-20,111.0,60.59,115.79,11.21,9.97,1.36,26.85,24.86,mean_of_source_observations,26.8,45,9.2,1014.9,112.0,93.0,104.0,103.0,103.57142857142857,112.0,4,2,0.7690308592589181,0.6392116531380588
"Bidhannagar, Kolkata - WBPCB",2026-02-21,112.0,63.04,118.31,10.65,8.89,1.27,32.27,25.24,mean_of_source_observations,26.6,46,8.5,1011.6,111.0,112.0,93.0,105.33333333333333,103.14285714285714,142.0,5,2,0.7799125224167177,0.6258885343075018
"Bidhannagar, Kolkata - WBPCB",2026-02-22,142.0,72.67,123.19,10.68,10.76,1.16,35.74,24.35,mean_of_source_observations,26.8,43,11.0,1009.4,112.0,111.0,112.0,111.66666666666667,103.71428571428571,125.0,6,2,0.7905633969115482,0.612380204990065
"Bidhannagar, Kolkata - WBPCB",2026-02-23,125.0,65.55,137.17,12.22,10.59,1.08,32.59,25.5,mean_of_source_observations,26.7,62,7.9,1009.4,142.0,112.0,111.0,121.66666666666667,110.28571428571429,87.0,0,2,0.8009803309782905,0.5986906625177214
"Bidhannagar, Kolkata - WBPCB",2026-02-24,87.0,44.28,86.87,11.91,6.5,0.98,27.23,25.96,mean_of_source_observations,23.3,81,13.2,1011.1,125.0,142.0,112.0,126.33333333333333,114.14285714285714,103.0,1,2,0.8111602420785621,0.5848239578463322
"Bidhannagar, Kolkata - WBPCB",2026-02-25,103.0,54.01,104.88,11.42,8.67,1.19,28.89,26.9,mean_of_source_observations,24.0,70,8.8,1011.3,87.0,125.0,142.0,118.0,111.71428571428571,129.0,2,2,0.8211001178128892,0.5707841943569036
"Bidhannagar, Kolkata - WBPCB",2026-02-26,129.0,68.84,142.52,9.72,9.41,1.35,31.93,26.73,mean_of_source_observations,23.6,58,8.1,1010.3,103.0,87.0,125.0,105.0,113.14285714285714,115.0,3,2,0.8307970168121247,0.5565755266413303
"Bidhannagar, Kolkata - WBPCB",2026-02-27,115.0,57.31,123.24,10.4,19.66,1.05,33.73,22.34,mean_of_source_observations,23.7,61,10.7,1008.4,129.0,103.0,87.0,106.33333333333333,115.57142857142857,103.0,4,2,0.8402480696078469,0.5422021592729844
"Bidhannagar, Kolkata - WBPCB",2026-02-28,103.0,43.14,104.48,10.51,6.62,0.85,35.18,22.44,mean_of_source_observations,25.0,64,9.2,1007.7,115.0,129.0,103.0,115.66666666666667,116.14285714285714,89.0,5,2,0.8494504794814806,0.527668345562516
"Bidhannagar, Kolkata - WBPCB",2026-03-01,89.0,37.27,89.4,11.14,4.36,0.67,35.18,24.08,mean_of_source_observations,26.9,71,11.6,1007.9,103.0,115.0,129.0,115.66666666666667,114.85714285714286,93.0,6,3,0.8584015232918917,0.512978386299228
"Bidhannagar, Kolkata - WBPCB",2026-03-02,93.0,41.21,93.1,10.9,8.32,0.83,29.62,27.59,mean_of_source_observations,27.9,62,10.8,1009.3,89.0,103.0,115.0,102.33333333333333,107.28571428571429,135.0,0,3,0.8670985522812081,0.4981366284784055
"Bidhannagar, Kolkata - WBPCB",2026-03-03,135.0,70.43,142.74,10.21,6.79,1.15,37.86,28.44,mean_of_source_observations,26.9,43,8.8,1011.0,93.0,89.0,103.0,95.0,102.71428571428571,142.0,1,3,0.8755389928586302,0.4831474640149687
"Bidhannagar, Kolkata - WBPCB",2026-03-04,142.0,72.5,144.74,10.61,8.86,1.01,39.85,22.4,mean_of_source_observations,26.9,44,13.8,1010.9,135.0,93.0,89.0,105.66666666666667,109.57142857142857,122.0,2,3,0.8837203473619977,0.4680153284438345
"Bidhannagar, Kolkata - WBPCB",2026-03-05,122.0,62.63,133.53,10.46,7.16,0.84,38.52,22.04,mean_of_source_observations,27.3,51,7.0,1009.0,142.0,135.0,93.0,123.33333333333333,115.14285714285714,124.0,3,3,0.8916401947968874,0.45274469960737107
"Bidhannagar, Kolkata - WBPCB",2026-03-06,124.0,60.99,135.89,10.96,4.72,0.63,26.82,24.74,mean_of_source_observations,27.2,67,13.3,1009.5,122.0,142.0,135.0,133.0,114.14285714285714,102.0,4,3,0.8992961915530253,0.4373400963303323
"Bidhannagar, Kolkata - WBPCB",2026-03-07,102.0,47.51,102.73,10.93,4.07,0.49,27.21,25.83,mean_of_source_observations,26.6,73,8.9,1011.3,124.0,122.0,142.0,129.33333333333334,115.42857142857143,90.0,5,3,0.9066860720977985,0.4218060770826634
"Bidhannagar, Kolkata - WBPCB",2026-03-08,90.0,39.32,90.48,10.39,3.54,0.37,23.49,26.42,mean_of_source_observations,26.7,74,10.0,1012.0,102.0,124.0,122.0,116.0,115.28571428571429,90.0,6,3,0.9138076496466615,0.40614723863057883
"Bidhannagar, Kolkata - WBPCB",2026-03-09,90.0,37.55,89.71,10.31,18.65,0.39,23.2,25.62,mean_of_source_observations,26.8,75,15.0,1012.9,90.0,102.0,124.0,105.33333333333333,115.42857142857143,90.0,0,3,0.9206588168102428,0.3903682146763026
"Bidhannagar, Kolkata - WBPCB",2026-03-10,90.0,35.8,90.12,10.1,4.23,0.39,24.74,26.21,mean_of_source_observations,26.7,78,7.5,1013.6,90.0,90.0,102.0,94.0,115.0,88.0,1,3,0.9272375462179537,0.374473674486883
"Bidhannagar, Kolkata - WBPCB",2026-03-11,88.0,36.0,88.22,10.29,5.2,0.28,27.45,25.49,mean_of_source_observations,27.0,78,8.5,1011.6,90.0,90.0,90.0,90.0,108.57142857142857,104.0,2,3,0.9335418911179212,0.35846832151248087
"Bidhannagar, Kolkata - WBPCB",2026-03-12,104.0,41.38,105.55,10.07,10.15,0.14,21.98,25.76,mean_of_source_observations,26.7,81,12.8,1009.0,88.0,90.0,90.0,89.33333333333333,100.85714285714286,75.0,3,3,0.9395699859530622,0.342356891994542
"Bidhannagar, Kolkata - WBPCB",2026-03-13,75.0,27.68,75.18,10.08,5.94,0.24,26.83,25.01,mean_of_source_observations,28.9,73,16.2,1007.9,104.0,88.0,90.0,94.0,98.28571428571429,75.0,4,3,0.945320046913132,0.3261441535642696
"Bidhannagar, Kolkata - WBPCB",2026-03-14,75.0,26.75,75.18,10.33,6.7,0.37,34.08,23.94,mean_of_source_observations,28.8,72,15.7,1009.8,75.0,104.0,88.0,89.0,91.28571428571429,59.0,5,3,0.9507903724625832,0.3098349038318025
"Bidhannagar, Kolkata - WBPCB",2026-03-15,59.0,21.23,59.12,10.04,6.9,0.41,31.99,25.19,mean_of_source_observations,27.3,77,24.7,1010.2,75.0,75.0,104.0,84.66666666666667,87.42857142857143,65.0,6,3,0.9559793438440766,0.2934339689665273
"Bidhannagar, Kolkata - WBPCB",2026-03-16,65.0,26.24,64.63,10.17,8.85,0.45,42.05,24.02,mean_of_source_observations,26.2,74,16.6,1009.3,59.0,75.0,75.0,69.66666666666667,83.0,47.0,0,3,0.9608854255574977,0.27694620226893646
"Bidhannagar, Kolkata - WBPCB",2026-03-17,47.0,16.72,47.47,10.37,9.1,0.44,38.69,24.47,mean_of_source_observations,26.5,75,16.9,1009.3,65.0,59.0,75.0,66.33333333333333,79.42857142857143,51.0,1,3,0.9655071658143364,0.2603764827344581
"Bidhannagar, Kolkata - WBPCB",2026-03-18,51.0,17.58,50.69,9.91,8.15,0.16,27.66,25.57,mean_of_source_observations,26.4,80,14.0,1010.5,47.0,65.0,59.0,57.0,73.28571428571429,46.0,2,3,0.969843196967294,0.24372971360968387
"Bidhannagar, Kolkata - WBPCB",2026-03-19,46.0,17.49,46.41,9.83,7.59,0.12,27.76,24.96,mean_of_source_observations,26.0,79,16.3,1011.2,51.0,47.0,65.0,54.333333333333336,68.0,55.0,3,3,0.9738922359149924,0.22701082094141847
"Bidhannagar, Kolkata - WBPCB",2026-03-20,55.0,20.31,54.85,8.96,8.33,0.29,35.29,24.97,mean_of_source_observations,25.3,82,14.5,1009.9,46.0,51.0,47.0,48.0,59.714285714285715,46.0,4,3,0.9776530844816641,0.2102247521189836
"Bidhannagar, Kolkata - WBPCB",2026-03-21,46.0,18.64,46.2,8.83,8.04,0.43,33.88,23.68,mean_of_source_observations,21.9,83,14.0,1011.7,55.0,46.0,51.0,50.666666666666664,56.857142857142854,55.0,5,3,0.981124629771712,0.19337647441020586
"Bidhannagar, Kolkata - WBPCB",2026-03-22,55.0,27.79,55.38,9.94,8.76,0.41,40.8,22.9,mean_of_source_observations,22.8,78,7.6,1012.1,46.0,55.0,46.0,49.0,52.714285714285715,86.0,6,3,0.984305844499033,0.17647097349152166
"Bidhannagar, Kolkata - WBPCB",2026-03-23,86.0,41.93,86.16,10.21,19.91,0.39,34.13,22.67,mean_of_source_observations,25.1,72,8.1,1011.9,55.0,46.0,55.0,52.0,52.142857142857146,77.0,0,3,0.9871957872910085,0.15951325197263655
"Bidhannagar, Kolkata - WBPCB",2026-03-24,77.0,27.5,77.45,9.78,6.78,0.11,35.48,22.86,mean_of_source_observations,26.8,74,12.5,1009.9,86.0,55.0,46.0,62.333333333333336,55.142857142857146,66.0,1,3,0.9897936029670716,0.14250832791617088
"Bidhannagar, Kolkata - WBPCB",2026-03-25,66.0,16.81,66.15,8.33,7.07,0.32,33.08,24.16,mean_of_source_observations,27.4,77,11.4,1009.7,77.0,86.0,55.0,72.66666666666667,59.42857142857143,83.0,2,3,0.992098522791769,0.12546123335273648
"Bidhannagar, Kolkata - WBPCB",2026-03-26,83.0,29.7,83.27,9.89,7.82,0.34,33.37,22.85,mean_of_source_observations,28.3,71,9.7,1010.5,66.0,77.0,86.0,76.33333333333333,61.57142857142857,74.0,3,3,0.9941098647022418,0.10837701279187609
"Bidhannagar, Kolkata - WBPCB",2026-03-27,74.0,24.71,73.96,10.4,7.96,0.38,41.44,22.81,mean_of_source_observations,30.0,65,15.3,1007.8,83.0,66.0,77.0,75.33333333333333,66.85714285714286,56.0,4,3,0.9958270335100595,0.09126072172931188
"Bidhannagar, Kolkata - WBPCB",2026-03-28,56.0,15.3,56.45,11.15,5.26,0.54,44.0,22.33,mean_of_source_observations,26.8,67,21.9,1006.8,74.0,83.0,66.0,74.33333333333333,69.57142857142857,69.0,5,3,0.9972495210773451,0.07411742515094437
"Bidhannagar, Kolkata - WBPCB",2026-03-29,69.0,17.22,68.69,12.71,3.36,0.21,31.03,20.7,mean_of_source_observations,27.8,78,12.6,1007.3,56.0,74.0,83.0,71.0,71.0,67.0,6,3,0.998376906467142,0.056952196034039754
"Bidhannagar, Kolkata - WBPCB",2026-03-30,67.0,22.48,67.04,12.69,3.54,0.22,30.96,20.67,mean_of_source_observations,28.4,81,12.3,1007.9,69.0,56.0,74.0,66.33333333333333,73.0,80.0,0,3,0.9992088560679753,0.03977011384605572
"Bidhannagar, Kolkata - WBPCB",2026-03-31,80.0,25.77,80.38,11.97,4.52,0.7,24.99,21.61,mean_of_source_observations,27.6,78,14.9,1009.3,67.0,69.0,56.0,64.0,70.28571428571429,74.0,1,3,0.9997451236925734,0.022576263041545485
"Bidhannagar, Kolkata - WBPCB",2026-04-01,74.0,29.39,74.22,12.52,4.66,0.48,36.63,20.78,mean_of_source_observations,30.0,70,12.5,1009.0,80.0,67.0,69.0,72.0,70.71428571428571,64.0,2,4,0.9999855506507186,0.005375731557583884
"Bidhannagar, Kolkata - WBPCB",2026-04-02,64.0,20.29,63.9,12.5,3.91,0.4,33.1,20.79,mean_of_source_observations,30.7,69,14.2,1008.6,74.0,80.0,67.0,73.66666666666667,71.85714285714286,70.0,3,4,0.9999300657962057,-0.011826390691832589
"Bidhannagar, Kolkata - WBPCB",2026-04-03,70.0,21.32,69.66,12.52,5.39,0.52,39.17,20.8,mean_of_source_observations,31.5,64,13.0,1007.7,64.0,74.0,80.0,72.66666666666667,69.14285714285714,95.0,4,4,0.9995786855478958,-0.029025013321975237
"Bidhannagar, Kolkata - WBPCB",2026-04-04,95.0,31.27,95.03,13.05,4.92,0.57,43.4,20.55,mean_of_source_observations,31.8,64,13.6,1006.5,70.0,64.0,74.0,69.33333333333333,68.57142857142857,77.0,5,4,0.9989315138848577,-0.046215046983708354
"Bidhannagar, Kolkata - WBPCB",2026-04-05,77.0,26.23,77.43,13.35,8.63,0.64,38.36,20.24,mean_of_source_observations,28.6,67,18.2,1007.3,95.0,70.0,64.0,76.33333333333333,74.14285714285714,83.0,6,4,0.9979887423155984,-0.06339140486951038
"Bidhannagar, Kolkata - WBPCB",2026-04-06,83.0,27.48,83.09,13.84,8.02,0.86,36.33,20.2,mean_of_source_observations,27.1,73,11.6,1008.9,77.0,95.0,70.0,80.66666666666667,75.28571428571429,60.0,0,4,0.9967506498213929,-0.08054900421874167
"Bidhannagar, Kolkata - WBPCB",2026-04-07,60.0,16.96,59.79,13.93,6.33,0.65,23.0,20.04,mean_of_source_observations,26.0,78,11.5,1009.4,83.0,77.0,95.0,85.0,77.57142857142857,56.0,1,4,0.9952176027737294,-0.09768276782171598
"Bidhannagar, Kolkata - WBPCB",2026-04-08,56.0,13.14,55.69,13.94,8.32,0.62,24.16,19.94,mean_of_source_observations,25.4,81,15.3,1009.3,60.0,83.0,77.0,73.33333333333333,74.71428571428571,57.0,2,4,0.9933900548258936,-0.11478762552212701
"Bidhannagar, Kolkata - WBPCB",2026-04-09,57.0,13.13,57.04,14.21,8.41,0.49,15.05,19.4,mean_of_source_observations,24.1,88,11.5,1010.5,56.0,60.0,83.0,66.33333333333333,72.14285714285714,72.0,3,4,0.9912685467787256,-0.13185851571739118
"Bidhannagar, Kolkata - WBPCB",2026-04-10,72.0,24.53,71.99,13.81,8.95,0.69,25.55,20.07,mean_of_source_observations,26.6,74,8.6,1010.7,57.0,56.0,60.0,57.666666666666664,71.14285714285714,111.0,4,4,0.9888537064205885,-0.1488903868564548
"Bidhannagar, Kolkata - WBPCB",2026-04-11,111.0,51.39,116.77,13.71,8.24,0.77,34.02,20.31,mean_of_source_observations,27.8,71,8.4,1009.4,72.0,57.0,56.0,61.666666666666664,71.42857142857143,93.0,5,4,0.986146248341595,-0.16587819893463143
"Bidhannagar, Kolkata - WBPCB",2026-04-12,93.0,35.74,93.41,13.96,6.75,0.47,37.35,19.57,mean_of_source_observations,29.1,72,14.3,1007.0,111.0,72.0,57.0,80.0,73.71428571428571,80.0,6,4,0.9831469737221499,-0.1828169249850199
"Bidhannagar, Kolkata - WBPCB",2026-04-13,80.0,26.36,80.43,13.72,3.91,0.45,25.83,19.79,mean_of_source_observations,30.1,75,14.3,1007.2,93.0,111.0,72.0,92.0,76.0,80.0,0,4,0.9798567700958665,-0.1997015525660636
"Bidhannagar, Kolkata - WBPCB",2026-04-14,80.0,24.81,79.53,13.62,4.88,0.77,27.39,19.73,mean_of_source_observations,31.2,67,14.3,1007.1,80.0,93.0,111.0,94.66666666666667,75.57142857142857,81.0,1,4,0.9762766110869321,-0.21652708524481437
"Bidhannagar, Kolkata - WBPCB",2026-04-15,81.0,28.31,81.44,13.08,4.61,0.75,27.14,20.11,mean_of_source_observations,31.0,74,14.8,1005.6,80.0,80.0,93.0,84.33333333333333,78.42857142857143,60.0,2,4,0.9724075561219968,-0.23328854407545518
"Bidhannagar, Kolkata - WBPCB",2026-04-16,60.0,14.41,59.73,13.0,19.29,0.75,21.77,20.22,mean_of_source_observations,29.6,77,17.4,1006.6,81.0,80.0,80.0,80.33333333333333,82.0,46.0,3,4,0.9682507501166718,-0.2499809690726521
"Bidhannagar, Kolkata - WBPCB",2026-04-17,46.0,14.29,40.95,12.6,16.15,0.92,24.7,18.78,mean_of_source_observations,30.0,79,11.9,1007.9,60.0,81.0,80.0,73.66666666666667,82.42857142857143,46.0,4,4,0.9638074231367307,-0.26659942067929354
"Bidhannagar, Kolkata - WBPCB",2026-04-18,46.0,24.69,44.72,9.86,5.59,0.93,29.07,18.96,mean_of_source_observations,30.6,75,13.3,1007.0,46.0,60.0,81.0,62.333333333333336,78.71428571428571,51.0,5,4,0.9590788900341131,-0.28313898122818354
"Bidhannagar, Kolkata - WBPCB",2026-04-19,51.0,27.26,51.11,11.27,6.85,0.93,29.81,18.49,mean_of_source_observations,31.0,74,15.7,1005.6,46.0,46.0,60.0,50.666666666666664,69.42857142857143,50.0,6,4,0.9540665500578387,-0.2995947563972602
"Bidhannagar, Kolkata - WBPCB",2026-04-20,50.0,24.43,49.66,10.98,6.89,0.96,32.93,19.5,mean_of_source_observations,31.5,72,15.7,1004.2,51.0,46.0,46.0,47.666666666666664,63.42857142857143,57.0,0,4,0.9487718864399473,-0.31596187665790293
"Bidhannagar, Kolkata - WBPCB",2026-04-21,57.0,31.72,56.75,11.14,6.82,1.0,38.54,19.58,mean_of_source_observations,31.7,68,12.6,1003.6,50.0,51.0,46.0,49.0,59.142857142857146,57.0,1,4,0.9431964659565866,-0.33223549871590435
"Bidhannagar, Kolkata - WBPCB",2026-04-22,57.0,27.88,56.63,10.81,9.79,0.97,28.35,20.73,mean_of_source_observations,31.9,72,14.8,1004.2,57.0,50.0,51.0,52.666666666666664,55.857142857142854,58.0,2,4,0.9373419384643772,-0.3484108069446808
"Bidhannagar, Kolkata - WBPCB",2026-04-23,58.0,30.66,58.05,11.02,5.87,0.99,37.46,19.8,mean_of_source_observations,31.8,73,15.0,1004.6,57.0,57.0,50.0,54.666666666666664,52.42857142857143,50.0,3,4,0.9312100364121947,-0.3644830148102912
"Bidhannagar, Kolkata - WBPCB",2026-04-24,50.0,25.38,49.86,11.21,12.6,0.95,31.34,19.02,mean_of_source_observations,32.0,72,13.8,1005.8,58.0,57.0,57.0,57.333333333333336,52.142857142857146,47.0,4,4,0.9248025743285089,-0.38044736628785164
"Bidhannagar, Kolkata - WBPCB",2026-04-25,47.0,19.3,47.1,11.39,6.55,0.93,28.26,18.81,mean_of_source_observations,31.6,72,16.1,1007.0,50.0,58.0,57.0,55.0,52.714285714285715,46.0,5,4,0.9181214482844365,-0.39629913726891813
"Bidhannagar, Kolkata - WBPCB",2026-04-26,46.0,18.32,46.47,11.2,6.71,0.92,26.09,18.81,mean_of_source_observations,31.0,71,17.8,1005.8,47.0,50.0,58.0,51.666666666666664,52.857142857142854,51.0,6,4,0.9111686353326631,-0.41203363695942635
"Bidhannagar, Kolkata - WBPCB",2026-04-27,51.0,23.34,51.49,11.01,20.76,0.92,23.62,19.63,mean_of_source_observations,30.9,73,22.0,1002.7,46.0,47.0,50.0,47.666666666666664,52.142857142857146,60.0,0,4,0.9039461929224011,-0.42764620926777464
"Bidhannagar, Kolkata - WBPCB",2026-04-28,60.0,30.42,60.32,10.39,16.47,0.96,25.93,22.0,mean_of_source_observations,30.7,76,20.2,1002.7,51.0,46.0,47.0,48.0,52.285714285714285,46.0,1,4,0.8964562582905575,-0.44313223418263453
"Bidhannagar, Kolkata - WBPCB",2026-04-29,46.0,17.87,38.31,10.56,14.23,0.92,37.67,21.03,mean_of_source_observations,28.4,82,18.9,1004.7,60.0,51.0,46.0,52.333333333333336,52.714285714285715,48.0,2,4,0.8887010478292915,-0.45848712914008766
"Bidhannagar, Kolkata - WBPCB",2026-04-30,48.0,14.77,31.7,10.61,15.87,0.95,42.25,21.31,mean_of_source_observations,25.4,84,13.7,1007.4,46.0,60.0,51.0,52.333333333333336,51.142857142857146,48.0,3,4,0.8806828564301475,-0.47370635037968
"Bidhannagar, Kolkata - WBPCB",2026-05-01,48.0,15.08,46.19,10.78,8.16,0.96,32.67,20.69,mean_of_source_observations,25.6,82,10.1,1005.9,48.0,46.0,60.0,51.333333333333336,49.714285714285715,50.0,4,5,0.8724040568049612,-0.48878539428899265
"Bidhannagar, Kolkata - WBPCB",2026-05-02,50.0,16.54,47.09,11.38,8.99,0.99,41.71,19.35,mean_of_source_observations,26.7,82,17.8,1004.1,48.0,48.0,46.0,47.333333333333336,49.42857142857143,50.0,5,5,0.8638670987837349,-0.503719798736334
"Bidhannagar, Kolkata - WBPCB",2026-05-03,50.0,15.69,49.31,11.38,7.64,1.01,32.68,18.78,mean_of_source_observations,26.9,86,10.6,1005.7,50.0,48.0,48.0,48.666666666666664,49.857142857142854,46.0,6,5,0.8550745085896932,-0.518505144391157
"Bidhannagar, Kolkata - WBPCB",2026-05-04,46.0,10.86,42.93,11.38,7.2,0.92,34.43,18.24,mean_of_source_observations,27.9,82,12.8,1008.3,50.0,50.0,48.0,49.333333333333336,50.42857142857143,50.0,0,5,0.8460288880917339,-0.533137056031809
"Bidhannagar, Kolkata - WBPCB",2026-05-05,50.0,11.14,37.69,11.6,26.07,0.99,35.7,17.82,mean_of_source_observations,26.3,81,21.0,1009.5,46.0,50.0,50.0,48.666666666666664,49.714285714285715,48.0,1,5,0.8367329140344921,-0.5476112038402312
"Bidhannagar, Kolkata - WBPCB",2026-05-06,48.0,10.73,39.75,11.74,17.32,0.95,31.33,17.43,mean_of_source_observations,27.4,84,9.8,1007.3,50.0,46.0,50.0,48.666666666666664,48.285714285714285,51.0,2,5,0.8271893372462497,-0.5619233046832195
"Bidhannagar, Kolkata - WBPCB",2026-05-07,51.0,14.95,43.98,11.99,11.95,1.02,33.35,17.85,mean_of_source_observations,26.4,83,16.3,1008.9,48.0,50.0,46.0,48.0,48.57142857142857,52.0,3,5,0.8174009818249189,-0.5760691233798758
"Bidhannagar, Kolkata - WBPCB",2026-05-08,52.0,13.75,48.67,11.93,15.32,1.05,39.26,17.75,mean_of_source_observations,26.8,83,11.5,1009.6,51.0,48.0,50.0,49.666666666666664,49.0,58.0,4,5,0.8073707443023492,-0.5900444739548627
"Bidhannagar, Kolkata - WBPCB",2026-05-09,58.0,22.12,58.47,11.9,7.92,1.07,39.03,17.46,mean_of_source_observations,27.5,79,9.9,1009.3,52.0,51.0,48.0,50.333333333333336,49.57142857142857,56.0,5,5,0.7971015927871943,-0.6038452208771035
"Bidhannagar, Kolkata - WBPCB",2026-05-10,56.0,20.54,56.03,11.91,8.89,1.0,45.3,17.78,mean_of_source_observations,27.2,75,11.0,1008.9,58.0,52.0,51.0,53.666666666666664,50.714285714285715,47.0,6,5,0.7865965660866021,-0.6174672802835514
"Bidhannagar, Kolkata - WBPCB",2026-05-11,47.0,13.59,45.93,11.23,6.75,0.94,25.64,19.77,mean_of_source_observations,27.7,75,10.3,1008.6,56.0,58.0,52.0,55.333333333333336,51.57142857142857,40.0,0,5,0.7758587728069828,-0.6309066211876704
"Bidhannagar, Kolkata - WBPCB",2026-05-12,40.0,14.17,38.72,11.52,9.59,0.79,24.34,18.0,mean_of_source_observations,29.3,73,11.8,1006.8,47.0,56.0,58.0,53.666666666666664,51.714285714285715,38.0,1,5,0.7648913904341226,-0.6441592666722685
"Bidhannagar, Kolkata - WBPCB",2026-05-13,38.0,10.99,36.55,11.44,6.34,0.77,25.71,17.82,mean_of_source_observations,29.9,72,15.6,1004.2,40.0,47.0,56.0,47.666666666666664,50.285714285714285,44.0,2,5,0.753697664392914,-0.6572212950663319
"Bidhannagar, Kolkata - WBPCB",2026-05-14,44.0,14.67,43.84,11.44,8.28,0.8,42.46,18.16,mean_of_source_observations,30.7,69,15.5,1002.9,38.0,40.0,47.0,41.666666666666664,48.857142857142854,42.0,3,5,0.742280907086982,-0.6700888411055113
"Bidhannagar, Kolkata - WBPCB",2026-05-15,42.0,10.27,41.52,11.32,6.23,0.77,30.1,18.35,mean_of_source_observations,31.3,72,14.6,1002.5,44.0,38.0,40.0,40.666666666666664,47.857142857142854,46.0,4,5,0.7306444969184916,-0.6827580970759147
"Bidhannagar, Kolkata - WBPCB",2026-05-16,46.0,15.54,46.19,11.25,5.66,0.79,29.28,18.57,mean_of_source_observations,31.0,75,15.8,1003.2,42.0,44.0,38.0,41.333333333333336,46.42857142857143,41.0,5,5,0.7187918772884232,-0.6952253139408722
"Bidhannagar, Kolkata - WBPCB",2026-05-17,41.0,13.55,41.17,11.1,5.26,0.77,26.63,18.7,mean_of_source_observations,31.7,74,15.0,1002.9,46.0,42.0,44.0,44.0,44.714285714285715,49.0,6,5,0.7067265555776158,-0.7074868024503348
"Bidhannagar, Kolkata - WBPCB",2026-05-18,49.0,16.51,48.67,11.2,5.03,0.8,31.08,18.45,mean_of_source_observations,32.0,77,15.1,1002.0,41.0,46.0,42.0,43.0,42.57142857142857,57.0,0,5,0.6944521021088763,-0.719538934232584
"Bidhannagar, Kolkata - WBPCB",2026-05-19,57.0,21.7,56.77,11.28,5.11,0.82,27.19,18.31,mean_of_source_observations,31.7,77,18.5,1001.8,49.0,41.0,46.0,45.333333333333336,42.857142857142854,61.0,1,5,0.6819721490904629,-0.7313781428679254
"Bidhannagar, Kolkata - WBPCB",2026-05-20,61.0,24.13,61.43,11.24,4.72,0.83,29.25,18.35,mean_of_source_observations,32.1,76,11.5,1000.5,57.0,49.0,41.0,49.0,45.285714285714285,62.0,2,5,0.6692903895412567,-0.7430009249440493
"Bidhannagar, Kolkata - WBPCB",2026-05-21,62.0,30.72,61.78,11.32,5.41,0.75,36.07,17.82,mean_of_source_observations,32.2,77,12.6,1001.8,61.0,57.0,49.0,55.666666666666664,48.57142857142857,67.0,3,5,0.6564105761979381,-0.7544038410927472
"Bidhannagar, Kolkata - WBPCB",2026-05-22,67.0,30.36,66.72,11.01,5.13,0.45,32.85,18.62,mean_of_source_observations,31.7,82,13.6,1003.7,62.0,61.0,57.0,60.0,51.142857142857146,65.0,4,5,0.6433365204044917,-0.765583517007675
"Bidhannagar, Kolkata - WBPCB",2026-05-23,65.0,30.13,65.01,9.92,4.49,0.44,33.99,23.49,mean_of_source_observations,31.5,81,17.2,1003.5,67.0,62.0,61.0,63.333333333333336,54.714285714285715,67.0,5,5,0.6300720909843687,-0.7765366444428655
"Bidhannagar, Kolkata - WBPCB",2026-05-24,67.0,31.12,67.04,9.87,4.66,0.49,39.45,23.54,mean_of_source_observations,32.4,75,16.5,1003.9,65.0,67.0,62.0,64.66666666666667,57.42857142857143,69.0,6,5,0.6166212130956382,-0.7872599821916922
"Bidhannagar, Kolkata - WBPCB",2026-05-25,69.0,30.03,68.56,10.03,4.48,0.47,37.72,23.15,mean_of_source_observations,32.1,75,22.3,1003.7,67.0,65.0,67.0,66.33333333333333,61.142857142857146,72.0,0,5,0.6029878670694714,-0.7977503570459932
"Bidhannagar, Kolkata - WBPCB",2026-05-26,72.0,33.03,72.03,10.01,5.34,0.5,38.28,22.88,mean_of_source_observations,32.6,72,16.5,1003.8,69.0,67.0,65.0,67.0,64.0,60.0,1,5,0.5891760872322963,-0.8080046647350754
"Bidhannagar, Kolkata - WBPCB",2026-05-27,60.0,28.8,60.02,9.98,6.16,0.51,38.76,23.03,mean_of_source_observations,29.5,82,13.3,1005.0,72.0,69.0,67.0,69.33333333333333,66.14285714285714,50.0,2,5,0.5751899607119775,-0.8180198708443175
"Bidhannagar, Kolkata - WBPCB",2026-05-28,50.0,24.22,50.33,9.93,10.89,0.53,35.52,23.13,mean_of_source_observations,29.6,79,10.3,1005.7,60.0,72.0,69.0,67.0,66.0,48.0,3,5,0.5610336262283677,-0.8277930117131022
"Bidhannagar, Kolkata - WBPCB",2026-05-29,48.0,20.98,47.95,10.05,11.39,0.56,26.44,23.12,mean_of_source_observations,29.6,71,16.2,1006.2,50.0,60.0,72.0,60.666666666666664,64.28571428571429,46.0,4,5,0.5467112728685939,-0.8373211953118121
"Bidhannagar, Kolkata - WBPCB",2026-05-30,46.0,18.75,46.14,10.05,7.23,0.56,33.25,22.79,mean_of_source_observations,28.2,74,12.4,1006.2,48.0,50.0,60.0,52.666666666666664,61.57142857142857,55.0,5,5,0.5322271388474397,-0.8466016020976267
"Bidhannagar, Kolkata - WBPCB",2026-05-31,55.0,22.57,54.88,10.06,6.98,0.62,33.04,22.66,mean_of_source_observations,30.5,70,13.4,1006.1,46.0,48.0,50.0,48.0,58.857142857142854,54.0,6,5,0.5175855102531889,-0.8556314858488706
"Bidhannagar, Kolkata - WBPCB",2026-06-01,54.0,22.55,53.56,10.06,6.52,0.59,29.06,22.4,mean_of_source_observations,31.8,68,14.2,1006.6,55.0,46.0,48.0,49.666666666666664,57.142857142857146,63.0,0,6,0.5027907197793043,-0.8644081744776648
"Bidhannagar, Kolkata - WBPCB",2026-06-02,63.0,26.26,63.27,10.19,6.65,0.6,38.31,21.89,mean_of_source_observations,32.2,67,10.0,1005.3,54.0,55.0,46.0,51.666666666666664,55.0,61.0,1,6,0.4878471454423119,-0.8729290708206411
"Bidhannagar, Kolkata - WBPCB",2026-06-03,61.0,24.43,61.03,10.16,7.81,0.62,44.36,21.65,mean_of_source_observations,32.2,72,13.2,1002.7,63.0,54.0,55.0,57.333333333333336,53.714285714285715,66.0,2,6,0.47275920928627757,-0.881191653407483
"Bidhannagar, Kolkata - WBPCB",2026-06-04,66.0,28.29,65.61,10.53,6.65,0.59,41.1,21.66,mean_of_source_observations,32.5,73,13.4,1001.3,61.0,63.0,54.0,59.333333333333336,53.857142857142854,50.0,3,6,0.4575313760742512,-0.8891934772070711
"Bidhannagar, Kolkata - WBPCB",2026-06-05,50.0,17.56,50.14,10.58,6.55,0.65,39.59,21.63,mean_of_source_observations,31.3,77,13.5,1001.4,66.0,61.0,63.0,63.333333333333336,56.142857142857146,49.0,4,6,0.44216815196707204,-0.8969321743510065
"Bidhannagar, Kolkata - WBPCB",2026-06-06,49.0,16.88,48.53,10.02,6.56,0.67,41.09,21.86,mean_of_source_observations,29.4,85,11.4,1002.4,50.0,66.0,61.0,59.0,56.42857142857143,48.0,5,6,0.42667408318992467,-0.9044054548343001
"Bidhannagar, Kolkata - WBPCB",2026-06-07,48.0,17.67,47.67,10.29,6.37,0.68,37.8,21.72,mean_of_source_observations,29.1,87,17.7,1002.7,49.0,50.0,66.0,55.0,56.857142857142854,54.0,6,6,0.4110537546870351,-0.9116111071930239
"Bidhannagar, Kolkata - WBPCB",2026-06-08,54.0,20.8,53.92,10.44,6.55,0.72,46.2,21.74,mean_of_source_observations,30.7,78,13.5,1001.0,48.0,49.0,50.0,49.0,55.857142857142854,57.0,0,6,0.3953117887649151,-0.9185469991587165
"Bidhannagar, Kolkata - WBPCB",2026-06-09,57.0,22.09,56.93,10.67,6.53,0.73,52.02,21.59,mean_of_source_observations,31.9,78,11.3,1000.0,54.0,48.0,49.0,50.333333333333336,55.857142857142854,54.0,1,6,0.37945284372454435,-0.925211078289358
"Bidhannagar, Kolkata - WBPCB",2026-06-10,54.0,20.12,54.14,10.62,6.89,0.75,46.42,21.35,mean_of_source_observations,30.4,81,17.0,1001.1,57.0,54.0,48.0,53.0,55.0,43.0,2,6,0.36348161248290634,-0.9316013725767187
"Bidhannagar, Kolkata - WBPCB",2026-06-11,43.0,13.77,43.44,10.95,6.68,0.76,30.31,21.16,mean_of_source_observations,28.8,87,14.4,1003.3,54.0,57.0,54.0,55.0,54.0,54.0,3,6,0.3474028211842774,-0.9377159910299093
"Bidhannagar, Kolkata - WBPCB",2026-06-12,54.0,21.27,54.37,11.15,6.59,0.89,27.59,21.89,mean_of_source_observations,28.4,84,9.3,1005.3,43.0,54.0,57.0,51.333333333333336,50.714285714285715,47.0,4,6,0.3312212278016865,-0.9435531242349544
"Bidhannagar, Kolkata - WBPCB",2026-06-13,47.0,17.95,47.34,10.77,6.46,0.86,41.13,21.58,mean_of_source_observations,28.9,86,11.5,1004.1,54.0,43.0,54.0,50.333333333333336,51.285714285714285,52.0,5,6,0.31494162072895193,-0.9491110448902284
"Bidhannagar, Kolkata - WBPCB",2026-06-14,52.0,27.62,51.84,10.81,6.37,0.89,45.09,21.49,mean_of_source_observations,29.4,83,13.4,1002.5,47.0,54.0,43.0,48.0,51.0,53.0,6,6,0.2985688173637202,-0.9543881083175908
"Bidhannagar, Kolkata - WBPCB",2026-06-15,53.0,22.58,52.91,10.63,6.32,0.9,36.07,21.29,mean_of_source_observations,30.6,80,11.7,1002.7,52.0,47.0,54.0,51.0,51.57142857142857,56.0,0,6,0.2821076626819194,-0.9593827529490743
"Bidhannagar, Kolkata - WBPCB",2026-06-16,56.0,20.35,55.64,10.62,6.41,0.91,33.38,21.28,mean_of_source_observations,31.2,74,11.9,1004.0,53.0,52.0,47.0,50.666666666666664,51.42857142857143,56.0,1,6,0.26556302780405594,-0.9640935007889755
"Bidhannagar, Kolkata - WBPCB",2026-06-17,56.0,21.66,55.74,10.52,6.63,0.92,33.86,21.53,mean_of_source_observations,31.7,73,11.0,1004.1,56.0,53.0,52.0,53.666666666666664,51.285714285714285,61.0,2,6,0.24893980855376657,-0.9685189578512204
"Bidhannagar, Kolkata - WBPCB",2026-06-18,61.0,22.25,61.08,10.05,6.52,0.92,30.16,22.71,mean_of_source_observations,29.8,83,14.0,1003.9,56.0,56.0,53.0,55.0,51.57142857142857,54.0,3,6,0.23224292400907015,-0.9726578145718654
"Bidhannagar, Kolkata - WBPCB",2026-06-19,54.0,13.15,41.92,10.9,6.79,1.07,24.56,23.56,mean_of_source_observations,27.6,87,13.8,1004.6,61.0,56.0,56.0,57.666666666666664,54.142857142857146,48.0,4,6,0.21547731504673012,-0.976508846196619
"Bidhannagar, Kolkata - WBPCB",2026-06-20,48.0,18.93,48.28,9.77,11.12,0.96,12.84,22.77,mean_of_source_observations,30.0,79,12.9,1004.1,54.0,61.0,56.0,57.0,54.142857142857146,49.0,5,6,0.19864794288017112,-0.9800709131432666
"Bidhannagar, Kolkata - WBPCB",2026-06-21,49.0,21.42,48.52,10.81,6.99,0.95,17.42,21.81,mean_of_source_observations,29.3,87,12.2,1003.3,48.0,54.0,61.0,54.333333333333336,54.285714285714285,52.0,6,6,0.18175978759137534,-0.9833429613388902
"Bidhannagar, Kolkata - WBPCB",2026-06-22,52.0,17.21,50.22,11.04,6.67,1.03,25.77,21.92,mean_of_source_observations,28.1,89,13.3,1003.7,49.0,48.0,54.0,50.333333333333336,53.857142857142854,60.0,0,6,0.16481784665719793,-0.9863240225317866
"Bidhannagar, Kolkata - WBPCB",2026-06-23,60.0,23.74,60.49,11.14,6.71,1.06,25.81,22.15,mean_of_source_observations,29.1,86,9.1,1001.3,52.0,49.0,48.0,49.666666666666664,53.714285714285715,67.0,1,6,0.14782713347053048,-0.9890132145779883
"Bidhannagar, Kolkata - WBPCB",2026-06-24,67.0,29.16,67.39,11.24,6.64,1.09,28.6,21.88,mean_of_source_observations,29.3,86,9.8,1001.8,60.0,52.0,49.0,53.666666666666664,54.285714285714285,50.0,2,6,0.13079267585675922,-0.9914097417023038
"Bidhannagar, Kolkata - WBPCB",2026-06-25,50.0,18.02,49.5,11.32,6.72,0.95,33.5,21.92,mean_of_source_observations,29.7,85,12.8,1003.2,67.0,60.0,52.0,59.666666666666664,55.857142857142854,44.0,3,6,0.11371951458594969,-0.9935128947338007
"Bidhannagar, Kolkata - WBPCB",2026-06-26,44.0,9.48,40.22,10.8,7.13,0.87,18.99,21.14,mean_of_source_observations,29.8,80,11.3,1004.2,50.0,67.0,60.0,59.0,54.285714285714285,41.0,4,6,0.0966127018812031,-0.9953220513156602
"Bidhannagar, Kolkata - WBPCB",2026-06-27,41.0,11.26,36.66,10.87,6.92,0.82,19.67,21.07,mean_of_source_observations,30.1,79,12.0,1003.3,44.0,50.0,67.0,53.666666666666664,52.857142857142854,44.0,5,6,0.07947729992362097,-0.9968366760893436
"Bidhannagar, Kolkata - WBPCB",2026-06-28,44.0,15.26,43.57,10.93,6.79,0.84,27.11,21.14,mean_of_source_observations,29.6,84,12.8,1001.9,41.0,44.0,50.0,45.0,51.857142857142854,52.0,6,6,0.062318379354325076,-0.998056320853012
"Bidhannagar, Kolkata - WBPCB",2026-06-29,52.0,23.77,51.86,11.26,7.36,0.91,31.9,21.55,mean_of_source_observations,29.2,89,9.8,1001.1,44.0,41.0,44.0,43.0,51.142857142857146,47.0,0,6,0.04514101777397193,-0.9989806246941579
"Bidhannagar, Kolkata - WBPCB",2026-06-30,47.0,19.76,47.03,10.98,6.73,0.92,25.67,22.19,mean_of_source_observations,28.0,90,9.4,1001.4,52.0,44.0,41.0,45.666666666666664,51.142857142857146,44.0,1,6,0.02795029824021032,-0.999609314096404
"Bidhannagar, Kolkata - WBPCB",2026-07-01,44.0,16.99,41.82,10.7,6.68,0.87,23.01,22.06,mean_of_source_observations,28.6,86,9.9,1000.5,47.0,52.0,44.0,47.666666666666664,49.285714285714285,40.0,2,7,0.01075130776352193,-0.9999422030204416
"Bidhannagar, Kolkata - WBPCB",2026-07-02,40.0,8.35,33.33,10.74,6.98,0.79,25.0,21.43,mean_of_source_observations,28.6,86,12.4,999.9,44.0,47.0,52.0,47.666666666666664,46.0,38.0,3,7,-0.00645086419810515,-0.9999791929590823
"Bidhannagar, Kolkata - WBPCB",2026-07-03,38.0,9.55,31.87,10.67,6.8,0.76,20.7,21.42,mean_of_source_observations,29.6,82,14.4,998.9,40.0,44.0,47.0,43.666666666666664,44.57142857142857,38.0,4,7,-0.023651127245231586,-0.9997202729664083
"Bidhannagar, Kolkata - WBPCB",2026-07-04,38.0,7.93,31.99,10.55,7.0,0.76,23.23,21.49,mean_of_source_observations,29.2,81,20.5,995.6,38.0,40.0,44.0,40.666666666666664,43.714285714285715,38.0,5,7,-0.04084439154329611,-0.9991655196610109
"Bidhannagar, Kolkata - WBPCB",2026-07-05,38.0,12.73,28.31,10.55,6.92,0.76,24.13,21.36,mean_of_source_observations,28.0,88,16.9,994.4,38.0,38.0,40.0,38.666666666666664,43.285714285714285,38.0,6,7,-0.05802556932878035,-0.9983150972033183
"Bidhannagar, Kolkata - WBPCB",2026-07-06,38.0,11.91,32.74,10.71,6.97,0.77,21.47,21.54,mean_of_source_observations,27.7,88,17.6,997.3,38.0,38.0,38.0,38.0,42.42857142857143,48.0,0,7,-0.07518957641475855,-0.9971692572470178
"Bidhannagar, Kolkata - WBPCB",2026-07-07,48.0,20.6,48.26,10.89,6.69,0.76,22.63,21.24,mean_of_source_observations,27.9,90,19.7,1001.2,38.0,38.0,38.0,38.0,40.42857142857143,42.0,1,7,-0.09233133369539122,-0.9957283388645872
"Bidhannagar, Kolkata - WBPCB",2026-07-08,42.0,23.68,41.51,10.95,6.5,0.75,24.75,20.45,mean_of_source_observations,29.4,84,15.3,1001.6,48.0,38.0,38.0,41.333333333333336,40.57142857142857,58.0,2,7,-0.10944576864891556,-0.993992768446958
"Bidhannagar, Kolkata - WBPCB",2026-07-09,58.0,17.62,57.57,10.93,7.25,0.73,34.8,20.79,mean_of_source_observations,27.9,91,17.4,1002.2,42.0,48.0,38.0,42.666666666666664,40.285714285714285,49.0,3,7,-0.12652781683868314,-0.9919630595773397
"Bidhannagar, Kolkata - WBPCB",2026-07-10,49.0,15.25,49.14,11.57,6.83,0.39,25.46,22.82,mean_of_source_observations,27.4,93,14.8,1001.3,58.0,42.0,48.0,49.333333333333336,42.857142857142854,61.0,4,7,-0.1435724234118113,-0.9896398128792412
"Bidhannagar, Kolkata - WBPCB",2026-07-11,61.0,26.21,60.91,11.7,11.71,0.38,34.88,22.04,mean_of_source_observations,28.9,87,13.2,999.9,49.0,58.0,42.0,49.666666666666664,44.42857142857143,90.0,5,7,-0.16057454459499376,-0.9870237158387383
"Bidhannagar, Kolkata - WBPCB",2026-07-12,90.0,44.95,90.31,10.98,6.79,0.4,33.67,22.57,mean_of_source_observations,28.8,88,12.8,998.1,61.0,49.0,58.0,56.0,47.714285714285715,72.0,6,7,-0.17752914918703497,-0.984115542601034
"Bidhannagar, Kolkata - WBPCB",2026-07-13,72.0,37.52,72.16,10.77,6.7,0.39,30.45,22.41,mean_of_source_observations,28.8,89,8.8,999.1,90.0,61.0,49.0,66.66666666666667,55.142857142857146,51.0,0,7,-0.19443122004766195,-0.9809161537413774
"Bidhannagar, Kolkata - WBPCB",2026-07-14,51.0,23.44,51.47,10.77,6.46,0.53,24.47,22.55,mean_of_source_observations,28.7,86,8.0,999.9,72.0,90.0,61.0,74.33333333333333,60.0,42.0,1,7,-0.2112757555821793,-0.9774264960104055
"Bidhannagar, Kolkata - WBPCB",2026-07-15,42.0,14.64,41.88,10.6,6.84,0.51,30.15,22.15,mean_of_source_observations,29.5,80,14.1,1000.0,51.0,72.0,90.0,71.0,60.42857142857143,32.0,2,7,-0.2280577712215198,-0.9736476020539838
"Bidhannagar, Kolkata - WBPCB",2026-07-16,32.0,12.39,31.28,10.36,6.61,0.48,32.29,21.95,mean_of_source_observations,29.0,82,14.5,999.7,42.0,51.0,72.0,55.0,60.42857142857143,42.0,3,7,-0.24477230089725957,-0.9695805901076308
"Bidhannagar, Kolkata - WBPCB",2026-07-17,42.0,23.4,41.95,10.38,10.7,0.52,34.43,21.86,mean_of_source_observations,28.9,84,15.7,1000.4,32.0,42.0,51.0,41.666666666666664,56.714285714285715,47.0,4,7,-0.2614143985111562,-0.965226663665613
"Bidhannagar, Kolkata - WBPCB",2026-07-18,47.0,24.57,46.79,10.31,6.43,0.52,37.27,21.69,mean_of_source_observations,29.1,83,16.2,1001.8,42.0,32.0,42.0,38.666666666666664,55.714285714285715,38.0,5,7,-0.2779791393987801,-0.9605871111248129
"Bidhannagar, Kolkata - WBPCB",2026-07-19,38.0,19.92,38.5,10.3,6.83,0.52,33.71,21.63,mean_of_source_observations,28.7,85,13.2,1003.1,47.0,42.0,32.0,40.333333333333336,53.714285714285715,47.0,6,7,-0.2944616217868012,-0.9556633054034704
"Bidhannagar, Kolkata - WBPCB",2026-07-20,47.0,22.68,46.54,10.58,6.98,0.51,32.0,21.71,mean_of_source_observations,27.9,90,11.5,1003.5,38.0,47.0,42.0,42.333333333333336,46.285714285714285,31.0,0,7,-0.3108569682435036,-0.9504567035349151
"Bidhannagar, Kolkata - WBPCB",2026-07-21,31.0,15.82,30.03,10.7,6.87,0.51,31.04,21.6,mean_of_source_observations,26.8,92,12.9,1003.0,47.0,38.0,47.0,44.0,42.714285714285715,31.0,1,7,-0.3271603271220951,-0.9449688462364056
"Bidhannagar, Kolkata - WBPCB",2026-07-22,31.0,15.59,30.61,10.06,9.59,0.55,25.48,22.57,mean_of_source_observations,26.2,93,11.5,1003.3,31.0,47.0,38.0,38.666666666666664,39.857142857142854,32.0,2,7,-0.34336687399638804,-0.939201357453208
"Bidhannagar, Kolkata - WBPCB",2026-07-23,32.0,14.17,32.29,10.36,5.61,0.65,23.48,22.21,mean_of_source_observations,26.5,92,16.6,1003.1,31.0,31.0,47.0,36.333333333333336,38.285714285714285,40.0,3,7,-0.3594718130884232,-0.9331559438780432
"Bidhannagar, Kolkata - WBPCB",2026-07-24,40.0,20.25,40.42,11.02,5.77,0.74,19.6,22.59,mean_of_source_observations,26.9,90,13.2,1001.4,32.0,31.0,31.0,31.333333333333332,38.285714285714285,41.0,4,7,-0.3754703786876202,-0.9268343944460494
"Bidhannagar, Kolkata - WBPCB",2026-07-25,41.0,17.35,40.97,10.55,5.58,0.71,22.46,22.02,mean_of_source_observations,28.1,85,13.5,1000.1,40.0,32.0,31.0,34.333333333333336,38.0,32.0,5,7,-0.3913578365610259,-0.9202385798054075
"Bidhannagar, Kolkata - WBPCB",2026-07-26,32.0,11.54,30.97,10.45,5.69,0.65,21.05,21.58,mean_of_source_observations,28.4,81,16.7,998.4,41.0,40.0,32.0,37.666666666666664,37.142857142857146,34.0,6,7,-0.4071294853542516,-0.9133704517637858
"Bidhannagar, Kolkata - WBPCB",2026-07-27,34.0,9.47,32.93,10.03,5.46,0.69,21.86,21.98,mean_of_source_observations,27.0,90,19.9,995.3,32.0,41.0,40.0,37.666666666666664,36.285714285714285,36.0,0,7,-0.4227806579826773,-0.9062320427107697
"Bidhannagar, Kolkata - WBPCB",2026-07-28,36.0,14.99,32.57,10.51,5.52,0.72,30.63,21.64,mean_of_source_observations,27.9,85,21.1,996.0,34.0,32.0,41.0,35.666666666666664,34.42857142857143,37.0,1,7,-0.4383067230125192,-0.898825465016444
"Bidhannagar, Kolkata - WBPCB",2026-07-29,37.0,18.42,36.62,10.68,5.37,0.73,27.76,21.56,mean_of_source_observations,27.9,87,13.1,998.5,36.0,34.0,32.0,34.0,35.142857142857146,37.0,2,7,-0.45370308603134424,-0.8911529104063088
"Bidhannagar, Kolkata - WBPCB",2026-07-30,37.0,16.69,37.12,10.56,5.93,0.73,24.19,21.59,mean_of_source_observations,27.8,86,18.1,1000.1,37.0,36.0,34.0,35.666666666666664,36.0,45.0,3,7,-0.46896519100763184,-0.8832166493127127
"Bidhannagar, Kolkata - WBPCB",2026-07-31,45.0,19.47,44.57,10.68,5.7,0.77,24.07,21.49,mean_of_source_observations,28.5,83,13.9,1002.2,37.0,37.0,36.0,36.666666666666664,36.714285714285715,47.0,4,7,-0.48408852163897587,-0.8750190302029955
"Bidhannagar, Kolkata - WBPCB",2026-08-01,47.0,21.45,46.68,10.98,5.67,0.78,29.06,21.61,mean_of_source_observations,28.5,86,12.3,1001.9,45.0,37.0,37.0,39.666666666666664,37.42857142857143,52.0,5,8,-0.4990686026885319,-0.8665624788845385
"Bidhannagar, Kolkata - WBPCB",2026-08-02,52.0,20.94,51.61,11.06,8.51,0.86,13.46,21.27,mean_of_source_observations,28.8,88,13.6,1002.1,47.0,45.0,37.0,43.0,38.285714285714285,55.0,6,8,-0.5139010013093103,-0.8578494977869301
"Bidhannagar, Kolkata - WBPCB",2026-08-03,55.0,23.24,55.13,10.59,6.7,0.9,32.35,22.23,mean_of_source_observations,29.2,88,8.4,1002.8,52.0,47.0,45.0,48.0,41.142857142857146,45.0,0,8,-0.5285813283559292,-0.8488826652214553
"Bidhannagar, Kolkata - WBPCB",2026-08-04,45.0,18.59,43.96,10.28,6.23,0.86,44.77,22.03,mean_of_source_observations,29.4,87,10.8,1003.2,55.0,52.0,47.0,51.333333333333336,44.142857142857146,48.0,1,8,-0.5431052396834317,-0.8396646346181327
"Bidhannagar, Kolkata - WBPCB",2026-08-05,48.0,17.78,46.1,10.68,5.47,0.95,45.67,22.26,mean_of_source_observations,28.4,89,11.5,1001.6,45.0,55.0,52.0,50.666666666666664,45.42857142857143,52.0,2,8,-0.5574684374327892,-0.8301981337405212
"Bidhannagar, Kolkata - WBPCB",2026-08-06,52.0,21.99,52.43,12.04,5.84,1.01,34.92,22.55,mean_of_source_observations,27.7,88,7.6,1001.1,48.0,45.0,55.0,49.333333333333336,47.0,44.0,3,8,-0.5716666713027052,-0.8204859638785327
"Bidhannagar, Kolkata - WBPCB",2026-08-07,44.0,10.47,39.4,14.27,5.31,0.87,24.99,17.57,mean_of_source_observations,27.1,91,11.5,1000.2,52.0,48.0,45.0,48.333333333333336,49.142857142857146,44.0,4,8,-0.5856957398073508,-0.8105309990194823
"Bidhannagar, Kolkata - WBPCB",2026-08-08,44.0,12.22,30.46,14.29,9.12,0.87,25.16,17.48,mean_of_source_observations,27.9,87,16.9,1001.6,44.0,52.0,48.0,48.0,49.0,44.0,5,8,-0.5995514915196489,-0.8003361849976323
"Bidhannagar, Kolkata - WBPCB",2026-08-09,44.0,11.99,32.43,10.5,5.81,0.89,17.07,22.96,mean_of_source_observations,28.6,87,11.4,1002.6,44.0,44.0,52.0,46.666666666666664,48.57142857142857,46.0,6,8,-0.6132298262997502,-0.7899045386224707
"Bidhannagar, Kolkata - WBPCB",2026-08-10,46.0,16.78,39.45,10.66,5.67,0.93,20.95,23.09,mean_of_source_observations,28.7,87,7.3,1001.3,44.0,44.0,44.0,44.0,47.42857142857143,49.0,0,8,-0.6267266965083301,-0.7792391467859886
"Bidhannagar, Kolkata - WBPCB",2026-08-11,49.0,13.56,35.33,11.27,5.72,0.98,23.74,23.5,mean_of_source_observations,28.4,88,8.7,1000.0,46.0,44.0,44.0,44.666666666666664,46.142857142857146,59.0,1,8,-0.6400381082043503,-0.7683431655492202
"Bidhannagar, Kolkata - WBPCB",2026-08-12,59.0,22.65,52.98,11.76,5.6,1.18,24.87,23.89,mean_of_source_observations,28.7,88,8.9,1000.3,49.0,46.0,44.0,46.333333333333336,46.714285714285715,48.0,2,8,-0.65316012232693,-0.7572198192083127
"Bidhannagar, Kolkata - WBPCB",2026-08-13,48.0,9.16,33.98,10.63,5.89,0.95,25.98,22.92,mean_of_source_observations,28.4,88,15.3,999.0,59.0,49.0,46.0,51.333333333333336,48.285714285714285,47.0,3,8,-0.666088855860977,-0.7458723993404063
"Bidhannagar, Kolkata - WBPCB",2026-08-14,47.0,10.52,42.52,10.7,5.64,0.94,27.74,22.7,mean_of_source_observations,28.5,86,16.0,1000.6,48.0,59.0,49.0,52.0,47.714285714285715,44.0,4,8,-0.6788204829862355,-0.734304263829602
"Bidhannagar, Kolkata - WBPCB",2026-08-15,44.0,9.13,35.53,10.37,5.78,0.87,29.53,22.45,mean_of_source_observations,28.1,87,12.5,1000.2,47.0,48.0,59.0,51.333333333333336,48.142857142857146,44.0,5,8,-0.6913512362094071,-0.722518835873311
"Bidhannagar, Kolkata - WBPCB",2026-08-16,44.0,5.37,30.06,10.39,5.92,0.88,28.62,22.61,mean_of_source_observations,27.8,89,15.0,997.8,44.0,47.0,48.0,46.333333333333336,48.142857142857146,48.0,6,8,-0.7036774074790128,-0.7105196029692745
"Bidhannagar, Kolkata - WBPCB",2026-08-17,48.0,7.92,28.65,11.65,5.7,0.95,24.28,22.44,mean_of_source_observations,26.6,94,19.9,998.7,44.0,44.0,47.0,45.0,48.142857142857146,46.0,0,8,-0.7157953492826642,-0.6983101158835584
"Bidhannagar, Kolkata - WBPCB",2026-08-18,46.0,10.23,34.91,11.91,5.55,0.93,24.44,21.55,mean_of_source_observations,28.1,86,19.3,1001.6,48.0,44.0,44.0,45.333333333333336,48.42857142857143,44.0,1,8,-0.7277014757264236,-0.6858939875998223
"Bidhannagar, Kolkata - WBPCB",2026-08-19,44.0,14.17,42.56,11.67,4.18,0.89,23.74,21.22,mean_of_source_observations,29.0,81,12.7,1003.4,46.0,48.0,44.0,46.0,48.0,52.0,2,8,-0.7393922635959241,-0.673274892250183
"Bidhannagar, Kolkata - WBPCB",2026-08-20,52.0,18.75,52.38,10.88,9.49,0.89,17.95,21.74,mean_of_source_observations,29.2,84,9.6,1003.3,44.0,46.0,48.0,46.0,45.857142857142854,61.0,3,8,-0.7508642533989489,-0.6604565640279754
"Bidhannagar, Kolkata - WBPCB",2026-08-21,61.0,26.07,60.88,10.4,6.57,0.9,14.8,22.53,mean_of_source_observations,29.8,86,7.4,1001.9,52.0,44.0,46.0,47.333333333333336,46.42857142857143,59.0,4,8,-0.7621140503891487,-0.6474427960827475
"Bidhannagar, Kolkata - WBPCB",2026-08-22,59.0,28.19,59.02,10.49,6.63,0.85,14.5,21.99,mean_of_source_observations,29.6,85,12.9,1001.3,61.0,52.0,44.0,52.333333333333336,48.42857142857143,41.0,5,8,-0.7731383255706026,-0.6342374393978054
"Bidhannagar, Kolkata - WBPCB",2026-08-23,41.0,7.57,31.52,10.67,6.59,0.82,11.59,21.43,mean_of_source_observations,29.4,82,14.6,1000.8,59.0,61.0,52.0,57.333333333333336,50.57142857142857,35.0,6,8,-0.7839338166829201,-0.620844401650647
"Bidhannagar, Kolkata - WBPCB",2026-08-24,35.0,9.16,30.35,10.89,6.58,0.7,18.9,21.13,mean_of_source_observations,28.3,87,14.6,1001.4,41.0,59.0,61.0,53.666666666666664,50.142857142857146,37.0,0,8,-0.7944973291665992,-0.6072676460566135
"Bidhannagar, Kolkata - WBPCB",2026-08-25,37.0,10.03,37.06,10.91,6.58,0.5,27.62,20.93,mean_of_source_observations,28.8,85,15.4,1002.9,35.0,41.0,59.0,45.0,48.285714285714285,51.0,1,8,-0.8048257371083452,-0.593511190196115
"Bidhannagar, Kolkata - WBPCB",2026-08-26,51.0,8.61,40.93,10.88,6.51,0.45,50.57,20.95,mean_of_source_observations,29.0,87,10.1,1002.4,37.0,35.0,41.0,37.666666666666664,47.0,58.0,2,8,-0.8149159841660791,-0.5795791048257612
"Bidhannagar, Kolkata - WBPCB",2026-08-27,58.0,24.94,58.09,11.0,6.83,0.29,34.09,21.17,mean_of_source_observations,29.5,87,8.9,1001.4,51.0,37.0,35.0,41.0,48.0,48.0,3,8,-0.8247650844733614,-0.5654755126737576
"Bidhannagar, Kolkata - WBPCB",2026-08-28,48.0,17.29,48.19,11.19,6.54,0.53,33.77,20.79,mean_of_source_observations,29.2,89,10.7,1000.7,58.0,51.0,37.0,48.666666666666664,48.857142857142854,42.0,4,8,-0.8343701235229537,-0.5512045872199277
"Bidhannagar, Kolkata - WBPCB",2026-08-29,42.0,13.94,41.52,11.04,6.58,0.52,26.63,20.67,mean_of_source_observations,29.4,85,14.5,999.7,48.0,58.0,51.0,52.333333333333336,47.0,34.0,5,8,-0.8437282590292712,-0.5367705514607103
"Bidhannagar, Kolkata - WBPCB",2026-08-30,34.0,8.25,34.06,11.17,6.58,0.44,28.35,20.32,mean_of_source_observations,28.4,90,13.8,998.4,42.0,48.0,58.0,49.333333333333336,44.57142857142857,35.0,6,8,-0.8528367217694595,-0.522177676659508
"Fort William, Kolkata - WBPCB",2024-01-08,117.0,64.96,105.97,32.18,7.09,0.83,17.67,24.06,mean_of_source_observations,19.5,80,13.3,1017.5,105.0,105.0,118.0,109.33333333333333,118.85714285714286,114.0,0,1,0.13718540405660057,0.9905453876091833
"Fort William, Kolkata - WBPCB",2024-01-09,114.0,52.8,119.52,26.68,5.19,0.79,27.26,25.04,mean_of_source_observations,19.0,77,10.1,1016.6,117.0,105.0,105.0,109.0,114.42857142857143,120.0,1,1,0.1542040475626894,0.988039023376751
"Fort William, Kolkata - WBPCB",2024-01-10,120.0,65.67,109.33,31.49,6.98,0.79,29.37,27.44,mean_of_source_observations,19.9,76,8.7,1015.0,114.0,117.0,105.0,112.0,114.14285714285714,117.0,2,1,0.17117705961019986,0.985240282501282
"Fort William, Kolkata - WBPCB",2024-01-11,117.0,64.71,122.7,30.18,9.79,0.87,25.77,24.73,mean_of_source_observations,19.2,76,12.1,1016.3,120.0,114.0,117.0,117.0,114.0,106.0,3,1,0.18809941761179758,0.9821499931752291
"Fort William, Kolkata - WBPCB",2024-01-12,106.0,59.54,106.97,29.08,9.25,0.81,22.03,22.08,mean_of_source_observations,16.6,76,15.3,1016.2,117.0,120.0,114.0,117.0,113.71428571428571,111.0,4,1,0.20496611396949532,0.9787690698649216
"Fort William, Kolkata - WBPCB",2024-01-13,111.0,63.17,103.19,33.32,7.96,0.7,22.29,22.02,mean_of_source_observations,16.0,75,11.8,1015.9,106.0,117.0,120.0,114.33333333333333,112.0,102.0,5,1,0.22177215755648186,0.975098513039961
"Fort William, Kolkata - WBPCB",2024-01-14,102.0,58.78,101.0,34.51,8.29,0.83,28.1,29.27,mean_of_source_observations,15.7,77,10.6,1015.4,111.0,106.0,117.0,111.33333333333333,112.85714285714286,102.0,6,1,0.23851257519407648,0.9711394088771653
"Fort William, Kolkata - WBPCB",2024-01-15,102.0,57.97,101.5,35.75,7.03,0.86,28.94,24.29,mean_of_source_observations,15.5,81,10.8,1015.0,102.0,111.0,106.0,106.33333333333333,112.42857142857143,123.0,0,1,0.2551824131233728,0.9668929289391521
"Fort William, Kolkata - WBPCB",2024-01-16,123.0,66.75,110.81,19.77,8.8,0.83,28.48,23.51,mean_of_source_observations,16.6,77,9.0,1014.5,102.0,102.0,111.0,105.0,110.28571428571429,120.0,1,1,0.2717767384711357,0.9623603298276545
"Fort William, Kolkata - WBPCB",2024-01-17,120.0,63.18,129.21,34.3,8.56,0.81,20.63,28.41,mean_of_source_observations,17.7,78,9.7,1014.8,123.0,102.0,102.0,109.0,111.57142857142857,139.0,2,1,0.2882906407095177,0.9575429528116719
"Fort William, Kolkata - WBPCB",2024-01-18,139.0,71.48,119.26,30.53,5.75,0.82,23.25,28.34,mean_of_source_observations,17.3,91,13.4,1014.8,120.0,123.0,102.0,115.0,111.57142857142857,148.0,3,1,0.3047192331091634,0.9524422234305676
"Fort William, Kolkata - WBPCB",2024-01-19,148.0,74.37,114.79,29.74,6.81,0.87,22.91,27.43,mean_of_source_observations,18.3,85,10.1,1016.2,139.0,120.0,123.0,127.33333333333333,114.71428571428571,119.0,4,1,0.321057654185271,0.9470596510722283
"Fort William, Kolkata - WBPCB",2024-01-20,119.0,65.4,108.47,37.22,10.69,0.79,29.32,24.21,mean_of_source_observations,17.6,79,8.4,1016.4,148.0,139.0,120.0,135.66666666666666,120.71428571428571,113.0,5,1,0.3373010691361842,0.9413968285264122
"Fort William, Kolkata - WBPCB",2024-01-21,113.0,63.59,111.23,35.89,8.4,0.87,27.2,22.93,mean_of_source_observations,17.3,84,8.5,1016.1,119.0,148.0,139.0,135.33333333333334,121.85714285714286,134.0,6,1,0.3534446712740877,0.9354554315134164
"Fort William, Kolkata - WBPCB",2024-01-22,134.0,70.02,107.82,36.15,9.6,0.85,20.96,24.7,mean_of_source_observations,15.7,79,11.9,1018.2,113.0,119.0,148.0,126.66666666666667,123.42857142857143,108.0,0,1,0.3694836834473831,0.9292372181882051
"Fort William, Kolkata - WBPCB",2024-01-23,108.0,54.16,110.59,28.31,8.48,0.79,29.89,18.42,mean_of_source_observations,16.5,76,10.2,1016.8,134.0,113.0,119.0,122.0,128.0,111.0,1,1,0.38541335945432564,0.9227440286201427
"Fort William, Kolkata - WBPCB",2024-01-24,111.0,56.64,114.98,33.44,6.52,0.77,22.93,22.97,mean_of_source_observations,17.7,80,9.6,1016.9,108.0,134.0,113.0,118.33333333333333,125.85714285714286,113.0,2,1,0.4012289854475009,0.9159777842484877
"Fort William, Kolkata - WBPCB",2024-01-25,113.0,61.34,118.22,22.61,8.96,0.8,23.23,28.88,mean_of_source_observations,17.3,83,10.5,1018.7,111.0,108.0,134.0,117.66666666666667,124.57142857142857,113.0,3,1,0.4169258813287287,0.908940487313808
"Fort William, Kolkata - WBPCB",2024-01-26,113.0,63.71,110.62,26.5,8.91,0.71,25.54,23.32,mean_of_source_observations,17.2,73,12.5,1019.6,113.0,111.0,108.0,110.66666666666667,120.85714285714286,113.0,4,1,0.4324994021339788,0.901634220265486
"Fort William, Kolkata - WBPCB",2024-01-27,113.0,62.59,118.03,28.34,9.56,0.85,23.36,25.69,mean_of_source_observations,16.4,71,12.6,1019.3,113.0,113.0,111.0,112.33333333333333,115.85714285714286,110.0,5,1,0.44794493940789115,0.8940611451454876
"Fort William, Kolkata - WBPCB",2024-01-28,110.0,62.59,112.5,28.99,9.29,0.86,21.18,26.26,mean_of_source_observations,16.6,74,11.0,1018.8,113.0,113.0,113.0,113.0,115.0,119.0,6,1,0.4632579225674917,0.88622350294858
"Fort William, Kolkata - WBPCB",2024-01-29,119.0,65.39,110.06,26.09,6.49,0.81,29.58,17.93,mean_of_source_observations,17.9,74,9.5,1017.2,110.0,113.0,113.0,112.0,114.57142857142857,112.0,0,1,0.4784338202547012,0.8781236129591848
"Fort William, Kolkata - WBPCB",2024-01-30,112.0,61.88,116.03,35.82,8.88,0.92,27.1,28.58,mean_of_source_observations,19.7,82,12.5,1015.8,119.0,110.0,113.0,114.0,112.42857142857143,116.0,1,1,0.49346814167723735,0.8697638720650646
"Fort William, Kolkata - WBPCB",2024-01-31,116.0,64.41,108.82,29.56,10.29,0.84,23.22,19.8,mean_of_source_observations,20.1,88,12.4,1015.7,112.0,119.0,110.0,113.66666666666667,113.0,110.0,2,1,0.5083564379375122,0.8611467540480452
"Fort William, Kolkata - WBPCB",2024-02-01,110.0,62.86,113.06,25.57,5.73,0.85,30.31,20.79,mean_of_source_observations,20.5,91,12.5,1015.9,116.0,112.0,119.0,115.66666666666667,113.71428571428571,109.0,3,2,0.5230943033491326,0.8522748088519838
"Fort William, Kolkata - WBPCB",2024-02-02,109.0,58.89,112.12,25.12,8.17,0.77,25.79,21.75,mean_of_source_observations,20.7,85,10.3,1015.1,110.0,116.0,112.0,112.66666666666667,113.28571428571429,114.0,4,2,0.5376773767406141,0.8431506618282
"Fort William, Kolkata - WBPCB",2024-02-03,114.0,57.57,119.88,30.25,8.06,0.78,22.62,27.05,mean_of_source_observations,20.6,74,13.2,1016.2,109.0,110.0,116.0,111.66666666666667,112.71428571428571,108.0,5,2,0.5521013427459208,0.8337770129585915
"Fort William, Kolkata - WBPCB",2024-02-04,108.0,56.56,111.29,28.32,6.44,0.81,20.64,27.71,mean_of_source_observations,19.9,73,11.4,1017.3,114.0,109.0,110.0,111.0,112.85714285714286,111.0,6,2,0.5663619330814524,0.8241566360566663
"Fort William, Kolkata - WBPCB",2024-02-05,111.0,63.06,114.32,31.37,7.29,0.91,23.07,18.7,mean_of_source_observations,21.2,79,9.3,1016.6,108.0,114.0,109.0,110.33333333333333,112.57142857142857,104.0,0,2,0.580454927809098,0.8142923779467267
"Fort William, Kolkata - WBPCB",2024-02-06,104.0,60.12,103.83,27.33,8.69,0.81,22.71,27.94,mean_of_source_observations,23.0,87,13.2,1015.7,111.0,108.0,114.0,111.0,111.42857142857143,132.0,1,2,0.5943761565849831,0.804187157621448
"Fort William, Kolkata - WBPCB",2024-02-07,132.0,69.36,109.54,31.49,10.87,0.83,26.69,25.72,mean_of_source_observations,21.5,78,12.7,1016.1,104.0,111.0,108.0,107.66666666666667,110.28571428571429,115.0,2,2,0.6081214998935418,0.7938439653781019
"Fort William, Kolkata - WBPCB",2024-02-08,115.0,61.46,120.7,33.63,7.83,0.84,22.6,23.69,mean_of_source_observations,19.6,60,11.3,1016.3,132.0,104.0,111.0,115.66666666666667,112.57142857142857,132.0,3,2,0.6216868902665479,0.7832658619336791
"Fort William, Kolkata - WBPCB",2024-02-09,132.0,69.48,120.86,26.29,8.13,0.9,21.55,26.1,mean_of_source_observations,18.2,63,12.3,1018.6,115.0,132.0,104.0,117.0,113.28571428571429,111.0,4,2,0.6350683134867438,0.7724559775191742
"Fort William, Kolkata - WBPCB",2024-02-10,111.0,55.4,115.58,31.97,7.25,0.81,26.93,21.18,mean_of_source_observations,18.5,66,12.4,1018.8,132.0,115.0,132.0,126.33333333333333,116.57142857142857,105.0,5,2,0.6482618097757122,0.7614175109532997
"Fort William, Kolkata - WBPCB",2024-02-11,105.0,60.76,106.22,30.11,4.86,0.79,21.85,27.03,mean_of_source_observations,20.3,64,10.5,1018.8,111.0,132.0,115.0,119.33333333333333,116.14285714285714,104.0,6,2,0.6612634749656386,0.7501537286959042
"Fort William, Kolkata - WBPCB",2024-02-12,104.0,54.38,103.97,30.44,7.73,0.81,22.27,29.51,mean_of_source_observations,21.4,63,9.7,1018.7,105.0,111.0,132.0,116.0,115.71428571428571,103.0,0,2,0.6740694616546161,0.7386679638813748
"Fort William, Kolkata - WBPCB",2024-02-13,103.0,59.48,103.54,24.29,6.7,0.8,27.37,19.3,mean_of_source_observations,22.6,70,9.0,1017.9,104.0,105.0,111.0,106.66666666666667,114.71428571428571,114.0,1,2,0.6866759803451553,0.726963615332308
"Fort William, Kolkata - WBPCB",2024-02-14,114.0,64.05,105.27,32.93,9.51,0.83,21.99,24.04,mean_of_source_observations,22.3,73,9.8,1016.5,103.0,104.0,105.0,104.0,114.57142857142857,109.0,2,2,0.6990793005655562,0.7150441465537444
"Fort William, Kolkata - WBPCB",2024-02-15,109.0,58.35,111.83,33.26,5.51,0.85,24.13,22.39,mean_of_source_observations,22.5,76,20.5,1016.9,114.0,103.0,104.0,107.0,112.0,103.0,3,2,0.7112757519738152,0.7029130847082615
"Fort William, Kolkata - WBPCB",2024-02-16,103.0,58.73,103.43,22.71,6.37,0.82,28.0,23.02,mean_of_source_observations,22.9,75,10.8,1017.1,109.0,114.0,103.0,108.66666666666667,111.14285714285714,107.0,4,2,0.7232617254437388,0.6905740195722294
"Fort William, Kolkata - WBPCB",2024-02-17,107.0,61.68,100.81,31.25,8.85,0.87,30.34,24.82,mean_of_source_observations,21.7,72,11.5,1014.2,103.0,109.0,114.0,108.66666666666667,107.0,129.0,5,2,0.7350336741329412,0.6780306024735382
"Fort William, Kolkata - WBPCB",2024-02-18,129.0,68.47,99.31,44.06,7.69,0.87,22.96,26.3,mean_of_source_observations,22.9,74,9.5,1013.5,107.0,103.0,109.0,106.33333333333333,106.42857142857143,103.0,6,2,0.746588114532413,0.6652865452111116
"Fort William, Kolkata - WBPCB",2024-02-19,103.0,55.38,102.38,28.29,8.39,0.8,27.04,27.1,mean_of_source_observations,24.0,82,11.0,1013.4,129.0,107.0,103.0,113.0,109.85714285714286,92.0,0,2,0.7579216274973472,0.6523456189565257
"Fort William, Kolkata - WBPCB",2024-02-20,92.0,54.48,91.99,32.82,8.94,0.79,23.81,28.18,mean_of_source_observations,25.2,82,18.9,1011.0,103.0,129.0,107.0,113.0,109.71428571428571,96.0,1,2,0.7690308592589181,0.6392116531380588
"Fort William, Kolkata - WBPCB",2024-02-21,96.0,56.15,95.86,28.72,6.94,0.87,24.32,21.6,mean_of_source_observations,25.0,77,10.5,1009.6,92.0,103.0,129.0,108.0,108.14285714285714,99.0,2,2,0.7799125224167177,0.6258885343075018
"Fort William, Kolkata - WBPCB",2024-02-22,99.0,58.2,99.44,22.2,8.55,0.89,19.99,25.09,mean_of_source_observations,24.7,82,16.7,1009.6,96.0,92.0,103.0,97.0,105.57142857142857,104.0,3,2,0.7905633969115482,0.612380204990065
"Fort William, Kolkata - WBPCB",2024-02-23,104.0,55.04,103.82,32.09,7.68,0.77,28.63,25.9,mean_of_source_observations,23.2,74,18.7,1012.8,99.0,96.0,92.0,95.66666666666667,104.14285714285714,113.0,4,2,0.8009803309782905,0.5986906625177214
"Fort William, Kolkata - WBPCB",2024-02-24,113.0,59.62,118.08,31.03,7.04,0.82,25.27,22.5,mean_of_source_observations,22.9,71,15.5,1014.5,104.0,99.0,96.0,99.66666666666667,104.28571428571429,109.0,5,2,0.8111602420785621,0.5848239578463322
"Fort William, Kolkata - WBPCB",2024-02-25,109.0,61.53,111.42,27.29,7.7,0.83,21.92,27.51,mean_of_source_observations,21.1,70,19.1,1015.7,113.0,104.0,99.0,105.33333333333333,105.14285714285714,105.0,6,2,0.8211001178128892,0.5707841943569036
"Fort William, Kolkata - WBPCB",2024-02-26,105.0,52.2,106.81,26.66,9.85,0.72,24.03,26.91,mean_of_source_observations,22.3,65,11.2,1015.9,109.0,113.0,104.0,108.66666666666667,102.28571428571429,117.0,0,2,0.8307970168121247,0.5565755266413303
"Fort William, Kolkata - WBPCB",2024-02-27,117.0,64.9,92.93,20.49,5.96,0.84,32.7,23.6,mean_of_source_observations,22.8,64,8.2,1014.6,105.0,109.0,113.0,109.0,102.57142857142857,101.0,1,2,0.8402480696078469,0.5422021592729844
"Fort William, Kolkata - WBPCB",2024-02-28,101.0,50.69,100.55,33.38,13.04,0.8,27.19,19.57,mean_of_source_observations,23.8,72,10.5,1012.8,117.0,105.0,109.0,110.33333333333333,106.14285714285714,107.0,2,2,0.8494504794814806,0.527668345562516
"Fort William, Kolkata - WBPCB",2024-02-29,107.0,58.52,108.73,35.27,10.16,0.87,23.24,30.89,mean_of_source_observations,23.9,66,9.7,1013.3,101.0,117.0,105.0,107.66666666666667,106.85714285714286,110.0,3,2,0.8584015232918917,0.512978386299228
"Fort William, Kolkata - WBPCB",2024-03-01,110.0,57.2,113.07,25.65,7.12,0.85,28.14,20.03,mean_of_source_observations,24.0,65,9.9,1014.0,107.0,101.0,117.0,108.33333333333333,108.0,117.0,4,3,0.8670985522812081,0.4981366284784055
"Fort William, Kolkata - WBPCB",2024-03-02,117.0,64.81,85.78,28.52,7.76,0.9,22.57,29.04,mean_of_source_observations,24.8,69,8.9,1013.0,110.0,107.0,101.0,106.0,108.85714285714286,109.0,5,3,0.8755389928586302,0.4831474640149687
"Fort William, Kolkata - WBPCB",2024-03-03,109.0,53.07,112.86,19.12,7.48,0.82,27.5,21.77,mean_of_source_observations,25.7,75,7.7,1012.3,117.0,110.0,107.0,111.33333333333333,109.42857142857143,102.0,6,3,0.8837203473619977,0.4680153284438345
"Fort William, Kolkata - WBPCB",2024-03-04,102.0,55.6,100.94,25.23,8.3,0.87,27.75,24.96,mean_of_source_observations,25.3,69,21.7,1012.3,109.0,117.0,110.0,112.0,109.42857142857143,107.0,0,3,0.8916401947968874,0.45274469960737107
"Fort William, Kolkata - WBPCB",2024-03-05,107.0,57.39,108.62,28.58,8.2,0.75,25.4,25.52,mean_of_source_observations,25.4,73,11.4,1012.4,102.0,109.0,117.0,109.33333333333333,109.0,98.0,1,3,0.8992961915530253,0.4373400963303323
"Fort William, Kolkata - WBPCB",2024-03-06,98.0,58.74,97.08,24.13,9.99,0.84,24.19,21.89,mean_of_source_observations,23.8,64,12.6,1012.7,107.0,102.0,109.0,106.0,107.57142857142857,101.0,2,3,0.9066860720977985,0.4218060770826634
"Fort William, Kolkata - WBPCB",2024-03-07,101.0,53.47,100.44,24.08,10.29,0.79,31.06,21.21,mean_of_source_observations,23.8,64,11.0,1012.0,98.0,107.0,102.0,102.33333333333333,107.14285714285714,109.0,3,3,0.9138076496466615,0.40614723863057883
"Fort William, Kolkata - WBPCB",2024-03-08,109.0,62.32,91.41,23.76,9.66,0.76,20.8,25.19,mean_of_source_observations,24.1,54,12.6,1012.3,101.0,98.0,107.0,102.0,106.28571428571429,101.0,4,3,0.9206588168102428,0.3903682146763026
"Fort William, Kolkata - WBPCB",2024-03-09,101.0,48.31,100.59,26.47,7.74,0.82,29.71,24.56,mean_of_source_observations,23.3,55,11.5,1013.4,109.0,101.0,98.0,102.66666666666667,106.14285714285714,108.0,5,3,0.9272375462179537,0.374473674486883
"Fort William, Kolkata - WBPCB",2024-03-10,108.0,49.21,110.97,33.97,8.25,0.78,20.04,22.63,mean_of_source_observations,23.3,56,11.2,1014.8,101.0,109.0,101.0,103.66666666666667,103.85714285714286,107.0,6,3,0.9335418911179212,0.35846832151248087
"Fort William, Kolkata - WBPCB",2024-03-11,107.0,53.2,108.74,29.55,6.97,0.8,25.11,23.84,mean_of_source_observations,24.6,56,10.7,1014.1,108.0,101.0,109.0,106.0,103.71428571428571,104.0,0,3,0.9395699859530622,0.342356891994542
"Fort William, Kolkata - WBPCB",2024-03-12,104.0,48.59,104.64,24.07,7.08,0.74,24.47,20.81,mean_of_source_observations,27.1,76,13.5,1011.5,107.0,108.0,101.0,105.33333333333333,104.42857142857143,92.0,1,3,0.945320046913132,0.3261441535642696
"Fort William, Kolkata - WBPCB",2024-03-13,92.0,45.24,91.95,27.65,10.22,0.72,28.78,22.38,mean_of_source_observations,27.7,74,15.2,1011.3,104.0,107.0,108.0,106.33333333333333,104.0,97.0,2,3,0.9507903724625832,0.3098349038318025
"Fort William, Kolkata - WBPCB",2024-03-14,97.0,58.22,95.64,32.12,8.89,0.92,21.04,20.7,mean_of_source_observations,26.1,85,18.7,1011.1,92.0,104.0,107.0,101.0,103.14285714285714,93.0,3,3,0.9559793438440766,0.2934339689665273
"Fort William, Kolkata - WBPCB",2024-03-15,93.0,55.46,92.56,24.26,6.61,0.82,24.07,24.83,mean_of_source_observations,26.6,81,21.0,1011.6,97.0,92.0,104.0,97.66666666666667,102.57142857142857,99.0,4,3,0.9608854255574977,0.27694620226893646
"Fort William, Kolkata - WBPCB",2024-03-16,99.0,40.69,98.99,24.15,9.64,0.73,19.79,20.93,mean_of_source_observations,26.9,83,12.4,1013.0,93.0,97.0,92.0,94.0,100.28571428571429,103.0,5,3,0.9655071658143364,0.2603764827344581
"Fort William, Kolkata - WBPCB",2024-03-17,103.0,54.91,103.23,28.58,8.27,0.73,23.18,23.6,mean_of_source_observations,25.9,82,9.5,1012.9,99.0,93.0,97.0,96.33333333333333,100.0,93.0,6,3,0.969843196967294,0.24372971360968387
"Fort William, Kolkata - WBPCB",2024-03-18,93.0,55.49,86.56,24.92,10.06,0.79,24.94,28.24,mean_of_source_observations,25.6,85,12.8,1012.1,103.0,99.0,93.0,98.33333333333333,99.28571428571429,91.0,0,3,0.9738922359149924,0.22701082094141847
"Fort William, Kolkata - WBPCB",2024-03-19,91.0,44.72,90.84,26.92,7.19,0.76,25.57,27.01,mean_of_source_observations,25.7,80,21.1,1012.1,93.0,103.0,99.0,98.33333333333333,97.28571428571429,102.0,1,3,0.9776530844816641,0.2102247521189836
"Fort William, Kolkata - WBPCB",2024-03-20,102.0,55.24,101.23,24.82,7.26,0.75,29.51,24.86,mean_of_source_observations,21.2,90,11.0,1013.8,91.0,93.0,103.0,95.66666666666667,95.42857142857143,102.0,2,3,0.981124629771712,0.19337647441020586
"Fort William, Kolkata - WBPCB",2024-03-21,102.0,42.04,101.98,23.74,8.6,0.77,21.26,27.21,mean_of_source_observations,21.3,87,8.7,1013.0,102.0,91.0,93.0,95.33333333333333,96.85714285714286,85.0,3,3,0.984305844499033,0.17647097349152166
"Fort William, Kolkata - WBPCB",2024-03-22,85.0,46.21,84.19,35.59,8.67,0.76,24.47,20.15,mean_of_source_observations,22.9,80,8.2,1010.0,102.0,102.0,91.0,98.33333333333333,97.57142857142857,92.0,4,3,0.9871957872910085,0.15951325197263655
"Fort William, Kolkata - WBPCB",2024-03-23,92.0,47.38,92.08,20.96,7.64,0.82,30.12,20.11,mean_of_source_observations,25.3,80,16.6,1008.5,85.0,102.0,102.0,96.33333333333333,96.42857142857143,102.0,5,3,0.9897936029670716,0.14250832791617088
"Fort William, Kolkata - WBPCB",2024-03-24,102.0,50.03,101.33,22.63,5.36,0.79,20.55,20.55,mean_of_source_observations,27.9,81,19.4,1009.9,92.0,85.0,102.0,93.0,95.42857142857143,101.0,6,3,0.992098522791769,0.12546123335273648
"Fort William, Kolkata - WBPCB",2024-03-25,101.0,49.22,100.72,26.13,9.31,0.81,21.35,24.64,mean_of_source_observations,27.0,84,16.6,1010.4,102.0,92.0,85.0,93.0,95.28571428571429,88.0,0,3,0.9941098647022418,0.10837701279187609
"Fort William, Kolkata - WBPCB",2024-03-26,88.0,48.05,88.25,26.91,7.29,0.81,22.84,22.4,mean_of_source_observations,27.2,81,10.8,1011.2,101.0,102.0,92.0,98.33333333333333,96.42857142857143,99.0,1,3,0.9958270335100595,0.09126072172931188
"Fort William, Kolkata - WBPCB",2024-03-27,99.0,42.67,98.47,23.29,12.01,0.78,26.65,19.21,mean_of_source_observations,28.1,79,15.0,1012.1,88.0,101.0,102.0,97.0,96.0,93.0,2,3,0.9972495210773451,0.07411742515094437
"Fort William, Kolkata - WBPCB",2024-03-28,93.0,53.43,92.61,22.33,6.2,0.81,23.93,26.75,mean_of_source_observations,28.0,79,17.8,1009.5,99.0,88.0,101.0,96.0,95.57142857142857,82.0,3,3,0.998376906467142,0.056952196034039754
"Fort William, Kolkata - WBPCB",2024-03-29,82.0,48.98,82.14,23.37,8.74,0.88,28.25,26.3,mean_of_source_observations,28.6,83,16.9,1008.3,93.0,99.0,88.0,93.33333333333333,94.28571428571429,102.0,4,3,0.9992088560679753,0.03977011384605572
"Fort William, Kolkata - WBPCB",2024-03-30,102.0,43.0,101.29,21.91,7.77,0.81,25.82,23.99,mean_of_source_observations,29.3,79,17.8,1009.3,82.0,93.0,99.0,91.33333333333333,93.85714285714286,85.0,5,3,0.9997451236925734,0.022576263041545485
"Fort William, Kolkata - WBPCB",2024-03-31,85.0,42.47,85.07,24.97,9.01,0.85,21.21,28.93,mean_of_source_observations,28.8,81,20.6,1008.8,102.0,82.0,93.0,92.33333333333333,95.28571428571429,87.0,6,3,0.9999855506507186,0.005375731557583884
"Fort William, Kolkata - WBPCB",2024-04-01,87.0,51.27,86.66,18.11,7.29,0.76,24.99,25.74,mean_of_source_observations,30.3,64,13.9,1005.5,85.0,102.0,82.0,89.66666666666667,92.85714285714286,79.0,0,4,0.9999300657962057,-0.011826390691832589
"Fort William, Kolkata - WBPCB",2024-04-02,79.0,47.32,75.19,21.44,9.5,0.73,22.08,23.46,mean_of_source_observations,30.1,69,13.2,1005.2,87.0,85.0,102.0,91.33333333333333,90.85714285714286,83.0,1,4,0.9995786855478958,-0.029025013321975237
"Fort William, Kolkata - WBPCB",2024-04-03,83.0,39.74,82.68,24.18,8.43,0.78,21.66,19.85,mean_of_source_observations,30.2,75,15.6,1007.3,79.0,87.0,85.0,83.66666666666667,89.57142857142857,81.0,2,4,0.9989315138848577,-0.046215046983708354
"Fort William, Kolkata - WBPCB",2024-04-04,81.0,41.74,80.47,24.67,6.09,0.77,27.76,24.8,mean_of_source_observations,30.0,82,20.8,1006.8,83.0,79.0,87.0,83.0,87.28571428571429,80.0,3,4,0.9979887423155984,-0.06339140486951038
"Fort William, Kolkata - WBPCB",2024-04-05,80.0,47.94,71.96,22.0,6.73,0.75,27.39,24.45,mean_of_source_observations,31.5,77,18.3,1004.9,81.0,83.0,79.0,81.0,85.57142857142857,88.0,4,4,0.9967506498213929,-0.08054900421874167
"Fort William, Kolkata - WBPCB",2024-04-06,88.0,33.6,87.85,24.89,6.88,0.7,25.6,19.74,mean_of_source_observations,30.7,80,19.1,1005.6,80.0,81.0,83.0,81.33333333333333,85.28571428571429,79.0,5,4,0.9952176027737294,-0.09768276782171598
"Fort William, Kolkata - WBPCB",2024-04-07,79.0,38.34,78.69,13.03,8.67,0.79,25.47,25.94,mean_of_source_observations,30.2,75,17.8,1006.9,88.0,80.0,81.0,83.0,83.28571428571429,91.0,6,4,0.9933900548258936,-0.11478762552212701
"Fort William, Kolkata - WBPCB",2024-04-08,91.0,45.33,90.32,21.58,8.63,0.8,27.95,22.43,mean_of_source_observations,27.3,70,22.1,1010.3,79.0,88.0,80.0,82.33333333333333,82.42857142857143,81.0,0,4,0.9912685467787256,-0.13185851571739118
"Fort William, Kolkata - WBPCB",2024-04-09,81.0,35.89,80.6,18.65,8.96,0.69,26.24,23.23,mean_of_source_observations,28.1,64,10.9,1010.0,91.0,79.0,88.0,86.0,83.0,91.0,1,4,0.9888537064205885,-0.1488903868564548
"Fort William, Kolkata - WBPCB",2024-04-10,91.0,48.65,90.64,23.63,6.83,0.86,30.51,22.99,mean_of_source_observations,29.1,62,14.5,1010.0,81.0,91.0,79.0,83.66666666666667,83.28571428571429,82.0,2,4,0.986146248341595,-0.16587819893463143
"Fort William, Kolkata - WBPCB",2024-04-11,82.0,35.6,82.04,23.07,7.45,0.81,22.7,22.98,mean_of_source_observations,27.3,72,16.6,1011.3,91.0,81.0,91.0,87.66666666666667,84.42857142857143,80.0,3,4,0.9831469737221499,-0.1828169249850199
"Fort William, Kolkata - WBPCB",2024-04-12,80.0,33.94,79.63,27.5,7.64,0.77,26.23,24.97,mean_of_source_observations,28.4,64,9.0,1010.5,82.0,91.0,81.0,84.66666666666667,84.57142857142857,79.0,4,4,0.9798567700958665,-0.1997015525660636
"Fort William, Kolkata - WBPCB",2024-04-13,79.0,33.8,78.94,17.69,7.55,0.71,25.99,24.51,mean_of_source_observations,29.4,63,9.2,1009.9,80.0,82.0,91.0,84.33333333333333,84.57142857142857,74.0,5,4,0.9762766110869321,-0.21652708524481437
"Fort William, Kolkata - WBPCB",2024-04-14,74.0,39.78,73.53,14.01,8.36,0.67,22.21,27.19,mean_of_source_observations,30.0,61,10.8,1009.9,79.0,80.0,82.0,80.33333333333333,83.28571428571429,76.0,6,4,0.9724075561219968,-0.23328854407545518
"Fort William, Kolkata - WBPCB",2024-04-15,76.0,37.27,75.53,25.74,9.9,0.83,26.51,21.82,mean_of_source_observations,31.2,64,15.4,1008.7,74.0,79.0,80.0,77.66666666666667,82.57142857142857,85.0,0,4,0.9682507501166718,-0.2499809690726521
"Fort William, Kolkata - WBPCB",2024-04-16,85.0,35.2,84.77,20.49,8.55,0.83,24.09,24.71,mean_of_source_observations,32.2,59,14.5,1006.3,76.0,74.0,79.0,76.33333333333333,80.42857142857143,84.0,1,4,0.9638074231367307,-0.26659942067929354
"Fort William, Kolkata - WBPCB",2024-04-17,84.0,38.9,84.1,18.89,10.33,0.74,24.86,24.28,mean_of_source_observations,32.3,60,10.5,1004.5,85.0,76.0,74.0,78.33333333333333,81.0,77.0,2,4,0.9590788900341131,-0.28313898122818354
"Fort William, Kolkata - WBPCB",2024-04-18,77.0,34.24,76.46,22.96,8.39,0.79,26.07,21.13,mean_of_source_observations,31.9,52,13.1,1004.2,84.0,85.0,76.0,81.66666666666667,80.0,77.0,3,4,0.9540665500578387,-0.2995947563972602
"Fort William, Kolkata - WBPCB",2024-04-19,77.0,38.77,76.18,12.83,5.96,0.79,24.52,23.79,mean_of_source_observations,32.1,56,23.8,1002.0,77.0,84.0,85.0,82.0,79.28571428571429,68.0,4,4,0.9487718864399473,-0.31596187665790293
"Fort William, Kolkata - WBPCB",2024-04-20,68.0,40.21,66.05,17.47,9.08,0.81,25.08,21.54,mean_of_source_observations,32.8,64,24.6,1001.3,77.0,77.0,84.0,79.33333333333333,78.85714285714286,73.0,5,4,0.9431964659565866,-0.33223549871590435
"Fort William, Kolkata - WBPCB",2024-04-21,73.0,38.46,71.94,19.75,7.27,0.78,20.33,22.44,mean_of_source_observations,33.5,62,21.5,1002.5,68.0,77.0,77.0,74.0,77.28571428571429,72.0,6,4,0.9373419384643772,-0.3484108069446808
"Fort William, Kolkata - WBPCB",2024-04-22,72.0,31.37,71.08,19.2,5.6,0.75,26.6,25.56,mean_of_source_observations,33.2,55,16.0,1004.6,73.0,68.0,77.0,72.66666666666667,77.14285714285714,68.0,0,4,0.9312100364121947,-0.3644830148102912
"Fort William, Kolkata - WBPCB",2024-04-23,68.0,40.19,64.58,19.77,9.49,0.76,21.99,24.58,mean_of_source_observations,32.4,47,17.8,1004.5,72.0,73.0,68.0,71.0,76.57142857142857,83.0,1,4,0.9248025743285089,-0.38044736628785164
"Fort William, Kolkata - WBPCB",2024-04-24,83.0,36.35,82.74,21.91,7.96,0.74,24.68,28.44,mean_of_source_observations,33.3,49,14.8,1003.5,68.0,72.0,73.0,71.0,74.14285714285714,72.0,2,4,0.9181214482844365,-0.39629913726891813
"Fort William, Kolkata - WBPCB",2024-04-25,72.0,39.08,71.75,19.16,5.28,0.7,22.05,22.91,mean_of_source_observations,33.1,50,15.2,1004.0,83.0,68.0,72.0,74.33333333333333,74.0,72.0,3,4,0.9111686353326631,-0.41203363695942635
"Fort William, Kolkata - WBPCB",2024-04-26,72.0,39.35,71.75,15.98,6.12,0.66,20.23,25.01,mean_of_source_observations,32.8,68,19.5,1003.7,72.0,83.0,68.0,74.33333333333333,73.28571428571429,78.0,4,4,0.9039461929224011,-0.42764620926777464
"Fort William, Kolkata - WBPCB",2024-04-27,78.0,32.61,77.87,16.06,8.64,0.81,27.94,23.66,mean_of_source_observations,33.4,64,18.0,1003.8,72.0,72.0,83.0,75.66666666666667,72.57142857142857,65.0,5,4,0.8964562582905575,-0.44313223418263453
"Fort William, Kolkata - WBPCB",2024-04-28,65.0,37.67,64.65,20.02,6.57,0.81,35.04,22.57,mean_of_source_observations,33.7,59,15.3,1004.2,78.0,72.0,72.0,74.0,74.0,76.0,6,4,0.8887010478292915,-0.45848712914008766
"Fort William, Kolkata - WBPCB",2024-04-29,76.0,30.34,75.99,23.32,9.06,0.8,24.54,21.42,mean_of_source_observations,34.1,53,20.7,1004.6,65.0,78.0,72.0,71.66666666666667,72.85714285714286,61.0,0,4,0.8806828564301475,-0.47370635037968
"Fort William, Kolkata - WBPCB",2024-04-30,61.0,35.98,53.48,17.47,9.17,0.72,28.29,27.59,mean_of_source_observations,35.0,52,22.8,1000.4,76.0,65.0,78.0,73.0,73.42857142857143,66.0,1,4,0.8724040568049612,-0.48878539428899265
"Fort William, Kolkata - WBPCB",2024-05-01,66.0,25.32,65.46,24.8,7.74,0.67,26.28,20.06,mean_of_source_observations,35.0,47,21.2,999.8,61.0,76.0,65.0,67.33333333333333,72.42857142857143,60.0,2,5,0.8638670987837349,-0.503719798736334
"Fort William, Kolkata - WBPCB",2024-05-02,60.0,35.63,54.21,16.34,8.72,0.76,24.86,30.06,mean_of_source_observations,33.6,64,25.6,1000.3,66.0,61.0,76.0,67.66666666666667,70.0,78.0,3,5,0.8550745085896932,-0.518505144391157
"Fort William, Kolkata - WBPCB",2024-05-03,78.0,32.22,77.78,16.17,8.07,0.77,29.71,24.35,mean_of_source_observations,33.1,61,16.1,1004.0,60.0,66.0,61.0,62.333333333333336,68.28571428571429,74.0,4,5,0.8460288880917339,-0.533137056031809
"Fort William, Kolkata - WBPCB",2024-05-04,74.0,23.91,73.54,17.64,8.34,0.64,25.03,17.92,mean_of_source_observations,32.4,70,21.8,1004.5,78.0,60.0,66.0,68.0,69.14285714285714,63.0,5,5,0.8367329140344921,-0.5476112038402312
"Fort William, Kolkata - WBPCB",2024-05-05,63.0,32.89,62.69,25.96,11.76,0.65,28.06,24.67,mean_of_source_observations,32.1,71,26.8,1002.0,74.0,78.0,60.0,70.66666666666667,68.57142857142857,68.0,6,5,0.8271893372462497,-0.5619233046832195
"Fort William, Kolkata - WBPCB",2024-05-06,68.0,28.48,66.94,14.85,7.26,0.73,30.87,26.57,mean_of_source_observations,30.1,79,34.4,1004.1,63.0,74.0,78.0,71.66666666666667,68.28571428571429,68.0,0,5,0.8174009818249189,-0.5760691233798758
"Fort William, Kolkata - WBPCB",2024-05-07,68.0,40.43,60.0,13.86,8.82,0.74,22.76,23.8,mean_of_source_observations,28.5,77,25.0,1008.1,68.0,63.0,74.0,68.33333333333333,67.14285714285714,69.0,1,5,0.8073707443023492,-0.5900444739548627
"Fort William, Kolkata - WBPCB",2024-05-08,69.0,31.13,68.85,20.89,9.49,0.79,29.51,33.77,mean_of_source_observations,26.7,82,17.4,1009.0,68.0,68.0,63.0,66.33333333333333,68.14285714285714,72.0,2,5,0.7971015927871943,-0.6038452208771035
"Fort William, Kolkata - WBPCB",2024-05-09,72.0,40.55,70.98,19.04,10.28,0.71,21.18,24.42,mean_of_source_observations,26.7,86,16.5,1007.9,69.0,68.0,68.0,68.33333333333333,68.57142857142857,61.0,3,5,0.7865965660866021,-0.6174672802835514
"Fort William, Kolkata - WBPCB",2024-05-10,61.0,32.87,60.13,12.93,8.41,0.84,21.08,22.18,mean_of_source_observations,26.8,86,12.7,1008.3,72.0,69.0,68.0,69.66666666666667,70.28571428571429,68.0,4,5,0.7758587728069828,-0.6309066211876704
"Fort William, Kolkata - WBPCB",2024-05-11,68.0,25.1,67.01,18.2,9.34,0.78,24.53,19.7,mean_of_source_observations,28.1,85,19.9,1008.6,61.0,72.0,69.0,67.33333333333333,67.85714285714286,58.0,5,5,0.7648913904341226,-0.6441592666722685
"Fort William, Kolkata - WBPCB",2024-05-12,58.0,30.18,57.23,19.91,9.06,0.76,26.7,22.33,mean_of_source_observations,27.9,83,15.8,1008.9,68.0,61.0,72.0,67.0,67.0,61.0,6,5,0.753697664392914,-0.6572212950663319
"Fort William, Kolkata - WBPCB",2024-05-13,61.0,29.53,60.62,16.38,7.74,0.74,25.75,26.16,mean_of_source_observations,29.2,78,13.2,1008.3,58.0,68.0,61.0,62.333333333333336,66.28571428571429,65.0,0,5,0.742280907086982,-0.6700888411055113
"Fort William, Kolkata - WBPCB",2024-05-14,65.0,32.06,64.16,18.16,8.44,0.75,22.57,23.17,mean_of_source_observations,29.7,81,12.0,1008.2,61.0,58.0,68.0,62.333333333333336,65.28571428571429,68.0,1,5,0.7306444969184916,-0.6827580970759147
"Fort William, Kolkata - WBPCB",2024-05-15,68.0,20.44,67.7,16.86,8.21,0.7,27.06,21.23,mean_of_source_observations,30.4,75,12.4,1008.7,65.0,61.0,58.0,61.333333333333336,64.85714285714286,57.0,2,5,0.7187918772884232,-0.6952253139408722
"Fort William, Kolkata - WBPCB",2024-05-17,,,,13.17,8.14,0.71,22.71,23.29,mean_of_source_observations,31.8,73,19.4,1005.8,57.0,68.0,65.0,63.333333333333336,62.57142857142857,65.0,4,5,0.6944521021088763,-0.719538934232584
"Fort William, Kolkata - WBPCB",2024-05-25,70.0,22.49,69.02,11.01,7.08,0.67,22.09,24.63,mean_of_source_observations,31.2,75,16.0,998.6,65.0,53.0,73.0,63.666666666666664,64.57142857142857,71.0,5,5,0.5891760872322963,-0.8080046647350754
"Fort William, Kolkata - WBPCB",2024-05-26,71.0,25.68,70.47,13.72,9.8,0.82,23.13,22.93,mean_of_source_observations,27.9,87,43.2,992.9,70.0,65.0,53.0,62.666666666666664,65.28571428571429,56.0,6,5,0.5751899607119775,-0.8180198708443175
"Fort William, Kolkata - WBPCB",2024-05-27,56.0,24.69,55.37,15.54,9.78,0.72,26.51,21.61,mean_of_source_observations,26.9,90,45.1,987.0,71.0,70.0,65.0,68.66666666666667,66.0,48.0,0,5,0.5610336262283677,-0.8277930117131022
"Fort William, Kolkata - WBPCB",2024-05-28,48.0,18.91,47.89,12.86,8.04,0.66,23.77,25.3,mean_of_source_observations,30.7,81,22.9,996.4,56.0,71.0,70.0,65.66666666666667,63.857142857142854,57.0,1,5,0.5467112728685939,-0.8373211953118121
"Fort William, Kolkata - WBPCB",2024-05-29,57.0,33.56,43.94,16.74,7.76,0.78,26.84,25.11,mean_of_source_observations,31.9,83,31.1,997.7,48.0,56.0,71.0,58.333333333333336,62.285714285714285,53.0,2,5,0.5322271388474397,-0.8466016020976267
"Fort William, Kolkata - WBPCB",2024-05-30,53.0,18.38,51.66,11.28,6.88,0.59,21.1,28.55,mean_of_source_observations,31.7,80,30.3,1000.1,57.0,48.0,56.0,53.666666666666664,60.0,41.0,3,5,0.5175855102531889,-0.8556314858488706
"Fort William, Kolkata - WBPCB",2024-05-31,41.0,15.53,40.76,7.68,6.91,0.64,22.7,26.7,mean_of_source_observations,30.8,82,28.2,1001.9,53.0,57.0,48.0,52.666666666666664,60.0,48.0,4,5,0.5027907197793043,-0.8644081744776648
"Fort William, Kolkata - WBPCB",2024-06-01,48.0,27.6,48.15,9.7,8.27,0.76,25.11,24.0,mean_of_source_observations,30.7,83,23.6,1003.3,41.0,53.0,57.0,50.333333333333336,56.57142857142857,41.0,5,6,0.4878471454423119,-0.8729290708206411
"Fort William, Kolkata - WBPCB",2024-06-02,41.0,24.51,40.05,11.78,4.99,0.77,23.88,25.51,mean_of_source_observations,31.2,81,21.6,1003.9,48.0,41.0,53.0,47.333333333333336,53.42857142857143,57.0,6,6,0.47275920928627757,-0.881191653407483
"Fort William, Kolkata - WBPCB",2024-06-03,57.0,23.61,55.67,18.75,8.98,0.7,25.67,23.45,mean_of_source_observations,31.0,78,21.3,1003.3,41.0,48.0,41.0,43.333333333333336,49.142857142857146,62.0,0,6,0.4575313760742512,-0.8891934772070711
"Fort William, Kolkata - WBPCB",2024-06-04,62.0,18.59,61.05,15.29,9.66,0.73,29.18,24.39,mean_of_source_observations,31.4,79,19.6,1003.2,57.0,41.0,48.0,48.666666666666664,49.285714285714285,52.0,1,6,0.44216815196707204,-0.8969321743510065
"Fort William, Kolkata - WBPCB",2024-06-05,52.0,14.76,51.21,6.89,8.25,0.61,23.34,31.2,mean_of_source_observations,31.5,80,21.1,1003.5,62.0,57.0,41.0,53.333333333333336,51.285714285714285,64.0,2,6,0.42667408318992467,-0.9044054548343001
"Fort William, Kolkata - WBPCB",2024-06-06,64.0,19.99,62.87,8.7,8.43,0.64,19.71,20.93,mean_of_source_observations,31.4,83,19.3,1003.3,52.0,62.0,57.0,57.0,50.57142857142857,49.0,3,6,0.4110537546870351,-0.9116111071930239
"Fort William, Kolkata - WBPCB",2024-06-07,49.0,20.54,49.1,13.46,7.64,0.8,23.23,20.33,mean_of_source_observations,31.3,79,22.4,1002.0,64.0,52.0,62.0,59.333333333333336,52.142857142857146,57.0,4,6,0.3953117887649151,-0.9185469991587165
"Fort William, Kolkata - WBPCB",2024-06-08,57.0,20.57,56.02,16.18,5.3,0.63,27.84,28.61,mean_of_source_observations,31.3,78,21.3,1000.9,49.0,64.0,52.0,55.0,53.285714285714285,44.0,5,6,0.37945284372454435,-0.925211078289358
"Fort William, Kolkata - WBPCB",2024-06-09,44.0,20.71,43.81,9.33,9.69,0.79,31.54,23.2,mean_of_source_observations,31.9,79,17.1,1000.1,57.0,49.0,64.0,56.666666666666664,54.57142857142857,53.0,6,6,0.36348161248290634,-0.9316013725767187
"Fort William, Kolkata - WBPCB",2024-06-10,53.0,25.81,52.31,14.12,6.75,0.73,23.72,22.18,mean_of_source_observations,32.0,76,18.4,1000.5,44.0,57.0,49.0,50.0,55.0,57.0,0,6,0.3474028211842774,-0.9377159910299093
"Fort William, Kolkata - WBPCB",2024-06-11,57.0,14.71,56.29,10.53,6.13,0.71,28.06,26.18,mean_of_source_observations,31.8,76,19.1,1000.3,53.0,44.0,57.0,51.333333333333336,54.42857142857143,53.0,1,6,0.3312212278016865,-0.9435531242349544
"Fort William, Kolkata - WBPCB",2024-06-12,53.0,10.72,52.53,12.74,9.16,0.63,25.75,22.45,mean_of_source_observations,31.5,76,20.1,1000.9,57.0,53.0,44.0,51.333333333333336,53.714285714285715,58.0,2,6,0.31494162072895193,-0.9491110448902284
"Fort William, Kolkata - WBPCB",2024-06-13,58.0,17.61,57.39,12.2,7.01,0.65,26.34,21.45,mean_of_source_observations,32.0,75,24.7,999.9,53.0,57.0,53.0,54.333333333333336,53.857142857142854,51.0,3,6,0.2985688173637202,-0.9543881083175908
"Fort William, Kolkata - WBPCB",2024-06-14,51.0,11.42,50.49,18.67,7.28,0.62,24.24,24.79,mean_of_source_observations,32.5,75,19.9,998.8,58.0,53.0,57.0,56.0,53.0,50.0,4,6,0.2821076626819194,-0.9593827529490743
"Fort William, Kolkata - WBPCB",2024-06-15,50.0,8.0,49.67,9.71,8.01,0.69,23.75,28.38,mean_of_source_observations,32.2,76,22.0,999.1,51.0,58.0,53.0,54.0,53.285714285714285,50.0,5,6,0.26556302780405594,-0.9640935007889755
"Fort William, Kolkata - WBPCB",2024-06-16,50.0,25.84,50.0,10.56,7.91,0.7,28.33,26.84,mean_of_source_observations,32.6,73,20.0,1000.7,50.0,51.0,58.0,53.0,52.285714285714285,58.0,6,6,0.24893980855376657,-0.9685189578512204
"Fort William, Kolkata - WBPCB",2024-06-17,58.0,19.4,57.46,17.06,8.22,0.64,24.38,23.12,mean_of_source_observations,32.5,74,29.1,1001.0,50.0,50.0,51.0,50.333333333333336,53.142857142857146,52.0,0,6,0.23224292400907015,-0.9726578145718654
"Fort William, Kolkata - WBPCB",2024-06-18,52.0,15.47,51.08,11.0,9.14,0.68,24.85,25.3,mean_of_source_observations,30.6,83,24.5,999.5,58.0,50.0,50.0,52.666666666666664,53.857142857142854,52.0,1,6,0.21547731504673012,-0.976508846196619
"Fort William, Kolkata - WBPCB",2024-06-19,52.0,16.39,51.36,15.44,8.94,0.72,24.3,24.44,mean_of_source_observations,30.3,83,23.4,998.7,52.0,58.0,50.0,53.333333333333336,53.142857142857146,49.0,2,6,0.19864794288017112,-0.9800709131432666
"Fort William, Kolkata - WBPCB",2024-06-20,49.0,26.14,49.16,7.72,6.8,0.67,29.13,20.85,mean_of_source_observations,29.5,85,20.0,999.6,52.0,52.0,58.0,54.0,53.0,57.0,3,6,0.18175978759137534,-0.9833429613388902
"Fort William, Kolkata - WBPCB",2024-06-21,57.0,23.12,56.17,7.91,6.7,0.72,23.21,22.26,mean_of_source_observations,29.1,86,12.0,1000.7,49.0,52.0,52.0,51.0,51.714285714285715,37.0,4,6,0.16481784665719793,-0.9863240225317866
"Fort William, Kolkata - WBPCB",2024-06-22,37.0,21.88,29.6,13.45,6.63,0.74,26.64,26.35,mean_of_source_observations,29.3,83,17.3,1000.2,57.0,49.0,52.0,52.666666666666664,52.57142857142857,42.0,5,6,0.14782713347053048,-0.9890132145779883
"Fort William, Kolkata - WBPCB",2024-06-23,42.0,19.09,42.18,11.97,5.14,0.6,25.25,28.65,mean_of_source_observations,29.6,83,16.7,1000.9,37.0,57.0,49.0,47.666666666666664,50.714285714285715,47.0,6,6,0.13079267585675922,-0.9914097417023038
"Fort William, Kolkata - WBPCB",2024-06-24,47.0,12.46,47.03,6.84,7.24,0.69,24.86,28.01,mean_of_source_observations,30.2,79,18.4,1000.2,42.0,37.0,57.0,45.333333333333336,49.57142857142857,47.0,0,6,0.11371951458594969,-0.9935128947338007
"Fort William, Kolkata - WBPCB",2024-06-25,47.0,16.68,47.45,11.7,6.08,0.77,29.53,25.74,mean_of_source_observations,30.8,77,16.1,999.6,47.0,42.0,37.0,42.0,48.0,35.0,1,6,0.0966127018812031,-0.9953220513156602
"Fort William, Kolkata - WBPCB",2024-07-06,52.0,27.73,50.92,9.75,7.61,0.75,25.35,24.41,mean_of_source_observations,28.8,84,19.4,1000.8,52.0,38.0,36.0,42.0,44.57142857142857,47.0,5,7,-0.09233133369539122,-0.9957283388645872
"Fort William, Kolkata - WBPCB",2024-07-07,47.0,13.52,47.18,18.62,9.33,0.65,19.71,23.54,mean_of_source_observations,29.0,83,17.2,1002.3,52.0,52.0,38.0,47.333333333333336,46.0,52.0,6,7,-0.10944576864891556,-0.993992768446958
"Fort William, Kolkata - WBPCB",2024-07-08,52.0,18.32,50.73,9.65,6.97,0.65,23.92,27.58,mean_of_source_observations,29.1,81,16.5,1002.8,47.0,52.0,52.0,50.333333333333336,44.57142857142857,43.0,0,7,-0.12652781683868314,-0.9919630595773397
"Fort William, Kolkata - WBPCB",2024-07-09,43.0,10.22,43.01,11.26,6.76,0.66,23.45,25.69,mean_of_source_observations,29.3,82,18.3,1003.7,52.0,47.0,52.0,50.333333333333336,44.42857142857143,54.0,1,7,-0.1435724234118113,-0.9896398128792412
"Fort William, Kolkata - WBPCB",2024-07-10,54.0,12.21,53.36,7.9,8.42,0.59,24.09,20.02,mean_of_source_observations,29.7,80,22.3,1004.1,43.0,52.0,47.0,47.333333333333336,45.714285714285715,52.0,2,7,-0.16057454459499376,-0.9870237158387383
"Fort William, Kolkata - WBPCB",2024-07-11,52.0,19.39,50.76,16.3,5.71,0.68,28.51,24.35,mean_of_source_observations,29.7,83,19.3,1001.3,54.0,43.0,52.0,49.666666666666664,48.285714285714285,37.0,3,7,-0.17752914918703497,-0.984115542601034
"Fort William, Kolkata - WBPCB",2024-07-12,37.0,12.27,37.49,6.1,10.92,0.67,21.54,30.79,mean_of_source_observations,28.3,87,16.1,999.5,52.0,54.0,43.0,49.666666666666664,50.285714285714285,44.0,4,7,-0.19443122004766195,-0.9809161537413774
"Fort William, Kolkata - WBPCB",2024-07-13,44.0,15.67,43.82,9.25,10.34,0.73,28.01,23.34,mean_of_source_observations,28.6,85,18.8,997.6,37.0,52.0,54.0,47.666666666666664,48.142857142857146,45.0,5,7,-0.2112757555821793,-0.9774264960104055
"Fort William, Kolkata - WBPCB",2024-07-14,45.0,19.02,44.84,5.0,9.47,0.8,25.77,22.01,mean_of_source_observations,29.2,84,15.5,997.5,44.0,37.0,52.0,44.333333333333336,47.0,52.0,6,7,-0.2280577712215198,-0.9736476020539838
"Fort William, Kolkata - WBPCB",2024-07-15,52.0,16.19,50.63,6.36,6.28,0.69,23.82,26.1,mean_of_source_observations,29.3,82,23.8,999.1,45.0,44.0,37.0,42.0,46.714285714285715,37.0,0,7,-0.24477230089725957,-0.9695805901076308
"Fort William, Kolkata - WBPCB",2024-07-16,37.0,13.88,37.14,13.75,8.7,0.64,24.96,26.1,mean_of_source_observations,29.3,82,14.5,1000.4,52.0,45.0,44.0,47.0,46.714285714285715,44.0,1,7,-0.2614143985111562,-0.965226663665613
"Fort William, Kolkata - WBPCB",2024-07-17,44.0,16.07,43.7,12.96,8.09,0.69,30.16,18.61,mean_of_source_observations,29.3,84,13.9,1000.4,37.0,52.0,45.0,44.666666666666664,45.857142857142854,49.0,2,7,-0.2779791393987801,-0.9605871111248129
"Fort William, Kolkata - WBPCB",2024-07-18,49.0,8.0,48.55,14.34,5.7,0.68,26.88,22.23,mean_of_source_observations,29.9,80,24.1,998.7,44.0,37.0,52.0,44.333333333333336,44.42857142857143,41.0,3,7,-0.2944616217868012,-0.9556633054034704
"Fort William, Kolkata - WBPCB",2024-07-19,41.0,14.55,40.63,14.22,9.01,0.7,20.92,19.36,mean_of_source_observations,29.3,81,24.5,996.6,49.0,44.0,37.0,43.333333333333336,44.0,52.0,4,7,-0.3108569682435036,-0.9504567035349151
"Fort William, Kolkata - WBPCB",2024-07-20,52.0,20.82,51.28,12.62,7.0,0.79,30.02,27.07,mean_of_source_observations,29.5,79,25.5,997.2,41.0,49.0,44.0,44.666666666666664,44.57142857142857,51.0,5,7,-0.3271603271220951,-0.9449688462364056
"Fort William, Kolkata - WBPCB",2024-07-21,51.0,24.06,50.18,11.73,6.81,0.76,20.16,19.71,mean_of_source_observations,29.1,82,21.5,998.0,52.0,41.0,49.0,47.333333333333336,45.714285714285715,40.0,6,7,-0.34336687399638804,-0.939201357453208
"Fort William, Kolkata - WBPCB",2024-07-22,40.0,19.18,40.17,5.0,7.69,0.74,29.4,22.4,mean_of_source_observations,29.0,82,19.1,998.4,51.0,52.0,41.0,48.0,46.57142857142857,44.0,0,7,-0.3594718130884232,-0.9331559438780432
"Fort William, Kolkata - WBPCB",2024-07-23,44.0,16.71,44.32,11.23,9.29,0.7,25.48,26.18,mean_of_source_observations,28.5,86,14.7,996.7,40.0,51.0,52.0,47.666666666666664,44.857142857142854,46.0,1,7,-0.3754703786876202,-0.9268343944460494
"Fort William, Kolkata - WBPCB",2024-07-24,46.0,16.83,46.12,8.44,8.49,0.74,27.82,23.69,mean_of_source_observations,28.8,85,14.8,993.9,44.0,40.0,51.0,45.0,45.857142857142854,44.0,2,7,-0.3913578365610259,-0.9202385798054075
"Fort William, Kolkata - WBPCB",2024-07-25,44.0,12.55,44.48,13.34,9.59,0.65,25.63,25.55,mean_of_source_observations,28.3,88,15.0,992.4,46.0,44.0,40.0,43.333333333333336,46.142857142857146,37.0,3,7,-0.4071294853542516,-0.9133704517637858
"Fort William, Kolkata - WBPCB",2024-07-26,37.0,20.65,36.76,13.7,4.83,0.71,20.46,24.12,mean_of_source_observations,28.2,88,18.4,991.7,44.0,46.0,44.0,44.666666666666664,45.42857142857143,39.0,4,7,-0.4227806579826773,-0.9062320427107697
"Fort William, Kolkata - WBPCB",2024-07-27,39.0,20.45,39.12,9.85,7.26,0.77,27.25,23.57,mean_of_source_observations,28.6,86,20.7,995.3,37.0,44.0,46.0,42.333333333333336,44.857142857142854,59.0,5,7,-0.4383067230125192,-0.898825465016444
"Fort William, Kolkata - WBPCB",2024-07-28,59.0,13.83,58.23,8.4,7.78,0.78,24.38,21.03,mean_of_source_observations,28.6,87,13.1,997.4,39.0,37.0,44.0,40.0,43.0,42.0,6,7,-0.45370308603134424,-0.8911529104063088
"Fort William, Kolkata - WBPCB",2024-07-29,42.0,9.22,41.9,15.37,6.9,0.67,24.71,23.18,mean_of_source_observations,28.2,89,13.1,997.6,59.0,39.0,37.0,45.0,44.142857142857146,49.0,0,7,-0.46896519100763184,-0.8832166493127127
"Fort William, Kolkata - WBPCB",2024-07-30,49.0,18.54,49.29,11.18,7.34,0.74,28.11,24.26,mean_of_source_observations,29.0,84,19.6,999.7,42.0,59.0,39.0,46.666666666666664,44.42857142857143,42.0,1,7,-0.48408852163897587,-0.8750190302029955
"Fort William, Kolkata - WBPCB",2024-07-31,42.0,22.48,41.6,8.74,6.22,0.64,30.14,26.5,mean_of_source_observations,28.0,89,13.0,1000.0,49.0,42.0,59.0,50.0,45.142857142857146,34.0,2,7,-0.4990686026885319,-0.8665624788845385
"Fort William, Kolkata - WBPCB",2024-08-01,34.0,14.64,30.99,15.08,9.92,0.68,23.73,18.69,mean_of_source_observations,26.8,93,23.9,997.9,42.0,49.0,42.0,44.333333333333336,44.57142857142857,62.0,3,8,-0.5139010013093103,-0.8578494977869301
"Fort William, Kolkata - WBPCB",2024-08-02,62.0,18.08,61.15,13.34,9.06,0.75,20.71,28.01,mean_of_source_observations,27.5,88,24.4,998.8,34.0,42.0,49.0,41.666666666666664,43.142857142857146,42.0,4,8,-0.5285813283559292,-0.8488826652214553
"Fort William, Kolkata - WBPCB",2024-08-03,42.0,18.88,39.64,16.58,9.0,0.85,25.28,25.99,mean_of_source_observations,27.5,88,20.3,1002.0,62.0,34.0,42.0,46.0,46.714285714285715,47.0,5,8,-0.5431052396834317,-0.8396646346181327
"Fort William, Kolkata - WBPCB",2024-08-04,47.0,21.69,46.77,9.86,6.5,0.71,18.8,21.51,mean_of_source_observations,27.6,89,18.7,1004.2,42.0,62.0,34.0,46.0,47.142857142857146,40.0,6,8,-0.5574684374327892,-0.8301981337405212
"Fort William, Kolkata - WBPCB",2024-08-05,40.0,19.61,39.85,13.27,7.91,0.77,23.23,28.6,mean_of_source_observations,28.1,87,15.1,1003.4,47.0,42.0,62.0,50.333333333333336,45.42857142857143,43.0,0,8,-0.5716666713027052,-0.8204859638785327
"Fort William, Kolkata - WBPCB",2024-08-06,43.0,13.05,43.33,13.62,7.86,0.67,28.45,23.94,mean_of_source_observations,28.0,87,14.9,1001.7,40.0,47.0,42.0,43.0,45.142857142857146,46.0,1,8,-0.5856957398073508,-0.8105309990194823
"Fort William, Kolkata - WBPCB",2024-08-07,46.0,21.45,45.92,14.38,6.03,0.7,26.45,20.53,mean_of_source_observations,27.8,86,18.2,1001.6,43.0,40.0,47.0,43.333333333333336,44.285714285714285,43.0,2,8,-0.5995514915196489,-0.8003361849976323
"Fort William, Kolkata - WBPCB",2024-08-08,43.0,16.28,43.43,5.0,7.66,0.72,27.29,21.06,mean_of_source_observations,28.0,84,20.2,1003.5,46.0,43.0,40.0,43.0,44.857142857142854,52.0,3,8,-0.6132298262997502,-0.7899045386224707
"Fort William, Kolkata - WBPCB",2024-08-09,52.0,17.96,50.64,7.58,6.8,0.74,28.8,25.56,mean_of_source_observations,27.9,85,18.6,1004.6,43.0,46.0,43.0,44.0,46.142857142857146,61.0,4,8,-0.6267266965083301,-0.7792391467859886
"Fort William, Kolkata - WBPCB",2024-08-10,61.0,22.12,60.17,15.71,6.51,0.69,29.03,24.31,mean_of_source_observations,27.6,88,16.3,1003.8,52.0,43.0,46.0,47.0,44.714285714285715,45.0,5,8,-0.6400381082043503,-0.7683431655492202
"Fort William, Kolkata - WBPCB",2024-08-11,45.0,9.61,45.11,17.52,6.7,0.7,25.66,24.4,mean_of_source_observations,28.1,86,15.8,1002.9,61.0,52.0,43.0,52.0,47.42857142857143,58.0,6,8,-0.65316012232693,-0.7572198192083127
"Fort William, Kolkata - WBPCB",2024-08-12,58.0,22.36,57.17,12.04,7.15,0.75,27.6,21.05,mean_of_source_observations,28.7,85,14.7,1003.3,45.0,61.0,52.0,52.666666666666664,47.142857142857146,43.0,0,8,-0.666088855860977,-0.7458723993404063
"Fort William, Kolkata - WBPCB",2024-08-13,43.0,13.52,43.46,12.23,8.82,0.69,25.11,21.48,mean_of_source_observations,28.4,87,14.9,1003.7,58.0,45.0,61.0,54.666666666666664,49.714285714285715,53.0,1,8,-0.6788204829862355,-0.734304263829602
"Fort William, Kolkata - WBPCB",2024-08-14,53.0,16.02,51.6,17.49,9.99,0.59,24.43,23.01,mean_of_source_observations,27.9,88,11.8,1003.4,43.0,58.0,45.0,48.666666666666664,49.714285714285715,44.0,2,8,-0.6913512362094071,-0.722518835873311
"Fort William, Kolkata - WBPCB",2024-08-15,44.0,24.53,44.37,12.28,8.51,0.71,26.47,23.54,mean_of_source_observations,28.3,87,14.3,1002.3,53.0,43.0,58.0,51.333333333333336,50.714285714285715,49.0,3,8,-0.7036774074790128,-0.7105196029692745
"Fort William, Kolkata - WBPCB",2024-08-16,49.0,24.7,48.81,14.21,12.58,0.74,23.43,27.17,mean_of_source_observations,28.0,87,12.5,1001.9,44.0,53.0,43.0,46.666666666666664,50.857142857142854,49.0,4,8,-0.7157953492826642,-0.6983101158835584
"Fort William, Kolkata - WBPCB",2024-08-17,49.0,15.51,48.99,8.69,6.05,0.67,23.69,24.87,mean_of_source_observations,28.2,88,12.2,1002.9,49.0,44.0,53.0,48.666666666666664,50.42857142857143,60.0,5,8,-0.7277014757264236,-0.6858939875998223
"Fort William, Kolkata - WBPCB",2024-08-18,60.0,14.75,59.37,9.17,6.63,0.8,27.48,25.7,mean_of_source_observations,27.4,88,20.0,1002.6,49.0,49.0,44.0,47.333333333333336,48.714285714285715,56.0,6,8,-0.7393922635959241,-0.673274892250183
"Fort William, Kolkata - WBPCB",2024-08-19,56.0,12.67,55.25,9.81,8.63,0.69,29.6,19.76,mean_of_source_observations,27.1,90,14.3,1002.2,60.0,49.0,49.0,52.666666666666664,50.857142857142854,55.0,0,8,-0.7508642533989489,-0.6604565640279754
"Fort William, Kolkata - WBPCB",2024-08-20,55.0,16.01,54.03,15.35,10.1,0.72,23.98,24.37,mean_of_source_observations,27.2,91,12.9,1003.7,56.0,60.0,49.0,55.0,50.57142857142857,49.0,1,8,-0.7621140503891487,-0.6474427960827475
"Fort William, Kolkata - WBPCB",2024-08-21,49.0,27.67,48.63,14.62,5.44,0.8,28.56,23.9,mean_of_source_observations,27.9,89,15.3,1004.8,55.0,56.0,60.0,57.0,52.285714285714285,59.0,2,8,-0.7731383255706026,-0.6342374393978054
"Fort William, Kolkata - WBPCB",2024-08-22,59.0,21.31,57.75,20.23,8.93,0.62,28.93,28.14,mean_of_source_observations,28.0,90,13.0,1003.8,49.0,55.0,56.0,53.333333333333336,51.714285714285715,59.0,3,8,-0.7839338166829201,-0.620844401650647
"Fort William, Kolkata - WBPCB",2024-08-23,59.0,16.07,58.29,12.56,6.67,0.74,28.18,21.89,mean_of_source_observations,26.7,92,10.5,1004.2,59.0,49.0,55.0,54.333333333333336,53.857142857142854,54.0,4,8,-0.7944973291665992,-0.6072676460566135
"Fort William, Kolkata - WBPCB",2024-08-24,54.0,20.33,53.35,10.55,7.62,0.59,26.09,24.58,mean_of_source_observations,25.9,94,10.8,1004.4,59.0,59.0,49.0,55.666666666666664,55.285714285714285,48.0,5,8,-0.8048257371083452,-0.593511190196115
"Fort William, Kolkata - WBPCB",2024-08-25,48.0,14.99,48.19,14.73,7.13,0.74,22.21,24.36,mean_of_source_observations,26.4,92,10.0,1002.7,54.0,59.0,59.0,57.333333333333336,56.0,55.0,6,8,-0.8149159841660791,-0.5795791048257612
"Fort William, Kolkata - WBPCB",2024-08-26,55.0,21.04,54.55,17.56,7.25,0.72,30.58,27.08,mean_of_source_observations,26.5,91,13.2,1001.8,48.0,54.0,59.0,53.666666666666664,54.285714285714285,43.0,0,8,-0.8247650844733614,-0.5654755126737576
"Fort William, Kolkata - WBPCB",2024-08-27,43.0,24.97,42.69,5.55,6.44,0.69,23.74,29.0,mean_of_source_observations,26.9,90,10.6,1004.7,55.0,48.0,54.0,52.333333333333336,54.142857142857146,62.0,1,8,-0.8343701235229537,-0.5512045872199277
"Fort William, Kolkata - WBPCB",2024-08-28,62.0,15.43,61.42,19.08,11.53,0.72,26.28,24.56,mean_of_source_observations,27.6,88,14.6,1004.3,43.0,55.0,48.0,48.666666666666664,52.42857142857143,44.0,2,8,-0.8437282590292712,-0.5367705514607103
"Fort William, Kolkata - WBPCB",2024-08-29,44.0,26.31,39.27,11.1,8.14,0.82,19.87,25.05,mean_of_source_observations,28.5,84,13.0,1003.5,62.0,43.0,55.0,53.333333333333336,54.285714285714285,64.0,3,8,-0.8528367217694595,-0.522177676659508
"Fort William, Kolkata - WBPCB",2024-08-30,64.0,29.91,63.16,12.15,7.2,0.77,23.77,22.88,mean_of_source_observations,28.6,83,12.8,1003.8,44.0,62.0,43.0,49.666666666666664,52.142857142857146,48.0,4,8,-0.8616928164028521,-0.5074302810827518
"Fort William, Kolkata - WBPCB",2024-08-31,48.0,27.15,48.02,13.36,3.36,0.84,21.96,18.59,mean_of_source_observations,28.8,82,20.4,1003.9,64.0,44.0,62.0,56.666666666666664,52.857142857142854,51.0,5,8,-0.8702939222685674,-0.49253272872205434
"Fort William, Kolkata - WBPCB",2024-09-01,51.0,20.55,50.29,12.47,9.27,0.76,22.22,22.49,mean_of_source_observations,27.8,88,14.6,1005.1,48.0,64.0,44.0,52.0,52.0,53.0,6,9,-0.8786374941610001,-0.4774894280028391
"Fort William, Kolkata - WBPCB",2024-09-02,53.0,27.79,52.25,12.01,8.47,0.7,27.31,23.86,mean_of_source_observations,28.1,87,13.5,1005.6,51.0,48.0,64.0,54.333333333333336,52.42857142857143,62.0,0,9,-0.886721063082993,-0.46230483047981086
"Fort William, Kolkata - WBPCB",2024-09-03,62.0,19.17,61.15,10.69,5.29,0.74,25.59,25.59,mean_of_source_observations,27.9,89,11.0,1005.9,53.0,51.0,48.0,50.666666666666664,52.142857142857146,54.0,1,9,-0.8945422369764496,-0.4469834295196741
"Fort William, Kolkata - WBPCB",2024-09-04,54.0,19.1,52.74,18.8,7.22,0.79,27.56,18.32,mean_of_source_observations,28.0,87,11.5,1003.7,62.0,53.0,51.0,55.333333333333336,54.857142857142854,64.0,2,9,-0.9020987014301837,-0.43152975897147144
"Fort William, Kolkata - WBPCB",2024-09-05,64.0,34.38,63.54,15.16,7.74,0.71,24.89,23.64,mean_of_source_observations,28.5,84,18.3,1002.3,54.0,62.0,53.0,56.333333333333336,53.714285714285715,66.0,3,9,-0.9093882203647925,-0.4159483918249421
"Fort William, Kolkata - WBPCB",2024-09-06,66.0,18.73,65.66,15.74,8.93,0.8,19.74,26.86,mean_of_source_observations,29.5,83,11.4,1002.7,64.0,54.0,62.0,60.0,56.57142857142857,66.0,4,9,-0.9164086366943458,-0.4002439388573056
"Fort William, Kolkata - WBPCB",2024-09-07,66.0,21.21,65.2,15.04,4.62,0.7,21.13,24.11,mean_of_source_observations,29.1,84,13.2,1002.6,66.0,64.0,54.0,61.333333333333336,56.857142857142854,52.0,5,9,-0.9231578729647039,-0.38442104726885545
"Fort William, Kolkata - WBPCB",2024-09-08,52.0,24.08,51.04,10.71,7.64,0.76,23.46,22.49,mean_of_source_observations,28.7,85,17.4,1002.2,66.0,66.0,64.0,65.33333333333333,59.42857142857143,69.0,6,9,-0.9296339319682695,-0.3684843993077793
"Fort William, Kolkata - WBPCB",2024-09-10,,,,15.54,5.26,0.71,26.51,26.14,mean_of_source_observations,28.8,84,17.6,1000.4,69.0,52.0,66.0,62.333333333333336,61.857142857142854,76.0,1,9,-0.9417589340994617,-0.33628873017668287
"Fort William, Kolkata - WBPCB",2024-09-18,76.0,25.32,75.99,20.52,8.91,0.7,23.31,20.21,mean_of_source_observations,28.6,82,7.9,1004.1,56.0,55.0,61.0,57.333333333333336,61.142857142857146,63.0,2,9,-0.9789888737409319,-0.20391367068311472
"Fort William, Kolkata - WBPCB",2024-09-19,63.0,27.7,62.59,17.71,4.69,0.74,25.53,24.34,mean_of_source_observations,29.0,85,7.1,1003.8,76.0,56.0,55.0,62.333333333333336,61.142857142857146,66.0,3,9,-0.9823516608469237,-0.18704334906991657
"Fort William, Kolkata - WBPCB",2024-09-20,66.0,39.11,61.83,12.59,7.3,0.83,27.94,20.85,mean_of_source_observations,30.0,83,11.0,1003.5,63.0,76.0,56.0,65.0,61.857142857142854,67.0,4,9,-0.9854237542919524,-0.17011767832049052
"Fort William, Kolkata - WBPCB",2024-09-21,67.0,34.42,66.49,17.14,8.99,0.71,24.07,22.66,mean_of_source_observations,29.5,83,10.0,1004.2,66.0,63.0,76.0,68.33333333333333,63.857142857142854,70.0,5,9,-0.9882042449941422,-0.15314166701312007
"Fort William, Kolkata - WBPCB",2024-09-22,70.0,34.92,69.24,19.26,8.72,0.71,25.99,26.16,mean_of_source_observations,30.2,82,12.3,1002.9,67.0,66.0,63.0,65.33333333333333,63.42857142857143,58.0,6,9,-0.9906923101615609,-0.13612033862266704
"Fort William, Kolkata - WBPCB",2024-09-23,58.0,25.47,57.39,17.5,7.85,0.76,31.49,32.24,mean_of_source_observations,28.7,89,14.9,1003.1,70.0,67.0,66.0,67.66666666666667,64.71428571428571,69.0,0,9,-0.9928872135356962,-0.11905873003404988
"Fort William, Kolkata - WBPCB",2024-09-24,69.0,30.86,68.66,18.83,7.14,0.75,26.82,25.39,mean_of_source_observations,27.8,88,18.9,1003.3,58.0,70.0,67.0,65.0,65.14285714285714,63.0,1,9,-0.994788305609327,-0.10196189005174576
"Fort William, Kolkata - WBPCB",2024-09-25,63.0,30.22,61.74,16.98,7.6,0.72,25.08,16.15,mean_of_source_observations,26.1,93,22.4,1004.4,69.0,58.0,70.0,65.66666666666667,67.0,68.0,2,9,-0.9963950238187231,-0.08483487790576538
"Fort William, Kolkata - WBPCB",2024-09-26,68.0,32.98,67.74,17.05,6.06,0.71,26.97,24.87,mean_of_source_observations,26.2,92,19.1,1007.0,63.0,69.0,58.0,63.333333333333336,65.14285714285714,70.0,3,9,-0.9977068927101168,-0.06768276175455162
"Fort William, Kolkata - WBPCB",2024-09-27,70.0,35.88,69.18,23.22,9.31,0.84,27.57,25.01,mean_of_source_observations,27.0,89,19.8,1008.6,68.0,63.0,69.0,66.66666666666667,65.85714285714286,94.0,4,9,-0.9987235240803972,-0.050510617185222886
"Fort William, Kolkata - WBPCB",2024-09-28,94.0,31.73,93.37,25.74,8.51,0.75,17.81,24.69,mean_of_source_observations,28.2,86,18.6,1008.6,70.0,68.0,63.0,67.0,66.42857142857143,80.0,5,9,-0.9994446170919858,-0.033323525711631344
"Fort William, Kolkata - WBPCB",2024-09-29,80.0,33.32,79.09,15.96,6.86,0.83,23.84,21.62,mean_of_source_observations,28.9,87,15.9,1008.2,94.0,70.0,68.0,77.33333333333333,70.28571428571429,92.0,6,9,-0.9998699583618592,-0.016126573270657762
"Fort William, Kolkata - WBPCB",2024-09-30,92.0,36.25,91.83,14.48,8.5,0.76,29.82,25.44,mean_of_source_observations,29.7,84,9.0,1006.8,80.0,94.0,70.0,81.33333333333333,71.71428571428571,69.0,0,9,-0.9999994220246925,0.001075151282798226
"Fort William, Kolkata - WBPCB",2024-10-01,69.0,35.43,68.69,28.11,5.15,0.76,22.82,21.01,mean_of_source_observations,30.0,84,11.6,1004.4,92.0,80.0,94.0,88.66666666666667,76.57142857142857,79.0,1,10,-0.999832969770105,0.018276557681691223
"Fort William, Kolkata - WBPCB",2024-10-02,79.0,37.68,78.8,19.06,6.29,0.88,25.47,19.32,mean_of_source_observations,27.8,89,11.7,1003.8,69.0,92.0,80.0,80.33333333333333,76.57142857142857,74.0,2,10,-0.9993706508539969,0.03547255575312556
"Fort William, Kolkata - WBPCB",2024-10-03,74.0,21.59,73.79,17.08,9.69,0.78,20.27,22.17,mean_of_source_observations,28.2,88,12.3,1003.0,79.0,69.0,92.0,80.0,78.85714285714286,84.0,3,10,-0.9986126020839734,0.052658056924614005
"Fort William, Kolkata - WBPCB",2024-10-04,84.0,30.13,83.99,12.4,10.03,0.73,21.27,23.77,mean_of_source_observations,27.1,92,10.0,1004.7,74.0,79.0,69.0,74.0,79.71428571428571,59.0,4,10,-0.9975590477788613,0.06982797572987089
"Fort William, Kolkata - WBPCB",2024-10-05,59.0,34.38,57.89,28.13,6.85,0.68,22.13,23.64,mean_of_source_observations,26.7,92,10.3,1007.1,84.0,74.0,79.0,79.0,81.71428571428571,64.0,5,10,-0.9962102997023297,0.0869772313136861
"Fort William, Kolkata - WBPCB",2024-10-06,64.0,30.79,63.6,19.59,7.08,0.75,25.89,28.06,mean_of_source_observations,26.6,90,12.2,1009.8,59.0,84.0,74.0,72.33333333333333,76.71428571428571,62.0,6,10,-0.9945667569706337,0.1041007489354256
"Fort William, Kolkata - WBPCB",2024-10-17,84.0,30.34,83.84,20.64,9.12,0.78,25.36,23.58,mean_of_source_observations,26.8,90,8.1,1010.3,75.0,87.0,77.0,79.66666666666667,80.0,86.0,3,10,-0.957232443323312,0.28931997761869527
"Fort William, Kolkata - WBPCB",2024-10-18,86.0,39.51,85.82,25.51,7.02,0.76,20.65,23.76,mean_of_source_observations,26.5,90,12.4,1009.9,84.0,75.0,87.0,82.0,80.71428571428571,70.0,4,10,-0.9521140536681102,0.3057430764672831
"Fort William, Kolkata - WBPCB",2024-10-19,70.0,38.61,69.86,15.07,7.7,0.72,23.35,25.41,mean_of_source_observations,26.7,88,11.2,1010.9,86.0,84.0,75.0,81.66666666666667,81.57142857142857,84.0,5,10,-0.9467139181463862,0.3220757010206104
"Fort William, Kolkata - WBPCB",2024-10-20,84.0,44.27,83.21,24.04,7.64,0.75,17.21,22.88,mean_of_source_observations,26.6,82,13.2,1011.9,70.0,86.0,84.0,80.0,80.57142857142857,91.0,6,10,-0.9410336347451197,0.3383130181923076
"Fort William, Kolkata - WBPCB",2024-10-21,91.0,54.43,80.28,17.31,11.03,0.81,21.64,22.08,mean_of_source_observations,26.4,82,13.5,1010.8,84.0,70.0,86.0,80.0,80.42857142857143,82.0,0,10,-0.9350748843515574,0.3544502230989869
"Fort William, Kolkata - WBPCB",2024-10-22,82.0,48.96,77.47,23.38,6.89,0.78,21.37,27.99,mean_of_source_observations,26.6,81,10.8,1010.1,91.0,84.0,70.0,81.66666666666667,82.42857142857143,102.0,1,10,-0.9288394302558068,0.3704825404820963
"Fort William, Kolkata - WBPCB",2024-10-23,102.0,48.27,102.27,19.39,8.89,0.79,27.35,23.9,mean_of_source_observations,26.4,84,17.4,1009.0,82.0,91.0,84.0,85.66666666666667,81.71428571428571,91.0,2,10,-0.9223291176290545,0.3864052261209853
"Fort William, Kolkata - WBPCB",2024-10-24,91.0,35.8,91.12,16.4,7.36,0.79,24.65,18.53,mean_of_source_observations,25.0,91,26.8,1006.3,102.0,82.0,91.0,91.66666666666667,85.57142857142857,94.0,3,10,-0.9155458729775467,0.40221356823680365
"Fort William, Kolkata - WBPCB",2024-10-25,94.0,44.06,93.43,21.38,9.36,0.75,28.76,19.68,mean_of_source_observations,25.0,93,24.2,1005.6,91.0,102.0,82.0,91.66666666666667,86.57142857142857,100.0,4,10,-0.9084917035725082,0.41790288888678667
"Fort William, Kolkata - WBPCB",2024-10-27,,,,19.15,8.89,0.8,22.17,23.2,mean_of_source_observations,26.8,87,11.4,1008.2,100.0,94.0,91.0,95.0,92.0,83.0,6,10,-0.8935790198239952,0.4489059314938798
"Fort William, Kolkata - WBPCB",2024-11-04,88.0,42.93,87.63,23.29,5.62,0.75,26.79,22.19,mean_of_source_observations,26.1,78,7.6,1012.1,93.0,95.0,92.0,93.33333333333333,89.28571428571429,86.0,0,11,-0.8235472349556007,0.5672476988027229
"Fort William, Kolkata - WBPCB",2024-11-05,86.0,46.27,86.01,28.16,10.95,0.68,21.49,19.9,mean_of_source_observations,25.6,79,8.2,1012.9,88.0,93.0,95.0,92.0,90.0,96.0,1,11,-0.8136678304455991,0.5813300798152042
"Fort William, Kolkata - WBPCB",2024-11-06,96.0,47.44,95.45,25.43,7.26,0.79,27.12,23.45,mean_of_source_observations,25.6,80,12.5,1013.3,86.0,88.0,93.0,89.0,88.28571428571429,93.0,2,11,-0.8035476485339116,0.5952404359043674
"Fort William, Kolkata - WBPCB",2024-11-07,93.0,46.0,92.38,20.02,7.05,0.8,31.46,27.28,mean_of_source_observations,25.5,82,8.2,1013.0,96.0,86.0,88.0,90.0,90.42857142857143,90.0,3,11,-0.7931896839451843,0.6089746507720486
"Fort William, Kolkata - WBPCB",2024-11-08,90.0,41.43,89.94,23.87,7.11,0.79,26.62,26.74,mean_of_source_observations,25.8,78,10.9,1013.0,93.0,96.0,86.0,91.66666666666667,91.85714285714286,93.0,4,11,-0.7825970017677834,0.6225286602431057
"Fort William, Kolkata - WBPCB",2024-11-09,93.0,53.7,92.94,20.66,9.34,0.81,28.05,25.89,mean_of_source_observations,25.1,80,9.7,1013.1,90.0,93.0,96.0,93.0,91.57142857142857,102.0,5,11,-0.7717727365467837,0.6358984534680745
"Fort William, Kolkata - WBPCB",2024-11-10,102.0,57.76,102.13,24.57,6.5,0.8,26.03,21.86,mean_of_source_observations,24.9,79,9.5,1013.1,93.0,90.0,93.0,92.0,91.28571428571429,94.0,6,11,-0.7607200913564104,0.6490800741100398
"Fort William, Kolkata - WBPCB",2024-11-11,94.0,51.83,94.01,25.95,9.91,0.79,19.55,24.71,mean_of_source_observations,25.4,74,10.6,1012.9,102.0,93.0,90.0,95.0,92.57142857142857,94.0,0,11,-0.7494423368521953,0.6620696215153815
"Fort William, Kolkata - WBPCB",2024-11-12,94.0,50.39,94.18,29.12,11.78,0.85,24.38,21.29,mean_of_source_observations,25.9,73,10.3,1012.3,94.0,102.0,93.0,96.33333333333333,93.42857142857143,93.0,1,11,-0.7379428103031386,0.6748632518680403
"Fort William, Kolkata - WBPCB",2024-11-13,93.0,48.49,93.28,23.29,8.84,0.73,24.27,22.55,mean_of_source_observations,26.2,67,6.9,1011.6,94.0,94.0,102.0,96.66666666666667,94.57142857142857,106.0,2,11,-0.7262249146041543,0.6874571793269664
"Fort William, Kolkata - WBPCB",2024-11-14,106.0,52.69,107.83,24.34,4.65,0.69,25.4,29.77,mean_of_source_observations,26.0,61,10.0,1012.7,93.0,94.0,94.0,93.66666666666667,94.14285714285714,102.0,3,11,-0.7142921172691032,0.699847677146407
"Fort William, Kolkata - WBPCB",2024-11-15,102.0,53.62,100.93,25.3,6.4,0.79,23.02,20.96,mean_of_source_observations,24.8,63,7.6,1012.3,106.0,93.0,94.0,97.66666666666667,96.0,105.0,4,11,-0.7021479494046978,0.7120310787787131
"Fort William, Kolkata - WBPCB",2024-11-16,105.0,50.4,106.35,24.45,8.22,0.79,20.44,24.89,mean_of_source_observations,23.7,62,8.7,1012.0,102.0,106.0,93.0,100.33333333333333,97.71428571428571,101.0,5,11,-0.6897960046655887,0.7240037789593305
"Fort William, Kolkata - WBPCB",2024-11-17,101.0,48.78,100.22,21.19,9.87,0.81,24.17,18.84,mean_of_source_observations,23.4,63,6.8,1012.2,105.0,102.0,106.0,104.33333333333333,99.42857142857143,87.0,6,11,-0.6772399381909491,0.7357622347736527
"Fort William, Kolkata - WBPCB",2024-11-18,87.0,40.05,86.78,23.6,7.21,0.74,23.42,20.94,mean_of_source_observations,23.3,64,6.9,1013.1,101.0,105.0,102.0,102.66666666666667,99.28571428571429,96.0,0,11,-0.6644834655228552,0.7473029667054297
"Fort William, Kolkata - WBPCB",2024-11-19,96.0,52.1,95.82,17.42,8.52,0.84,27.25,22.76,mean_of_source_observations,23.0,68,4.9,1013.6,87.0,101.0,105.0,97.66666666666667,98.28571428571429,101.0,1,11,-0.6515303615068021,0.75862255966641
"Fort William, Kolkata - WBPCB",2024-11-20,101.0,59.12,100.62,21.09,9.5,0.76,27.71,23.1,mean_of_source_observations,23.4,67,6.0,1012.7,96.0,87.0,101.0,94.66666666666667,98.57142857142857,107.0,2,11,-0.6383844591746642,0.769717664006921
"Fort William, Kolkata - WBPCB",2024-11-21,107.0,53.18,109.0,23.27,6.29,0.84,25.5,25.02,mean_of_source_observations,23.7,66,8.5,1012.6,101.0,96.0,87.0,94.66666666666667,99.71428571428571,83.0,3,11,-0.6250496486104377,0.7805849965070866
"Fort William, Kolkata - WBPCB",2024-11-22,83.0,46.05,82.53,26.61,7.57,0.76,31.19,21.43,mean_of_source_observations,23.8,64,7.2,1012.9,107.0,101.0,96.0,101.33333333333333,99.85714285714286,105.0,4,11,-0.6115298757991053,0.7912213413483807
"Fort William, Kolkata - WBPCB",2024-11-23,105.0,49.72,105.87,17.75,7.95,0.84,24.44,25.42,mean_of_source_observations,23.4,62,8.4,1014.1,83.0,107.0,101.0,97.0,97.14285714285714,107.0,5,11,-0.5978291414589552,0.801623551065242
"Fort William, Kolkata - WBPCB",2024-11-24,107.0,46.41,109.83,22.99,5.04,0.76,23.4,22.15,mean_of_source_observations,23.1,60,8.0,1014.2,105.0,83.0,107.0,98.33333333333333,97.14285714285714,94.0,6,11,-0.5839514998576998,0.8117885474764613
"Fort William, Kolkata - WBPCB",2024-11-25,94.0,44.53,94.15,22.61,5.33,0.74,31.32,25.75,mean_of_source_observations,22.8,62,7.8,1014.1,107.0,105.0,83.0,98.33333333333333,98.0,106.0,0,11,-0.5699010576127624,0.821713322596059
"Fort William, Kolkata - WBPCB",2024-11-26,106.0,61.47,91.01,36.45,8.67,0.83,26.33,19.05,mean_of_source_observations,22.9,62,6.6,1013.4,94.0,107.0,105.0,102.0,99.0,118.0,1,11,-0.5556819724760489,0.8313949395234058
"Fort William, Kolkata - WBPCB",2024-11-27,118.0,55.56,125.91,28.65,10.6,0.78,23.36,22.96,mean_of_source_observations,23.4,61,6.7,1012.8,106.0,94.0,107.0,102.33333333333333,100.42857142857143,103.0,2,11,-0.5412984521036173,0.8408305333122887
"Fort William, Kolkata - WBPCB",2024-11-28,103.0,57.2,102.83,28.58,9.39,0.85,24.69,26.14,mean_of_source_observations,24.0,65,9.1,1013.4,118.0,106.0,94.0,106.0,102.85714285714286,98.0,3,11,-0.5267547528105542,0.8500173118187018
"Fort William, Kolkata - WBPCB",2024-11-29,98.0,45.07,98.18,30.69,7.25,0.83,24.37,23.75,mean_of_source_observations,24.4,65,8.4,1013.7,103.0,118.0,106.0,109.0,102.28571428571429,104.0,4,11,-0.5120551783114646,0.8589525565270845
"Fort William, Kolkata - WBPCB",2024-11-30,104.0,58.15,104.89,24.33,8.62,0.8,22.17,20.33,mean_of_source_observations,22.0,76,11.5,1013.0,98.0,103.0,118.0,106.33333333333333,104.42857142857143,109.0,5,11,-0.4972040784469378,0.8676336233547726
"Fort William, Kolkata - WBPCB",2024-12-01,109.0,59.14,111.68,30.91,8.05,0.9,30.27,27.97,mean_of_source_observations,22.9,77,8.3,1011.3,104.0,98.0,103.0,101.66666666666667,104.28571428571429,108.0,6,12,-0.4822058478963526,0.8760579434344281
"Fort William, Kolkata - WBPCB",2024-12-02,108.0,61.99,99.24,28.44,8.9,0.75,24.4,22.58,mean_of_source_observations,21.9,78,9.0,1012.3,109.0,104.0,98.0,103.66666666666667,104.57142857142857,111.0,0,12,-0.46706492487743034,0.8842230238742036
"Fort William, Kolkata - WBPCB",2024-12-03,111.0,51.56,115.34,28.04,8.7,0.76,27.74,27.16,mean_of_source_observations,23.0,70,7.5,1013.0,108.0,109.0,104.0,107.0,106.57142857142857,93.0,1,12,-0.451785789832884,0.8921264484954345
"Fort William, Kolkata - WBPCB",2024-12-04,93.0,50.74,93.2,30.24,6.01,0.81,22.72,27.55,mean_of_source_observations,22.1,75,4.8,1012.9,111.0,108.0,109.0,109.33333333333333,107.28571428571429,111.0,2,12,-0.4363729641045924,0.8997658785476209
"Fort William, Kolkata - WBPCB",2024-12-05,111.0,62.89,105.0,32.27,5.28,0.71,26.85,25.48,mean_of_source_observations,22.5,68,6.3,1012.5,93.0,111.0,108.0,104.0,103.71428571428571,105.0,3,12,-0.42083100859565564,0.9071390534005044
"Fort William, Kolkata - WBPCB",2024-12-06,105.0,60.21,106.54,20.75,9.01,0.77,29.11,24.97,mean_of_source_observations,21.4,67,7.5,1012.3,111.0,93.0,111.0,105.0,104.85714285714286,113.0,4,12,-0.4051645224207563,0.9142437912130223
"Fort William, Kolkata - WBPCB",2024-12-07,113.0,56.07,117.65,27.59,9.44,0.79,26.0,22.75,mean_of_source_observations,21.0,69,5.6,1013.0,105.0,111.0,93.0,103.0,105.85714285714286,105.0,5,12,-0.3893781415452015,0.9210779895789526
"Fort William, Kolkata - WBPCB",2024-12-08,105.0,61.21,105.98,38.64,7.23,0.84,28.9,26.1,mean_of_source_observations,20.9,65,6.5,1013.2,113.0,105.0,111.0,109.66666666666667,107.14285714285714,121.0,6,12,-0.37347653741307074,0.9276396261490467
"Fort William, Kolkata - WBPCB",2024-12-09,121.0,66.11,106.5,33.02,7.66,0.89,25.51,20.14,mean_of_source_observations,21.6,69,8.2,1012.5,105.0,113.0,105.0,107.66666666666667,106.57142857142857,104.0,0,12,-0.3574644155648614,0.9339267592294762
"Fort William, Kolkata - WBPCB",2024-12-10,104.0,59.59,105.28,29.22,8.78,0.81,26.88,21.21,mean_of_source_observations,21.3,75,7.5,1013.5,121.0,105.0,113.0,113.0,108.42857142857143,104.0,1,12,-0.34134651424503615,0.9399375283564133
"Fort William, Kolkata - WBPCB",2024-12-11,104.0,60.85,89.98,26.1,8.56,0.81,24.69,20.6,mean_of_source_observations,20.1,70,9.7,1014.8,104.0,121.0,105.0,110.0,107.42857142857143,111.0,2,12,-0.3251276029999093,0.9456701548465688
"Fort William, Kolkata - WBPCB",2024-12-12,111.0,62.98,104.56,25.88,6.75,0.86,25.34,22.1,mean_of_source_observations,18.8,66,7.7,1013.6,104.0,104.0,121.0,109.66666666666667,109.0,118.0,3,12,-0.30881248126625377,0.9511229423235357
"Fort William, Kolkata - WBPCB",2024-12-13,118.0,62.29,125.41,35.64,8.6,0.77,24.44,28.23,mean_of_source_observations,18.5,66,7.9,1014.1,111.0,104.0,104.0,106.33333333333333,109.0,106.0,4,12,-0.29240597695107734,0.9562942772197719
"Fort William, Kolkata - WBPCB",2024-12-14,106.0,58.37,107.84,30.22,7.72,0.8,24.3,20.03,mean_of_source_observations,18.2,65,8.4,1016.0,118.0,111.0,104.0,111.0,110.85714285714286,111.0,5,12,-0.27591294500296043,0.9611826292540837
"Fort William, Kolkata - WBPCB",2024-12-15,111.0,59.63,115.02,25.15,6.55,0.85,27.18,20.01,mean_of_source_observations,18.3,63,8.9,1016.5,106.0,118.0,111.0,111.66666666666667,109.85714285714286,106.0,6,12,-0.2593382659754056,0.9657865518844574
"Fort William, Kolkata - WBPCB",2024-12-16,106.0,50.67,107.21,31.51,7.55,0.79,26.37,25.57,mean_of_source_observations,19.3,73,6.4,1015.2,111.0,106.0,118.0,111.66666666666667,110.71428571428571,109.0,0,12,-0.2426868445825954,0.9701046827361175
"Fort William, Kolkata - WBPCB",2024-12-17,109.0,53.51,111.72,26.96,8.33,0.91,27.61,24.39,mean_of_source_observations,21.1,70,5.8,1014.2,106.0,111.0,106.0,107.66666666666667,108.57142857142857,140.0,1,12,-0.22596360824801906,0.974135744004672
"Fort William, Kolkata - WBPCB",2024-12-18,140.0,71.9,108.14,25.94,9.06,0.81,26.19,20.8,mean_of_source_observations,21.8,65,6.1,1013.5,109.0,106.0,111.0,108.66666666666667,109.28571428571429,104.0,2,12,-0.20917350564635637,0.9778785428342386
"Fort William, Kolkata - WBPCB",2024-12-19,104.0,57.13,104.32,27.18,9.3,0.75,29.59,22.02,mean_of_source_observations,21.5,64,8.8,1014.3,140.0,109.0,106.0,118.33333333333333,114.42857142857143,110.0,3,12,-0.19232150523909483,0.9813319716704275
"Fort William, Kolkata - WBPCB",2024-12-20,110.0,52.18,113.88,25.88,6.71,0.82,26.27,22.89,mean_of_source_observations,21.3,68,8.9,1013.3,104.0,140.0,109.0,117.66666666666667,113.42857142857143,123.0,4,12,-0.17541259380427843,0.9844950085880858
"Fort William, Kolkata - WBPCB",2024-12-21,123.0,66.59,105.18,22.96,7.89,0.78,23.98,25.36,mean_of_source_observations,19.0,86,7.4,1014.0,110.0,104.0,140.0,118.0,112.28571428571429,130.0,5,12,-0.15845177496083632,0.9873667175937016
"Fort William, Kolkata - WBPCB",2024-12-22,130.0,68.84,118.55,31.68,6.86,0.87,24.52,23.43,mean_of_source_observations,20.1,83,9.3,1014.4,123.0,110.0,104.0,112.33333333333333,114.71428571428571,112.0,6,12,-0.14144406768794202,0.9899462489023779
"Fort William, Kolkata - WBPCB",2024-12-23,112.0,54.52,116.48,29.23,9.39,0.76,22.77,27.96,mean_of_source_observations,21.4,69,9.3,1014.4,130.0,123.0,110.0,121.0,117.42857142857143,105.0,0,12,-0.12439450483979998,0.9922328391893008
"Fort William, Kolkata - WBPCB",2024-12-24,105.0,60.93,105.76,21.35,8.71,0.83,22.43,25.43,mean_of_source_observations,21.5,67,7.2,1014.8,112.0,130.0,123.0,121.66666666666667,118.28571428571429,105.0,1,12,-0.10730813165636247,0.9942258118156161
"Fort William, Kolkata - WBPCB",2024-12-25,105.0,59.89,106.22,17.28,8.11,0.86,29.51,24.64,mean_of_source_observations,20.9,75,6.2,1016.7,105.0,112.0,130.0,115.66666666666667,117.71428571428571,115.0,2,12,-0.09019000427034513,0.9959245770286599
"Fort William, Kolkata - WBPCB",2024-12-26,115.0,59.61,121.19,31.42,6.27,0.82,28.73,22.05,mean_of_source_observations,22.0,69,7.6,1018.3,105.0,105.0,112.0,107.33333333333333,112.71428571428571,114.0,3,12,-0.07304518821104743,0.9973286321364752
"Fort William, Kolkata - WBPCB",2024-12-27,114.0,57.26,120.26,34.79,10.09,0.83,28.31,19.73,mean_of_source_observations,21.7,65,8.0,1018.3,115.0,105.0,105.0,108.33333333333333,114.28571428571429,107.0,4,12,-0.05587875690537313,0.9984375616565666
"Fort William, Kolkata - WBPCB",2024-12-28,107.0,57.43,109.62,39.02,6.89,0.75,19.59,22.83,mean_of_source_observations,21.6,65,7.6,1016.8,114.0,115.0,105.0,111.33333333333333,114.85714285714286,108.0,5,12,-0.03869579017652689,0.9992510374388481
"Fort William, Kolkata - WBPCB",2024-12-29,108.0,59.11,111.26,28.83,6.81,0.87,24.33,17.14,mean_of_source_observations,22.1,67,6.4,1016.0,107.0,114.0,115.0,112.0,112.57142857142857,114.0,6,12,-0.021501372740813793,0.999768818762748
"Fort William, Kolkata - WBPCB",2024-12-30,114.0,64.09,110.46,30.31,8.11,0.94,24.59,22.42,mean_of_source_observations,22.3,69,8.2,1016.6,108.0,107.0,114.0,109.66666666666667,109.42857142857143,116.0,0,12,-0.004300592702981974,0.9999907524084426
"Fort William, Kolkata - WBPCB",2024-12-31,116.0,60.73,123.15,25.23,9.04,0.87,26.99,28.69,mean_of_source_observations,20.2,68,12.0,1017.1,114.0,108.0,107.0,109.66666666666667,109.71428571428571,114.0,1,12,0.012901459949419653,0.9999167727021953
"Fort William, Kolkata - WBPCB",2025-01-01,114.0,62.72,118.98,22.79,8.45,0.92,23.13,27.17,mean_of_source_observations,18.8,70,9.3,1015.4,116.0,114.0,108.0,112.66666666666667,111.28571428571429,112.0,2,1,0.017201575418260506,0.9998520419557735
"Fort William, Kolkata - WBPCB",2025-01-02,112.0,62.45,116.68,30.17,6.94,0.83,27.86,25.58,mean_of_source_observations,17.7,70,9.5,1015.9,114.0,116.0,114.0,114.66666666666667,112.57142857142857,105.0,3,1,0.03439806061360801,0.9994082116062598
"Fort William, Kolkata - WBPCB",2025-01-03,105.0,60.91,106.42,27.11,7.04,0.85,22.91,23.52,mean_of_source_observations,17.6,71,9.2,1015.7,112.0,114.0,116.0,114.0,112.14285714285714,105.0,4,1,0.051584366869408364,0.9986686402879997
"Fort William, Kolkata - WBPCB",2025-01-04,105.0,58.86,105.45,30.34,8.36,0.88,29.75,27.07,mean_of_source_observations,19.5,73,8.0,1014.3,105.0,112.0,114.0,110.33333333333333,110.85714285714286,114.0,5,1,0.06875540848113941,0.9976335468520451
"Fort William, Kolkata - WBPCB",2025-01-05,114.0,57.98,120.4,31.09,8.45,0.77,32.75,25.52,mean_of_source_observations,20.2,73,5.8,1014.6,105.0,105.0,112.0,107.33333333333333,110.57142857142857,118.0,6,1,0.08590610426133272,0.9963032375991965
"Fort William, Kolkata - WBPCB",2025-01-06,118.0,60.3,125.93,24.28,7.91,0.81,22.46,21.46,mean_of_source_observations,20.1,74,6.5,1013.8,114.0,105.0,105.0,108.0,111.42857142857143,108.0,0,1,0.10303137904317879,0.9946781061893646
"Fort William, Kolkata - WBPCB",2025-01-07,108.0,62.02,93.3,33.68,6.89,0.81,23.65,26.51,mean_of_source_observations,21.4,71,9.1,1012.8,118.0,114.0,105.0,112.33333333333333,112.0,102.0,1,1,0.1201261651823505,0.9927586335250793
"Fort William, Kolkata - WBPCB",2025-01-08,102.0,55.48,101.75,32.07,6.91,0.84,26.02,24.41,mean_of_source_observations,19.6,67,10.5,1014.8,108.0,118.0,114.0,113.33333333333333,110.85714285714286,113.0,2,1,0.13718540405660057,0.9905453876091833
"Fort William, Kolkata - WBPCB",2025-01-09,113.0,58.53,118.48,36.2,6.49,0.83,26.12,22.78,mean_of_source_observations,18.6,69,8.3,1017.2,102.0,108.0,118.0,109.33333333333333,109.14285714285714,123.0,3,1,0.1542040475626894,0.988039023376751
"Fort William, Kolkata - WBPCB",2025-01-10,123.0,66.79,111.99,32.9,9.79,0.8,25.77,23.67,mean_of_source_observations,18.9,64,9.8,1018.6,113.0,102.0,108.0,107.66666666666667,109.28571428571429,105.0,4,1,0.17117705961019986,0.985240282501282
"Fort William, Kolkata - WBPCB",2025-01-11,105.0,58.46,106.81,27.11,6.28,0.81,26.13,24.15,mean_of_source_observations,19.2,67,6.7,1018.1,123.0,113.0,102.0,112.66666666666667,111.85714285714286,113.0,5,1,0.18809941761179758,0.9821499931752291
"Fort William, Kolkata - WBPCB",2025-01-12,113.0,62.85,118.93,27.79,8.87,0.82,24.16,22.86,mean_of_source_observations,20.6,67,5.2,1016.9,105.0,123.0,113.0,113.66666666666667,111.85714285714286,104.0,6,1,0.20496611396949532,0.9787690698649216
"Fort William, Kolkata - WBPCB",2025-01-13,104.0,55.66,104.01,29.51,7.44,0.85,23.7,23.26,mean_of_source_observations,21.7,64,7.3,1015.0,113.0,105.0,123.0,113.66666666666667,111.71428571428571,128.0,0,1,0.22177215755648186,0.975098513039961
"Fort William, Kolkata - WBPCB",2025-01-14,128.0,68.17,120.64,25.37,5.52,0.89,25.29,22.53,mean_of_source_observations,21.9,63,8.3,1017.3,104.0,113.0,105.0,107.33333333333333,109.71428571428571,129.0,1,1,0.23851257519407648,0.9711394088771653
"Fort William, Kolkata - WBPCB",2025-01-15,129.0,68.6,110.67,32.57,9.66,0.79,27.62,22.04,mean_of_source_observations,20.8,62,11.6,1018.1,128.0,104.0,113.0,115.0,112.57142857142857,118.0,2,1,0.2551824131233728,0.9668929289391521
"Fort William, Kolkata - WBPCB",2025-01-16,118.0,63.5,126.24,30.33,6.66,0.81,21.72,25.32,mean_of_source_observations,20.0,64,7.8,1017.4,129.0,128.0,104.0,120.33333333333333,116.42857142857143,111.0,3,1,0.2717767384711357,0.9623603298276545
"Fort William, Kolkata - WBPCB",2025-01-17,111.0,62.88,112.38,37.42,8.68,0.78,22.41,24.97,mean_of_source_observations,20.7,63,9.0,1016.2,118.0,129.0,128.0,125.0,117.14285714285714,116.0,4,1,0.2882906407095177,0.9575429528116719
"Fort William, Kolkata - WBPCB",2025-01-18,116.0,64.45,121.12,27.9,7.71,0.88,21.75,25.73,mean_of_source_observations,20.8,63,10.6,1015.6,111.0,118.0,129.0,119.33333333333333,115.42857142857143,108.0,5,1,0.3047192331091634,0.9524422234305676
"Fort William, Kolkata - WBPCB",2025-01-19,108.0,61.62,110.46,27.99,8.97,0.92,23.38,18.46,mean_of_source_observations,20.7,62,11.6,1014.5,116.0,111.0,118.0,115.0,117.0,105.0,6,1,0.321057654185271,0.9470596510722283
"Fort William, Kolkata - WBPCB",2025-01-20,105.0,58.92,106.51,36.11,6.57,0.78,26.65,22.62,mean_of_source_observations,20.0,62,10.7,1012.8,108.0,116.0,111.0,111.66666666666667,116.28571428571429,121.0,0,1,0.3373010691361842,0.9413968285264122
"Fort William, Kolkata - WBPCB",2025-01-21,121.0,66.2,109.29,32.9,8.43,0.83,25.4,30.12,mean_of_source_observations,21.1,66,10.1,1011.9,105.0,108.0,116.0,109.66666666666667,116.42857142857143,110.0,1,1,0.3534446712740877,0.9354554315134164
"Fort William, Kolkata - WBPCB",2025-01-22,110.0,58.76,114.12,25.2,10.17,0.82,22.92,21.84,mean_of_source_observations,22.3,63,8.9,1012.6,121.0,105.0,108.0,111.33333333333333,115.42857142857143,114.0,2,1,0.3694836834473831,0.9292372181882051
"Fort William, Kolkata - WBPCB",2025-01-23,114.0,64.03,102.17,26.58,7.13,0.78,25.52,24.3,mean_of_source_observations,22.3,71,6.7,1013.2,110.0,121.0,105.0,112.0,112.71428571428571,127.0,3,1,0.38541335945432564,0.9227440286201427
"Fort William, Kolkata - WBPCB",2025-01-24,127.0,67.95,121.74,31.85,11.05,0.91,26.48,23.48,mean_of_source_observations,22.7,75,6.3,1012.4,114.0,110.0,121.0,115.0,112.14285714285714,110.0,4,1,0.4012289854475009,0.9159777842484877
"Fort William, Kolkata - WBPCB",2025-01-25,110.0,56.41,113.19,27.97,8.86,0.79,23.35,25.5,mean_of_source_observations,22.2,75,10.4,1013.4,127.0,114.0,110.0,117.0,114.42857142857143,105.0,5,1,0.4169258813287287,0.908940487313808
"Fort William, Kolkata - WBPCB",2025-01-26,105.0,61.22,95.93,29.04,4.27,0.87,24.59,24.8,mean_of_source_observations,21.0,60,10.5,1013.5,110.0,127.0,114.0,117.0,113.57142857142857,107.0,6,1,0.4324994021339788,0.901634220265486
"Fort William, Kolkata - WBPCB",2025-01-27,107.0,61.88,102.13,28.1,8.84,0.87,24.41,19.67,mean_of_source_observations,20.2,58,9.9,1011.7,105.0,110.0,127.0,114.0,113.14285714285714,104.0,0,1,0.44794493940789115,0.8940611451454876
"Fort William, Kolkata - WBPCB",2025-01-28,104.0,51.7,104.56,38.6,7.26,0.77,18.08,25.93,mean_of_source_observations,21.1,64,8.7,1012.9,107.0,105.0,110.0,107.33333333333333,113.42857142857143,104.0,1,1,0.4632579225674917,0.88622350294858
"Fort William, Kolkata - WBPCB",2025-01-29,104.0,59.34,104.61,24.74,9.26,0.9,27.09,28.14,mean_of_source_observations,22.3,75,10.5,1014.6,104.0,107.0,105.0,105.33333333333333,111.0,110.0,2,1,0.4784338202547012,0.8781236129591848
"Fort William, Kolkata - WBPCB",2025-01-30,110.0,61.87,114.17,24.82,9.9,0.86,25.48,22.27,mean_of_source_observations,23.7,77,16.9,1011.0,104.0,104.0,107.0,105.0,110.14285714285714,108.0,3,1,0.49346814167723735,0.8697638720650646
"Fort William, Kolkata - WBPCB",2025-01-31,108.0,55.43,111.14,28.96,8.67,0.86,27.94,25.13,mean_of_source_observations,24.5,80,11.4,1010.8,110.0,104.0,104.0,106.0,109.57142857142857,121.0,4,1,0.5083564379375122,0.8611467540480452
"Fort William, Kolkata - WBPCB",2025-02-01,121.0,65.98,115.37,31.1,6.26,0.78,25.46,27.59,mean_of_source_observations,24.8,84,7.3,1011.7,108.0,110.0,104.0,107.33333333333333,106.85714285714286,131.0,5,2,0.5230943033491326,0.8522748088519838
"Fort William, Kolkata - WBPCB",2025-02-02,131.0,68.97,106.91,27.85,7.15,0.86,28.56,28.15,mean_of_source_observations,24.9,81,7.4,1011.8,121.0,108.0,110.0,113.0,108.42857142857143,127.0,6,2,0.5376773767406141,0.8431506618282
"Fort William, Kolkata - WBPCB",2025-02-03,127.0,67.96,119.25,23.21,10.05,0.79,21.96,27.18,mean_of_source_observations,25.0,68,8.1,1012.6,131.0,121.0,108.0,120.0,112.14285714285714,136.0,0,2,0.5521013427459208,0.8337770129585915
"Fort William, Kolkata - WBPCB",2025-02-04,136.0,70.64,106.66,28.28,7.13,0.98,27.0,22.9,mean_of_source_observations,24.2,54,9.2,1012.8,127.0,131.0,121.0,126.33333333333333,115.0,105.0,1,2,0.5663619330814524,0.8241566360566663
"Fort William, Kolkata - WBPCB",2025-02-05,105.0,59.45,105.59,25.66,8.38,0.83,23.86,27.49,mean_of_source_observations,24.9,61,9.1,1011.0,136.0,127.0,131.0,131.33333333333334,119.57142857142857,121.0,2,2,0.580454927809098,0.8142923779467267
"Fort William, Kolkata - WBPCB",2025-02-06,121.0,66.2,114.9,33.65,7.65,0.81,25.75,22.95,mean_of_source_observations,25.8,64,11.2,1011.7,105.0,136.0,127.0,122.66666666666667,119.71428571428571,108.0,3,2,0.5943761565849831,0.804187157621448
"Fort William, Kolkata - WBPCB",2025-02-07,108.0,62.1,103.67,33.07,4.51,0.75,26.39,23.29,mean_of_source_observations,23.0,41,9.5,1013.9,121.0,105.0,136.0,120.66666666666667,121.28571428571429,113.0,4,2,0.6081214998935418,0.7938439653781019
"Fort William, Kolkata - WBPCB",2025-02-08,113.0,54.62,117.82,26.24,6.23,0.91,24.13,23.93,mean_of_source_observations,22.0,48,10.9,1014.2,108.0,121.0,105.0,111.33333333333333,121.28571428571429,116.0,5,2,0.6216868902665479,0.7832658619336791
"Fort William, Kolkata - WBPCB",2025-02-09,116.0,55.8,122.01,27.66,9.29,0.87,27.05,26.54,mean_of_source_observations,22.3,49,9.1,1013.5,113.0,108.0,121.0,114.0,120.14285714285714,113.0,6,2,0.6350683134867438,0.7724559775191742
"Fort William, Kolkata - WBPCB",2025-02-10,113.0,58.16,117.63,32.41,7.79,0.76,23.56,23.82,mean_of_source_observations,23.6,69,9.9,1013.5,116.0,113.0,108.0,112.33333333333333,118.0,104.0,0,2,0.6482618097757122,0.7614175109532997
"Fort William, Kolkata - WBPCB",2025-02-11,104.0,51.57,103.9,33.14,9.67,0.81,26.04,22.45,mean_of_source_observations,25.2,73,10.4,1012.2,113.0,116.0,113.0,114.0,116.0,105.0,1,2,0.6612634749656386,0.7501537286959042
"Fort William, Kolkata - WBPCB",2025-02-12,105.0,59.56,106.12,25.49,5.13,0.8,24.19,23.17,mean_of_source_observations,25.8,71,8.7,1011.9,104.0,113.0,116.0,111.0,111.42857142857143,110.0,2,2,0.6740694616546161,0.7386679638813748
"Fort William, Kolkata - WBPCB",2025-02-13,110.0,59.62,114.01,34.16,7.7,0.88,24.77,21.81,mean_of_source_observations,26.2,69,9.7,1011.1,105.0,104.0,113.0,107.33333333333333,111.42857142857143,143.0,3,2,0.6866759803451553,0.726963615332308
"Fort William, Kolkata - WBPCB",2025-02-14,143.0,72.71,107.87,32.27,10.39,0.87,27.6,20.85,mean_of_source_observations,24.2,39,11.6,1011.9,110.0,105.0,104.0,106.33333333333333,109.85714285714286,114.0,4,2,0.6990793005655562,0.7150441465537444
"Fort William, Kolkata - WBPCB",2025-02-15,114.0,60.5,119.34,36.29,9.91,0.74,21.56,25.02,mean_of_source_observations,24.4,45,11.3,1011.5,143.0,110.0,105.0,119.33333333333333,114.85714285714286,119.0,5,2,0.7112757519738152,0.7029130847082615
"Fort William, Kolkata - WBPCB",2025-02-16,119.0,65.32,119.18,32.03,8.56,0.87,22.47,24.66,mean_of_source_observations,24.9,66,11.6,1011.7,114.0,143.0,110.0,122.33333333333333,115.0,112.0,6,2,0.7232617254437388,0.6905740195722294
"Fort William, Kolkata - WBPCB",2025-02-17,112.0,61.26,116.88,22.15,9.35,0.89,26.33,20.49,mean_of_source_observations,26.1,72,12.1,1013.1,119.0,114.0,143.0,125.33333333333333,115.42857142857143,114.0,0,2,0.7350336741329412,0.6780306024735382
"Fort William, Kolkata - WBPCB",2025-02-18,114.0,55.25,120.14,28.68,11.22,0.83,27.44,23.97,mean_of_source_observations,25.4,73,13.2,1012.9,112.0,119.0,114.0,115.0,115.28571428571429,102.0,1,2,0.746588114532413,0.6652865452111116
"Fort William, Kolkata - WBPCB",2025-02-19,102.0,53.71,101.6,29.36,7.76,0.87,23.71,22.04,mean_of_source_observations,23.4,82,10.5,1012.6,114.0,112.0,119.0,115.0,116.71428571428571,103.0,2,2,0.7579216274973472,0.6523456189565257
"Fort William, Kolkata - WBPCB",2025-02-20,103.0,55.33,102.84,29.62,8.95,0.73,27.38,20.54,mean_of_source_observations,22.8,86,8.0,1014.0,102.0,114.0,112.0,109.33333333333333,116.28571428571429,109.0,3,2,0.7690308592589181,0.6392116531380588
"Fort William, Kolkata - WBPCB",2025-02-21,109.0,56.2,111.41,30.83,6.5,0.86,29.31,23.08,mean_of_source_observations,23.9,79,8.8,1014.2,103.0,102.0,114.0,106.33333333333333,115.28571428571429,114.0,4,2,0.7799125224167177,0.6258885343075018
"Fort William, Kolkata - WBPCB",2025-02-22,114.0,62.94,120.17,26.91,8.25,0.75,31.46,26.1,mean_of_source_observations,23.2,85,12.5,1014.7,109.0,103.0,102.0,104.66666666666667,110.42857142857143,111.0,5,2,0.7905633969115482,0.612380204990065
"Fort William, Kolkata - WBPCB",2025-02-23,111.0,63.09,99.64,28.75,6.67,0.87,24.82,24.63,mean_of_source_observations,22.9,82,8.1,1015.4,114.0,109.0,103.0,108.66666666666667,110.42857142857143,104.0,6,2,0.8009803309782905,0.5986906625177214
"Fort William, Kolkata - WBPCB",2025-02-24,104.0,55.2,104.32,26.78,8.62,0.76,28.19,32.44,mean_of_source_observations,24.0,74,6.9,1016.3,111.0,114.0,109.0,111.33333333333333,109.28571428571429,107.0,0,2,0.8111602420785621,0.5848239578463322
"Fort William, Kolkata - WBPCB",2025-02-25,107.0,55.61,109.32,20.17,7.63,0.78,27.01,23.14,mean_of_source_observations,24.4,70,8.5,1017.4,104.0,111.0,114.0,109.66666666666667,108.14285714285714,104.0,1,2,0.8211001178128892,0.5707841943569036
"Fort William, Kolkata - WBPCB",2025-02-26,104.0,52.79,104.48,26.34,10.97,0.8,26.78,25.78,mean_of_source_observations,24.2,70,7.3,1017.3,107.0,104.0,111.0,107.33333333333333,107.14285714285714,92.0,2,2,0.8307970168121247,0.5565755266413303
"Fort William, Kolkata - WBPCB",2025-02-27,92.0,55.35,88.5,23.27,6.6,0.91,24.06,25.31,mean_of_source_observations,24.9,69,11.2,1014.9,104.0,107.0,104.0,105.0,107.42857142857143,101.0,3,2,0.8402480696078469,0.5422021592729844
"Fort William, Kolkata - WBPCB",2025-02-28,101.0,57.25,100.27,29.28,10.55,0.85,20.94,17.53,mean_of_source_observations,26.1,69,7.7,1013.5,92.0,104.0,107.0,101.0,105.85714285714286,101.0,4,2,0.8494504794814806,0.527668345562516
"Fort William, Kolkata - WBPCB",2025-03-01,101.0,53.11,100.6,35.18,7.15,0.87,25.91,29.66,mean_of_source_observations,27.6,68,13.5,1010.8,101.0,92.0,104.0,99.0,104.71428571428571,102.0,5,3,0.8584015232918917,0.512978386299228
"Fort William, Kolkata - WBPCB",2025-03-02,102.0,56.06,100.79,27.36,7.82,0.81,23.61,27.32,mean_of_source_observations,28.4,59,10.2,1008.4,101.0,101.0,92.0,98.0,102.85714285714286,96.0,6,3,0.8670985522812081,0.4981366284784055
"Fort William, Kolkata - WBPCB",2025-03-03,96.0,52.15,95.65,26.81,9.23,0.74,22.62,20.66,mean_of_source_observations,29.0,56,11.1,1009.5,102.0,101.0,101.0,101.33333333333333,101.57142857142857,105.0,0,3,0.8755389928586302,0.4831474640149687
"Fort William, Kolkata - WBPCB",2025-03-04,105.0,61.11,100.84,26.48,4.93,0.78,24.05,20.57,mean_of_source_observations,28.0,49,11.5,1009.9,96.0,102.0,101.0,99.66666666666667,100.42857142857143,93.0,1,3,0.8837203473619977,0.4680153284438345
"Fort William, Kolkata - WBPCB",2025-03-05,93.0,55.6,86.31,25.9,10.6,0.73,29.74,22.87,mean_of_source_observations,27.4,50,10.5,1009.1,105.0,96.0,102.0,101.0,100.14285714285714,95.0,2,3,0.8916401947968874,0.45274469960737107
"Fort William, Kolkata - WBPCB",2025-03-06,95.0,51.57,94.96,26.15,4.8,0.87,27.47,22.27,mean_of_source_observations,25.1,40,11.4,1011.3,93.0,105.0,96.0,98.0,98.57142857142857,103.0,3,3,0.8992961915530253,0.4373400963303323
"Fort William, Kolkata - WBPCB",2025-03-07,103.0,60.54,97.21,26.35,9.23,0.81,23.47,24.55,mean_of_source_observations,25.1,43,10.4,1009.7,95.0,93.0,105.0,97.66666666666667,99.0,101.0,4,3,0.9066860720977985,0.4218060770826634
"Fort William, Kolkata - WBPCB",2025-03-08,101.0,45.46,100.42,29.86,8.18,0.84,30.93,26.92,mean_of_source_observations,26.3,62,12.3,1009.0,103.0,95.0,93.0,97.0,99.28571428571429,105.0,5,3,0.9138076496466615,0.40614723863057883
"Fort William, Kolkata - WBPCB",2025-03-09,105.0,52.69,106.1,25.95,8.53,0.75,24.52,25.03,mean_of_source_observations,27.5,64,9.3,1012.5,101.0,103.0,95.0,99.66666666666667,99.28571428571429,102.0,6,3,0.9206588168102428,0.3903682146763026
"Fort William, Kolkata - WBPCB",2025-03-10,102.0,60.19,95.42,24.96,9.21,0.84,24.06,22.82,mean_of_source_observations,28.0,59,10.0,1014.5,105.0,101.0,103.0,103.0,99.71428571428571,103.0,0,3,0.9272375462179537,0.374473674486883
"Fort William, Kolkata - WBPCB",2025-03-11,103.0,58.44,103.21,22.33,8.22,0.76,26.5,22.77,mean_of_source_observations,28.2,50,13.1,1012.3,102.0,105.0,101.0,102.66666666666667,100.57142857142857,97.0,1,3,0.9335418911179212,0.35846832151248087
"Fort William, Kolkata - WBPCB",2025-03-12,97.0,56.08,96.63,24.25,9.14,0.83,25.15,23.3,mean_of_source_observations,28.7,55,13.0,1008.5,103.0,102.0,105.0,103.33333333333333,100.28571428571429,89.0,2,3,0.9395699859530622,0.342356891994542
"Fort William, Kolkata - WBPCB",2025-03-13,89.0,51.83,88.34,26.66,9.16,0.81,27.37,25.54,mean_of_source_observations,29.9,59,13.2,1006.6,97.0,103.0,102.0,100.66666666666667,100.85714285714286,99.0,3,3,0.945320046913132,0.3261441535642696
"Fort William, Kolkata - WBPCB",2025-03-14,99.0,56.49,99.05,29.75,9.83,0.78,20.36,22.22,mean_of_source_observations,30.3,68,10.3,1008.0,89.0,97.0,103.0,96.33333333333333,100.0,101.0,4,3,0.9507903724625832,0.3098349038318025
"Fort William, Kolkata - WBPCB",2025-03-15,101.0,54.78,100.64,26.15,9.03,0.91,20.51,21.8,mean_of_source_observations,31.0,68,12.4,1009.3,99.0,89.0,97.0,95.0,99.42857142857143,106.0,5,3,0.9559793438440766,0.2934339689665273
"Fort William, Kolkata - WBPCB",2025-03-16,106.0,56.1,107.66,26.79,9.89,0.84,28.27,22.96,mean_of_source_observations,30.7,68,18.4,1008.9,101.0,99.0,89.0,96.33333333333333,99.42857142857143,96.0,6,3,0.9608854255574977,0.27694620226893646
"Fort William, Kolkata - WBPCB",2025-03-17,96.0,45.87,95.87,25.92,7.11,0.82,21.5,26.86,mean_of_source_observations,28.7,72,19.5,1008.7,106.0,101.0,99.0,102.0,99.57142857142857,98.0,0,3,0.9655071658143364,0.2603764827344581
"Fort William, Kolkata - WBPCB",2025-03-18,98.0,55.56,98.22,19.5,6.91,0.81,21.88,21.97,mean_of_source_observations,30.2,54,11.2,1009.6,96.0,106.0,101.0,101.0,98.71428571428571,104.0,1,3,0.969843196967294,0.24372971360968387
"Fort William, Kolkata - WBPCB",2025-03-19,104.0,45.67,103.79,23.8,6.57,0.79,23.37,17.13,mean_of_source_observations,29.6,64,12.8,1012.5,98.0,96.0,106.0,100.0,98.0,96.0,2,3,0.9738922359149924,0.22701082094141847
"Fort William, Kolkata - WBPCB",2025-03-20,96.0,43.58,96.18,27.24,6.63,0.84,25.62,18.99,mean_of_source_observations,29.3,66,13.2,1013.8,104.0,98.0,96.0,99.33333333333333,99.0,83.0,3,3,0.9776530844816641,0.2102247521189836
"Fort William, Kolkata - WBPCB",2025-03-21,83.0,49.19,82.65,26.75,6.73,0.84,24.62,24.87,mean_of_source_observations,27.8,61,12.1,1014.8,96.0,104.0,98.0,99.33333333333333,100.0,89.0,4,3,0.981124629771712,0.19337647441020586
"Fort William, Kolkata - WBPCB",2025-03-22,89.0,48.53,88.88,25.4,7.58,0.79,28.09,22.95,mean_of_source_observations,23.2,81,15.0,1014.7,83.0,96.0,104.0,94.33333333333333,97.71428571428571,99.0,5,3,0.984305844499033,0.17647097349152166
"Fort William, Kolkata - WBPCB",2025-03-23,99.0,54.51,98.61,23.21,4.32,0.83,23.78,27.44,mean_of_source_observations,24.5,75,9.0,1014.6,89.0,83.0,96.0,89.33333333333333,96.0,92.0,6,3,0.9871957872910085,0.15951325197263655
"Fort William, Kolkata - WBPCB",2025-03-24,92.0,47.14,92.03,27.51,6.06,0.82,15.68,18.51,mean_of_source_observations,27.0,59,9.9,1013.3,99.0,89.0,83.0,90.33333333333333,95.0,96.0,0,3,0.9897936029670716,0.14250832791617088
"Fort William, Kolkata - WBPCB",2025-03-25,96.0,49.28,95.68,22.31,8.07,0.77,24.86,25.46,mean_of_source_observations,28.3,54,10.4,1009.1,92.0,99.0,89.0,93.33333333333333,94.42857142857143,100.0,1,3,0.992098522791769,0.12546123335273648
"Fort William, Kolkata - WBPCB",2025-03-26,100.0,42.65,99.95,30.51,9.04,0.78,23.13,23.3,mean_of_source_observations,29.5,59,12.5,1006.6,96.0,92.0,99.0,95.66666666666667,94.14285714285714,93.0,2,3,0.9941098647022418,0.10837701279187609
"Fort William, Kolkata - WBPCB",2025-03-27,93.0,41.24,92.97,23.9,6.68,0.81,23.43,26.0,mean_of_source_observations,30.8,54,14.1,1004.8,100.0,96.0,92.0,96.0,93.57142857142857,92.0,3,3,0.9958270335100595,0.09126072172931188
"Fort William, Kolkata - WBPCB",2025-03-28,92.0,44.94,91.71,27.3,6.91,0.78,22.21,23.39,mean_of_source_observations,31.7,50,13.2,1004.1,93.0,100.0,96.0,96.33333333333333,93.14285714285714,89.0,4,3,0.9972495210773451,0.07411742515094437
"Fort William, Kolkata - WBPCB",2025-03-29,89.0,49.0,88.98,21.03,7.66,0.72,21.37,28.59,mean_of_source_observations,31.8,54,12.0,1005.8,92.0,93.0,100.0,95.0,94.42857142857143,97.0,5,3,0.998376906467142,0.056952196034039754
"Fort William, Kolkata - WBPCB",2025-03-30,97.0,58.06,91.37,22.76,8.15,0.8,27.55,23.98,mean_of_source_observations,30.8,69,12.1,1008.5,89.0,92.0,93.0,91.33333333333333,94.42857142857143,88.0,6,3,0.9992088560679753,0.03977011384605572
"Fort William, Kolkata - WBPCB",2025-03-31,88.0,40.55,87.93,25.16,8.25,0.81,29.66,29.03,mean_of_source_observations,30.4,69,14.2,1008.6,97.0,89.0,92.0,92.66666666666667,94.14285714285714,92.0,0,3,0.9997451236925734,0.022576263041545485
"Fort William, Kolkata - WBPCB",2025-04-01,92.0,53.61,92.22,22.7,7.9,0.81,29.74,27.18,mean_of_source_observations,30.2,68,14.5,1008.4,88.0,97.0,89.0,91.33333333333333,93.57142857142857,86.0,1,4,0.9999855506507186,0.005375731557583884
"Fort William, Kolkata - WBPCB",2025-04-02,86.0,43.39,86.03,20.54,9.49,0.73,22.02,21.92,mean_of_source_observations,30.5,66,16.7,1009.7,92.0,88.0,97.0,92.33333333333333,93.0,88.0,2,4,0.9999300657962057,-0.011826390691832589
"Fort William, Kolkata - WBPCB",2025-04-03,88.0,50.99,87.3,30.57,6.92,0.82,23.52,24.25,mean_of_source_observations,30.8,64,10.2,1010.7,86.0,92.0,88.0,88.66666666666667,91.0,72.0,3,4,0.9995786855478958,-0.029025013321975237
"Fort William, Kolkata - WBPCB",2025-04-04,72.0,37.03,71.33,24.18,8.28,0.65,23.77,21.47,mean_of_source_observations,29.8,68,9.0,1009.9,88.0,86.0,92.0,88.66666666666667,90.28571428571429,85.0,4,4,0.9989315138848577,-0.046215046983708354
"Fort William, Kolkata - WBPCB",2025-04-05,85.0,44.79,85.03,24.88,9.4,0.82,27.0,28.12,mean_of_source_observations,31.4,59,12.4,1007.8,72.0,88.0,86.0,82.0,87.42857142857143,79.0,5,4,0.9979887423155984,-0.06339140486951038
"Fort William, Kolkata - WBPCB",2025-04-06,79.0,43.91,78.88,17.95,10.47,0.73,28.35,22.58,mean_of_source_observations,30.9,67,17.8,1007.5,85.0,72.0,88.0,81.66666666666667,86.85714285714286,80.0,6,4,0.9967506498213929,-0.08054900421874167
"Fort William, Kolkata - WBPCB",2025-04-07,80.0,40.66,79.84,21.1,11.13,0.8,26.81,23.64,mean_of_source_observations,30.0,68,16.4,1010.1,79.0,85.0,72.0,78.66666666666667,84.28571428571429,83.0,0,4,0.9952176027737294,-0.09768276782171598
"Fort William, Kolkata - WBPCB",2025-04-08,83.0,41.09,82.2,20.18,8.42,0.78,31.03,28.21,mean_of_source_observations,29.4,69,10.6,1012.7,80.0,79.0,85.0,81.33333333333333,83.14285714285714,82.0,1,4,0.9933900548258936,-0.11478762552212701
"Fort William, Kolkata - WBPCB",2025-04-09,82.0,41.97,81.49,20.3,6.31,0.84,25.0,20.51,mean_of_source_observations,29.9,63,15.2,1010.4,83.0,80.0,79.0,80.66666666666667,81.85714285714286,90.0,2,4,0.9912685467787256,-0.13185851571739118
"Fort William, Kolkata - WBPCB",2025-04-10,90.0,42.19,89.95,19.01,12.48,0.77,26.31,18.24,mean_of_source_observations,29.2,64,13.4,1006.5,82.0,83.0,80.0,81.66666666666667,81.28571428571429,85.0,3,4,0.9888537064205885,-0.1488903868564548
"Fort William, Kolkata - WBPCB",2025-04-11,85.0,32.31,85.14,25.11,3.51,0.74,23.86,18.9,mean_of_source_observations,28.1,71,9.4,1004.9,90.0,82.0,83.0,85.0,81.57142857142857,81.0,4,4,0.986146248341595,-0.16587819893463143
"Fort William, Kolkata - WBPCB",2025-04-12,81.0,34.89,80.45,20.16,9.19,0.79,21.93,28.91,mean_of_source_observations,28.9,74,10.3,1006.3,85.0,90.0,82.0,85.66666666666667,83.42857142857143,75.0,5,4,0.9831469737221499,-0.1828169249850199
"Fort William, Kolkata - WBPCB",2025-04-13,75.0,36.24,74.12,27.28,8.71,0.77,23.53,27.55,mean_of_source_observations,28.8,76,9.7,1008.1,81.0,85.0,90.0,85.33333333333333,82.85714285714286,65.0,6,4,0.9798567700958665,-0.1997015525660636
"Fort William, Kolkata - WBPCB",2025-04-14,65.0,27.04,64.66,22.37,9.61,0.68,23.43,23.4,mean_of_source_observations,28.6,75,18.8,1008.8,75.0,81.0,85.0,80.33333333333333,82.28571428571429,80.0,0,4,0.9762766110869321,-0.21652708524481437
"Fort William, Kolkata - WBPCB",2025-04-15,80.0,33.14,80.03,19.9,8.15,0.7,29.51,18.99,mean_of_source_observations,28.2,69,9.4,1009.5,65.0,75.0,81.0,73.66666666666667,80.14285714285714,93.0,1,4,0.9724075561219968,-0.23328854407545518
"Fort William, Kolkata - WBPCB",2025-04-16,93.0,42.65,93.14,18.99,8.79,0.78,20.32,27.12,mean_of_source_observations,29.1,71,14.6,1008.6,80.0,65.0,75.0,73.33333333333333,79.71428571428571,70.0,2,4,0.9682507501166718,-0.2499809690726521
"Fort William, Kolkata - WBPCB",2025-04-17,70.0,40.22,69.39,12.37,9.17,0.76,25.08,21.24,mean_of_source_observations,27.1,80,17.0,1007.2,93.0,80.0,65.0,79.33333333333333,81.28571428571429,86.0,3,4,0.9638074231367307,-0.26659942067929354
"Fort William, Kolkata - WBPCB",2025-04-18,86.0,34.03,85.9,23.15,8.38,0.83,21.41,25.6,mean_of_source_observations,26.9,81,13.0,1006.4,70.0,93.0,80.0,81.0,78.42857142857143,75.0,4,4,0.9590788900341131,-0.28313898122818354
"Fort William, Kolkata - WBPCB",2025-04-19,75.0,42.36,74.04,12.48,8.55,0.81,26.27,20.2,mean_of_source_observations,27.7,81,8.2,1005.4,86.0,70.0,93.0,83.0,78.57142857142857,72.0,5,4,0.9540665500578387,-0.2995947563972602
"Fort William, Kolkata - WBPCB",2025-04-20,72.0,37.55,71.44,21.69,7.79,0.77,26.04,28.93,mean_of_source_observations,30.0,80,12.8,1005.5,75.0,86.0,70.0,77.0,77.71428571428571,88.0,6,4,0.9487718864399473,-0.31596187665790293
"Fort William, Kolkata - WBPCB",2025-04-21,88.0,32.79,87.45,19.75,9.02,0.72,22.47,24.67,mean_of_source_observations,31.0,80,17.3,1006.8,72.0,75.0,86.0,77.66666666666667,77.28571428571429,82.0,0,4,0.9431964659565866,-0.33223549871590435
"Fort William, Kolkata - WBPCB",2025-04-22,82.0,39.7,81.18,19.53,9.35,0.72,27.94,28.73,mean_of_source_observations,31.2,77,17.3,1006.8,88.0,72.0,75.0,78.33333333333333,80.57142857142857,72.0,1,4,0.9373419384643772,-0.3484108069446808
"Fort William, Kolkata - WBPCB",2025-04-23,72.0,42.62,70.68,22.2,8.47,0.78,25.22,23.69,mean_of_source_observations,32.7,69,16.2,1004.2,82.0,88.0,72.0,80.66666666666667,80.85714285714286,78.0,2,4,0.9312100364121947,-0.3644830148102912
"Fort William, Kolkata - WBPCB",2025-04-24,78.0,34.34,77.6,21.94,5.55,0.72,24.31,21.34,mean_of_source_observations,32.2,73,19.8,1004.2,72.0,82.0,88.0,80.66666666666667,77.85714285714286,68.0,3,4,0.9248025743285089,-0.38044736628785164
"Fort William, Kolkata - WBPCB",2025-04-25,68.0,39.03,67.19,16.94,6.75,0.76,22.96,26.08,mean_of_source_observations,32.3,73,20.0,1004.9,78.0,72.0,82.0,77.33333333333333,79.0,81.0,4,4,0.9181214482844365,-0.39629913726891813
"Fort William, Kolkata - WBPCB",2025-04-26,81.0,36.56,80.94,23.38,8.45,0.75,25.7,25.59,mean_of_source_observations,31.4,72,19.6,1005.7,68.0,78.0,72.0,72.66666666666667,76.42857142857143,85.0,5,4,0.9111686353326631,-0.41203363695942635
"Fort William, Kolkata - WBPCB",2025-04-27,85.0,36.32,84.34,17.38,6.77,0.76,22.8,27.79,mean_of_source_observations,32.1,62,13.7,1007.2,81.0,68.0,78.0,75.66666666666667,77.28571428571429,67.0,6,4,0.9039461929224011,-0.42764620926777464
"Fort William, Kolkata - WBPCB",2025-04-28,67.0,28.55,66.35,19.39,11.7,0.73,26.76,22.0,mean_of_source_observations,29.1,75,9.8,1007.5,85.0,81.0,68.0,78.0,79.14285714285714,83.0,0,4,0.8964562582905575,-0.44313223418263453
"Fort William, Kolkata - WBPCB",2025-04-29,83.0,27.63,82.33,19.95,8.27,0.75,24.99,25.15,mean_of_source_observations,26.8,76,15.8,1007.9,67.0,85.0,81.0,77.66666666666667,76.14285714285714,69.0,1,4,0.8887010478292915,-0.45848712914008766
"Fort William, Kolkata - WBPCB",2025-04-30,69.0,28.41,68.86,21.56,9.76,0.74,22.87,21.03,mean_of_source_observations,26.9,77,9.8,1008.7,83.0,67.0,85.0,78.33333333333333,76.28571428571429,73.0,2,4,0.8806828564301475,-0.47370635037968
"Fort William, Kolkata - WBPCB",2025-05-01,73.0,34.7,72.02,20.86,9.02,0.76,26.61,16.03,mean_of_source_observations,26.7,78,15.9,1010.0,69.0,83.0,67.0,73.0,75.85714285714286,77.0,3,5,0.8724040568049612,-0.48878539428899265
"Fort William, Kolkata - WBPCB",2025-05-03,,,,19.59,7.44,0.73,31.72,28.57,mean_of_source_observations,27.6,78,12.7,1007.0,77.0,73.0,69.0,73.0,76.42857142857143,64.0,5,5,0.8550745085896932,-0.518505144391157
"Fort William, Kolkata - WBPCB",2025-05-11,63.0,28.22,62.37,19.21,5.64,0.65,23.69,24.72,mean_of_source_observations,34.4,53,12.0,1003.7,75.0,80.0,72.0,75.66666666666667,70.42857142857143,65.0,6,5,0.7758587728069828,-0.6309066211876704
"Fort William, Kolkata - WBPCB",2025-05-12,65.0,19.18,64.59,15.03,9.13,0.72,26.1,25.79,mean_of_source_observations,33.7,55,16.1,1002.5,63.0,75.0,80.0,72.66666666666667,70.28571428571429,73.0,0,5,0.7648913904341226,-0.6441592666722685
"Fort William, Kolkata - WBPCB",2025-05-13,73.0,37.56,72.46,22.37,6.06,0.76,29.53,22.42,mean_of_source_observations,32.4,70,15.8,1003.2,65.0,63.0,75.0,67.66666666666667,70.0,62.0,1,5,0.753697664392914,-0.6572212950663319
"Fort William, Kolkata - WBPCB",2025-05-14,62.0,25.16,61.62,16.1,8.19,0.68,22.87,22.13,mean_of_source_observations,32.4,72,15.0,1004.4,73.0,65.0,63.0,67.0,71.14285714285714,50.0,2,5,0.742280907086982,-0.6700888411055113
"Fort William, Kolkata - WBPCB",2025-05-15,50.0,29.71,47.54,21.6,9.12,0.74,29.09,23.47,mean_of_source_observations,32.3,71,17.7,1004.7,62.0,73.0,65.0,66.66666666666667,70.0,60.0,3,5,0.7306444969184916,-0.6827580970759147
"Fort William, Kolkata - WBPCB",2025-05-16,60.0,27.79,58.81,15.15,8.96,0.73,23.68,22.38,mean_of_source_observations,31.9,73,15.7,1004.6,50.0,62.0,73.0,61.666666666666664,66.85714285714286,59.0,4,5,0.7187918772884232,-0.6952253139408722
"Fort William, Kolkata - WBPCB",2025-05-17,59.0,25.8,57.71,15.24,9.79,0.75,23.19,20.56,mean_of_source_observations,31.6,72,20.7,1005.0,60.0,50.0,62.0,57.333333333333336,64.0,63.0,5,5,0.7067265555776158,-0.7074868024503348
"Fort William, Kolkata - WBPCB",2025-05-18,63.0,32.21,62.06,13.7,8.01,0.77,23.7,19.1,mean_of_source_observations,29.8,77,15.2,1005.9,59.0,60.0,50.0,56.333333333333336,61.714285714285715,56.0,6,5,0.6944521021088763,-0.719538934232584
"Fort William, Kolkata - WBPCB",2025-05-19,56.0,32.57,54.92,21.05,8.45,0.73,21.13,23.36,mean_of_source_observations,31.1,68,14.3,1005.4,63.0,59.0,60.0,60.666666666666664,61.714285714285715,54.0,0,5,0.6819721490904629,-0.7313781428679254
"Fort William, Kolkata - WBPCB",2025-05-20,54.0,19.94,52.9,18.02,9.01,0.65,30.14,22.45,mean_of_source_observations,31.6,69,16.5,1003.8,56.0,63.0,59.0,59.333333333333336,60.42857142857143,57.0,1,5,0.6692903895412567,-0.7430009249440493
"Fort William, Kolkata - WBPCB",2025-05-21,57.0,13.97,55.64,15.43,6.53,0.7,24.32,28.12,mean_of_source_observations,31.9,70,14.8,1004.5,54.0,56.0,63.0,57.666666666666664,57.714285714285715,51.0,2,5,0.6564105761979381,-0.7544038410927472
"Fort William, Kolkata - WBPCB",2025-05-22,51.0,22.59,50.49,16.16,7.37,0.75,21.99,22.42,mean_of_source_observations,29.8,77,12.0,1003.9,57.0,54.0,56.0,55.666666666666664,57.0,70.0,3,5,0.6433365204044917,-0.765583517007675
"Fort William, Kolkata - WBPCB",2025-05-23,70.0,26.94,69.83,17.49,6.37,0.75,23.63,21.2,mean_of_source_observations,28.6,82,10.5,1002.4,51.0,57.0,54.0,54.0,57.142857142857146,64.0,4,5,0.6300720909843687,-0.7765366444428655
"Fort William, Kolkata - WBPCB",2025-05-24,64.0,26.32,63.22,16.29,6.49,0.77,26.44,23.66,mean_of_source_observations,29.4,79,7.4,1002.3,70.0,51.0,57.0,59.333333333333336,58.57142857142857,44.0,5,5,0.6166212130956382,-0.7872599821916922
"Fort William, Kolkata - WBPCB",2025-05-25,44.0,26.37,44.2,26.62,8.1,0.77,26.32,27.91,mean_of_source_observations,28.6,84,10.8,1003.1,64.0,70.0,51.0,61.666666666666664,59.285714285714285,57.0,6,5,0.6029878670694714,-0.7977503570459932
"Fort William, Kolkata - WBPCB",2025-05-26,57.0,29.67,56.0,17.73,10.23,0.77,20.54,20.46,mean_of_source_observations,27.9,88,10.6,1002.0,44.0,64.0,70.0,59.333333333333336,56.57142857142857,66.0,0,5,0.5891760872322963,-0.8080046647350754
"Fort William, Kolkata - WBPCB",2025-05-27,66.0,28.85,65.14,17.92,10.2,0.67,30.37,27.11,mean_of_source_observations,28.2,87,16.0,998.9,57.0,44.0,64.0,55.0,56.714285714285715,62.0,1,5,0.5751899607119775,-0.8180198708443175
"Fort William, Kolkata - WBPCB",2025-05-28,62.0,21.72,61.07,13.47,6.74,0.67,26.67,26.32,mean_of_source_observations,28.1,87,20.0,995.7,66.0,57.0,44.0,55.666666666666664,58.42857142857143,58.0,2,5,0.5610336262283677,-0.8277930117131022
"Fort William, Kolkata - WBPCB",2025-05-29,58.0,17.0,57.32,13.37,10.02,0.7,22.54,26.77,mean_of_source_observations,27.2,89,17.2,991.5,62.0,66.0,57.0,61.666666666666664,59.142857142857146,56.0,3,5,0.5467112728685939,-0.8373211953118121
"Fort William, Kolkata - WBPCB",2025-05-30,56.0,19.61,55.04,13.7,4.92,0.64,24.76,22.68,mean_of_source_observations,29.3,81,16.9,995.4,58.0,62.0,66.0,62.0,60.142857142857146,49.0,4,5,0.5322271388474397,-0.8466016020976267
"Fort William, Kolkata - WBPCB",2025-05-31,49.0,28.45,49.46,8.61,8.07,0.82,24.45,22.71,mean_of_source_observations,28.9,89,13.6,999.3,56.0,58.0,62.0,58.666666666666664,58.142857142857146,45.0,5,5,0.5175855102531889,-0.8556314858488706
"Fort William, Kolkata - WBPCB",2025-06-01,45.0,19.29,45.14,15.11,9.56,0.69,22.9,20.83,mean_of_source_observations,28.7,91,12.4,999.2,49.0,56.0,58.0,54.333333333333336,56.0,55.0,6,6,0.5027907197793043,-0.8644081744776648
"Fort William, Kolkata - WBPCB",2025-06-02,55.0,27.64,54.59,12.76,6.21,0.7,22.61,25.84,mean_of_source_observations,30.7,75,16.3,999.3,45.0,49.0,56.0,50.0,56.142857142857146,56.0,0,6,0.4878471454423119,-0.8729290708206411
"Fort William, Kolkata - WBPCB",2025-06-03,56.0,25.21,55.6,10.49,9.71,0.7,30.29,21.88,mean_of_source_observations,30.7,73,12.2,1001.1,55.0,45.0,49.0,49.666666666666664,55.857142857142854,59.0,1,6,0.47275920928627757,-0.881191653407483
"Fort William, Kolkata - WBPCB",2025-06-04,59.0,31.9,57.92,14.08,8.89,0.71,22.21,23.36,mean_of_source_observations,29.7,82,10.7,1003.4,56.0,55.0,45.0,52.0,54.42857142857143,60.0,2,6,0.4575313760742512,-0.8891934772070711
"Fort William, Kolkata - WBPCB",2025-06-05,60.0,21.47,58.73,15.7,6.83,0.69,26.07,21.72,mean_of_source_observations,28.9,86,8.1,1005.4,59.0,56.0,55.0,56.666666666666664,54.0,58.0,3,6,0.44216815196707204,-0.8969321743510065
"Fort William, Kolkata - WBPCB",2025-06-06,58.0,10.39,57.25,15.48,6.6,0.65,23.43,24.43,mean_of_source_observations,29.3,82,14.7,1005.7,60.0,59.0,56.0,58.333333333333336,54.285714285714285,52.0,4,6,0.42667408318992467,-0.9044054548343001
"Fort William, Kolkata - WBPCB",2025-06-07,52.0,30.4,39.73,16.64,9.99,0.65,22.23,24.94,mean_of_source_observations,30.1,77,7.0,1004.7,58.0,60.0,59.0,59.0,54.57142857142857,41.0,5,6,0.4110537546870351,-0.9116111071930239
"Fort William, Kolkata - WBPCB",2025-06-08,41.0,20.91,41.06,6.17,8.56,0.67,25.77,26.2,mean_of_source_observations,30.8,77,8.3,1003.1,52.0,58.0,60.0,56.666666666666664,55.0,59.0,6,6,0.3953117887649151,-0.9185469991587165
"Fort William, Kolkata - WBPCB",2025-06-09,59.0,19.93,58.28,11.73,10.19,0.83,25.62,25.93,mean_of_source_observations,31.3,71,10.6,1001.7,41.0,52.0,58.0,50.333333333333336,54.42857142857143,59.0,0,6,0.37945284372454435,-0.925211078289358
"Fort William, Kolkata - WBPCB",2025-06-10,59.0,26.97,57.72,11.98,9.02,0.73,22.36,26.76,mean_of_source_observations,31.6,70,11.8,1001.0,59.0,41.0,52.0,50.666666666666664,55.0,44.0,1,6,0.36348161248290634,-0.9316013725767187
"Fort William, Kolkata - WBPCB",2025-06-11,44.0,18.42,44.34,11.86,10.63,0.82,26.69,22.31,mean_of_source_observations,30.7,73,13.6,1001.7,59.0,59.0,41.0,53.0,55.42857142857143,44.0,2,6,0.3474028211842774,-0.9377159910299093
"Fort William, Kolkata - WBPCB",2025-06-12,44.0,14.82,44.0,15.93,6.72,0.66,25.2,26.91,mean_of_source_observations,31.3,69,11.8,1002.1,44.0,59.0,59.0,54.0,53.285714285714285,52.0,3,6,0.3312212278016865,-0.9435531242349544
"Fort William, Kolkata - WBPCB",2025-06-13,52.0,17.95,50.67,5.27,8.06,0.63,24.26,22.58,mean_of_source_observations,31.2,72,10.7,1002.3,44.0,44.0,59.0,49.0,51.0,39.0,4,6,0.31494162072895193,-0.9491110448902284
"Fort William, Kolkata - WBPCB",2025-06-14,39.0,22.08,38.59,12.23,6.77,0.68,21.82,26.07,mean_of_source_observations,31.2,72,13.7,1001.1,52.0,44.0,44.0,46.666666666666664,50.142857142857146,44.0,5,6,0.2985688173637202,-0.9543881083175908
"Fort William, Kolkata - WBPCB",2025-06-15,44.0,17.34,43.87,11.09,9.22,0.79,24.07,27.9,mean_of_source_observations,28.8,84,10.5,1000.1,39.0,52.0,44.0,45.0,48.285714285714285,54.0,6,6,0.2821076626819194,-0.9593827529490743
"Fort William, Kolkata - WBPCB",2025-06-16,54.0,27.45,52.64,20.85,10.56,0.78,17.88,27.41,mean_of_source_observations,28.3,87,11.9,998.9,44.0,39.0,52.0,45.0,48.714285714285715,46.0,0,6,0.26556302780405594,-0.9640935007889755
"Fort William, Kolkata - WBPCB",2025-06-17,46.0,14.24,46.14,8.73,6.97,0.62,23.67,23.08,mean_of_source_observations,26.9,94,14.8,997.8,54.0,44.0,39.0,45.666666666666664,48.0,53.0,1,6,0.24893980855376657,-0.9685189578512204
"Fort William, Kolkata - WBPCB",2025-06-18,53.0,14.93,52.51,11.46,7.61,0.73,28.07,21.13,mean_of_source_observations,26.9,91,19.4,996.4,46.0,54.0,44.0,48.0,46.142857142857146,38.0,2,6,0.23224292400907015,-0.9726578145718654
"Fort William, Kolkata - WBPCB",2025-06-19,38.0,11.96,38.46,16.89,8.5,0.71,23.89,24.17,mean_of_source_observations,27.4,83,26.6,997.9,53.0,46.0,54.0,51.0,47.42857142857143,55.0,3,6,0.21547731504673012,-0.976508846196619
"Fort William, Kolkata - WBPCB",2025-06-20,55.0,27.14,54.0,6.43,5.51,0.77,25.15,28.8,mean_of_source_observations,28.8,83,17.1,1000.3,38.0,53.0,46.0,45.666666666666664,46.57142857142857,63.0,4,6,0.19864794288017112,-0.9800709131432666
"Fort William, Kolkata - WBPCB",2025-06-21,63.0,26.11,62.41,19.14,8.52,0.75,26.62,22.49,mean_of_source_observations,29.8,81,13.4,1000.4,55.0,38.0,53.0,48.666666666666664,47.0,42.0,5,6,0.18175978759137534,-0.9833429613388902
"Fort William, Kolkata - WBPCB",2025-06-22,42.0,16.46,42.01,14.79,7.85,0.72,26.8,23.63,mean_of_source_observations,28.6,89,10.5,999.9,63.0,55.0,38.0,52.0,50.42857142857143,53.0,6,6,0.16481784665719793,-0.9863240225317866
"Fort William, Kolkata - WBPCB",2025-06-23,53.0,13.56,52.22,11.7,9.5,0.67,25.24,25.56,mean_of_source_observations,28.3,88,13.0,998.1,42.0,63.0,55.0,53.333333333333336,50.142857142857146,38.0,0,6,0.14782713347053048,-0.9890132145779883
"Fort William, Kolkata - WBPCB",2025-06-24,38.0,9.21,37.69,16.96,9.16,0.67,23.9,26.77,mean_of_source_observations,29.0,84,9.1,997.1,53.0,42.0,63.0,52.666666666666664,50.0,40.0,1,6,0.13079267585675922,-0.9914097417023038
"Fort William, Kolkata - WBPCB",2025-06-25,40.0,24.16,39.62,12.32,6.28,0.65,22.72,23.22,mean_of_source_observations,28.5,86,16.2,998.5,38.0,53.0,42.0,44.333333333333336,48.857142857142854,53.0,2,6,0.11371951458594969,-0.9935128947338007
"Fort William, Kolkata - WBPCB",2025-06-26,53.0,20.18,51.62,6.07,10.38,0.68,23.46,26.35,mean_of_source_observations,28.5,84,16.7,1000.0,40.0,38.0,53.0,43.666666666666664,47.0,46.0,3,6,0.0966127018812031,-0.9953220513156602
"Fort William, Kolkata - WBPCB",2025-06-27,46.0,20.13,45.82,9.5,9.3,0.7,23.11,23.63,mean_of_source_observations,27.8,88,13.3,1000.3,53.0,40.0,38.0,43.666666666666664,49.142857142857146,41.0,4,6,0.07947729992362097,-0.9968366760893436
"Fort William, Kolkata - WBPCB",2025-06-28,41.0,15.23,41.41,7.96,9.59,0.75,21.47,27.83,mean_of_source_observations,27.6,89,9.7,998.1,46.0,53.0,40.0,46.333333333333336,47.857142857142854,47.0,5,6,0.062318379354325076,-0.998056320853012
"Fort William, Kolkata - WBPCB",2025-06-29,47.0,22.52,46.85,13.59,12.05,0.73,30.1,27.77,mean_of_source_observations,27.5,90,7.8,995.3,41.0,46.0,53.0,46.666666666666664,44.714285714285715,36.0,6,6,0.04514101777397193,-0.9989806246941579
"Fort William, Kolkata - WBPCB",2025-06-30,36.0,16.87,35.51,14.43,8.62,0.73,26.57,25.71,mean_of_source_observations,27.8,88,14.7,995.5,47.0,41.0,46.0,44.666666666666664,45.42857142857143,45.0,0,6,0.02795029824021032,-0.999609314096404
"Fort William, Kolkata - WBPCB",2025-07-01,45.0,11.05,45.06,10.33,9.04,0.72,24.56,23.11,mean_of_source_observations,28.2,86,13.8,997.4,36.0,47.0,41.0,41.333333333333336,43.0,56.0,1,7,0.01075130776352193,-0.9999422030204416
"Fort William, Kolkata - WBPCB",2025-07-02,56.0,12.27,55.23,11.23,9.46,0.65,28.85,23.67,mean_of_source_observations,28.0,88,11.2,998.3,45.0,36.0,47.0,42.666666666666664,44.0,52.0,2,7,-0.00645086419810515,-0.9999791929590823
"Fort William, Kolkata - WBPCB",2025-07-03,52.0,17.67,50.86,14.66,8.06,0.67,23.68,27.23,mean_of_source_observations,28.0,89,11.5,999.1,56.0,45.0,36.0,45.666666666666664,46.285714285714285,52.0,3,7,-0.023651127245231586,-0.9997202729664083
"Fort William, Kolkata - WBPCB",2025-07-04,52.0,9.93,51.17,8.49,6.88,0.59,23.31,23.1,mean_of_source_observations,27.6,90,13.0,999.3,52.0,56.0,45.0,51.0,46.142857142857146,47.0,4,7,-0.04084439154329611,-0.9991655196610109
"Fort William, Kolkata - WBPCB",2025-07-05,47.0,18.73,47.19,16.73,8.33,0.72,29.95,26.01,mean_of_source_observations,27.7,89,10.0,997.9,52.0,52.0,56.0,53.333333333333336,47.0,57.0,5,7,-0.05802556932878035,-0.9983150972033183
"Fort William, Kolkata - WBPCB",2025-07-06,57.0,11.74,56.44,12.5,7.45,0.69,25.35,21.91,mean_of_source_observations,27.1,89,8.9,996.5,47.0,52.0,52.0,50.333333333333336,47.857142857142854,34.0,6,7,-0.07518957641475855,-0.9971692572470178
"Fort William, Kolkata - WBPCB",2025-07-07,34.0,13.88,33.16,10.97,7.82,0.68,26.29,20.57,mean_of_source_observations,26.6,93,12.7,996.3,57.0,47.0,52.0,52.0,49.285714285714285,37.0,0,7,-0.09233133369539122,-0.9957283388645872
"Fort William, Kolkata - WBPCB",2025-07-08,37.0,13.54,37.29,6.65,9.23,0.68,25.33,20.93,mean_of_source_observations,26.0,94,11.4,996.6,34.0,57.0,47.0,46.0,49.0,52.0,1,7,-0.10944576864891556,-0.993992768446958
"Fort William, Kolkata - WBPCB",2025-07-10,,,,13.13,7.58,0.71,25.71,21.81,mean_of_source_observations,27.8,87,13.9,999.9,52.0,37.0,34.0,41.0,47.285714285714285,49.0,3,7,-0.1435724234118113,-0.9896398128792412
"Fort William, Kolkata - WBPCB",2025-07-18,,,,12.9,9.34,0.79,27.57,25.23,mean_of_source_observations,29.0,86,8.7,1003.0,54.0,58.0,59.0,57.0,49.57142857142857,31.0,4,7,-0.2779791393987801,-0.9605871111248129
"Fort William, Kolkata - WBPCB",2025-07-26,49.0,18.49,48.76,6.25,9.22,0.68,24.89,23.79,mean_of_source_observations,28.3,86,19.5,996.7,48.0,52.0,56.0,52.0,44.42857142857143,44.0,5,7,-0.4071294853542516,-0.9133704517637858
"Fort William, Kolkata - WBPCB",2025-07-27,44.0,16.85,44.45,10.54,5.54,0.64,23.99,21.27,mean_of_source_observations,29.3,84,10.4,997.8,49.0,48.0,52.0,49.666666666666664,47.0,44.0,6,7,-0.4227806579826773,-0.9062320427107697
"Fort William, Kolkata - WBPCB",2025-07-28,44.0,24.48,44.3,16.8,8.96,0.71,28.64,26.19,mean_of_source_observations,28.3,88,9.6,998.3,44.0,49.0,48.0,47.0,48.0,41.0,0,7,-0.4383067230125192,-0.898825465016444
"Fort William, Kolkata - WBPCB",2025-07-29,41.0,14.04,40.95,12.26,8.1,0.66,19.95,24.72,mean_of_source_observations,27.4,92,11.9,998.9,44.0,44.0,49.0,45.666666666666664,48.0,46.0,1,7,-0.45370308603134424,-0.8911529104063088
"Fort William, Kolkata - WBPCB",2025-07-30,46.0,12.39,45.92,15.04,6.74,0.65,26.54,27.07,mean_of_source_observations,27.1,91,13.4,999.4,41.0,44.0,44.0,43.0,47.714285714285715,37.0,2,7,-0.46896519100763184,-0.8832166493127127
"Fort William, Kolkata - WBPCB",2025-07-31,37.0,13.5,36.57,13.67,10.16,0.69,23.05,25.81,mean_of_source_observations,27.4,92,10.8,1000.0,46.0,41.0,44.0,43.666666666666664,46.285714285714285,54.0,3,7,-0.48408852163897587,-0.8750190302029955
"Fort William, Kolkata - WBPCB",2025-08-01,54.0,10.53,53.47,17.49,6.91,0.74,23.56,24.88,mean_of_source_observations,28.6,88,11.1,1000.3,37.0,46.0,41.0,41.333333333333336,44.142857142857146,44.0,4,8,-0.4990686026885319,-0.8665624788845385
"Fort William, Kolkata - WBPCB",2025-08-02,44.0,13.52,43.58,11.61,11.05,0.74,25.88,19.7,mean_of_source_observations,28.9,88,11.8,1001.4,54.0,37.0,46.0,45.666666666666664,45.0,46.0,5,8,-0.5139010013093103,-0.8578494977869301
"Fort William, Kolkata - WBPCB",2025-08-03,46.0,24.24,46.04,12.19,8.17,0.74,24.8,19.8,mean_of_source_observations,29.0,87,17.8,1004.1,44.0,54.0,37.0,45.0,44.285714285714285,41.0,6,8,-0.5285813283559292,-0.8488826652214553
"Fort William, Kolkata - WBPCB",2025-08-04,41.0,9.35,40.68,7.51,8.44,0.74,30.59,22.08,mean_of_source_observations,29.0,86,12.6,1005.3,46.0,44.0,54.0,48.0,44.57142857142857,42.0,0,8,-0.5431052396834317,-0.8396646346181327
"Fort William, Kolkata - WBPCB",2025-08-05,42.0,25.24,36.4,10.08,5.75,0.67,26.83,29.51,mean_of_source_observations,28.4,89,15.4,1005.5,41.0,46.0,44.0,43.666666666666664,44.142857142857146,45.0,1,8,-0.5574684374327892,-0.8301981337405212
"Fort William, Kolkata - WBPCB",2025-08-06,45.0,9.94,44.81,19.56,6.14,0.67,26.07,23.17,mean_of_source_observations,27.5,89,9.0,1004.3,42.0,41.0,46.0,43.0,44.285714285714285,46.0,2,8,-0.5716666713027052,-0.8204859638785327
"Fort William, Kolkata - WBPCB",2025-08-07,46.0,22.33,45.83,13.23,5.0,0.73,25.87,23.99,mean_of_source_observations,27.3,91,11.0,1003.4,45.0,42.0,41.0,42.666666666666664,44.142857142857146,45.0,3,8,-0.5856957398073508,-0.8105309990194823
"Fort William, Kolkata - WBPCB",2025-08-08,45.0,8.0,44.75,11.87,7.39,0.68,23.57,29.39,mean_of_source_observations,27.3,87,11.9,1005.8,46.0,45.0,42.0,44.333333333333336,45.42857142857143,59.0,4,8,-0.5995514915196489,-0.8003361849976323
"Fort William, Kolkata - WBPCB",2025-08-09,59.0,25.8,58.4,7.14,10.01,0.82,31.79,23.41,mean_of_source_observations,27.9,84,15.3,1007.4,45.0,46.0,45.0,45.333333333333336,44.142857142857146,46.0,5,8,-0.6132298262997502,-0.7899045386224707
"Fort William, Kolkata - WBPCB",2025-08-10,46.0,14.56,45.9,13.78,7.05,0.59,29.2,24.45,mean_of_source_observations,29.6,79,14.4,1005.4,59.0,45.0,46.0,50.0,46.285714285714285,42.0,6,8,-0.6267266965083301,-0.7792391467859886
"Fort William, Kolkata - WBPCB",2025-08-11,42.0,18.88,42.31,11.79,8.42,0.66,22.8,25.21,mean_of_source_observations,29.2,85,9.3,1003.8,46.0,59.0,45.0,50.0,46.285714285714285,54.0,0,8,-0.6400381082043503,-0.7683431655492202
"Fort William, Kolkata - WBPCB",2025-08-12,54.0,17.76,52.86,8.78,9.17,0.79,25.71,23.73,mean_of_source_observations,29.7,83,9.5,1001.9,42.0,46.0,59.0,49.0,46.42857142857143,49.0,1,8,-0.65316012232693,-0.7572198192083127
"Fort William, Kolkata - WBPCB",2025-08-13,49.0,16.71,48.56,9.59,6.59,0.7,23.38,26.14,mean_of_source_observations,28.2,87,9.5,1003.4,54.0,42.0,46.0,47.333333333333336,48.142857142857146,64.0,2,8,-0.666088855860977,-0.7458723993404063
"Fort William, Kolkata - WBPCB",2025-08-14,64.0,25.72,63.16,14.4,8.96,0.71,20.95,22.53,mean_of_source_observations,27.8,87,14.3,1003.9,49.0,54.0,42.0,48.333333333333336,48.714285714285715,50.0,3,8,-0.6788204829862355,-0.734304263829602
"Fort William, Kolkata - WBPCB",2025-08-15,50.0,23.7,49.82,14.5,8.43,0.7,30.16,31.55,mean_of_source_observations,28.1,86,12.2,1002.1,64.0,49.0,54.0,55.666666666666664,51.285714285714285,44.0,4,8,-0.6913512362094071,-0.722518835873311
"Fort William, Kolkata - WBPCB",2025-08-16,44.0,18.63,44.38,8.17,9.2,0.75,19.2,22.36,mean_of_source_observations,28.8,84,9.5,1001.0,50.0,64.0,49.0,54.333333333333336,52.0,54.0,5,8,-0.7036774074790128,-0.7105196029692745
"Fort William, Kolkata - WBPCB",2025-08-17,54.0,21.31,53.34,17.26,7.32,0.77,27.91,22.81,mean_of_source_observations,28.8,83,13.7,1001.9,44.0,50.0,64.0,52.666666666666664,49.857142857142854,55.0,6,8,-0.7157953492826642,-0.6983101158835584
"Fort William, Kolkata - WBPCB",2025-08-18,55.0,23.74,53.59,11.98,8.68,0.75,26.09,25.88,mean_of_source_observations,28.2,84,17.8,1003.0,54.0,44.0,50.0,49.333333333333336,51.0,34.0,0,8,-0.7277014757264236,-0.6858939875998223
"Fort William, Kolkata - WBPCB",2025-08-19,34.0,18.11,29.27,15.96,9.17,0.69,18.59,26.18,mean_of_source_observations,27.7,86,19.1,1002.4,55.0,54.0,44.0,51.0,52.857142857142854,54.0,1,8,-0.7393922635959241,-0.673274892250183
"Fort William, Kolkata - WBPCB",2025-08-20,54.0,23.77,53.24,9.57,7.52,0.71,25.6,21.51,mean_of_source_observations,27.8,86,17.1,1003.0,34.0,55.0,54.0,47.666666666666664,50.0,42.0,2,8,-0.7508642533989489,-0.6604565640279754
"Fort William, Kolkata - WBPCB",2025-08-21,42.0,24.93,41.42,9.24,7.98,0.7,22.81,25.5,mean_of_source_observations,26.7,93,13.3,1003.5,54.0,34.0,55.0,47.666666666666664,50.714285714285715,53.0,3,8,-0.7621140503891487,-0.6474427960827475
"Fort William, Kolkata - WBPCB",2025-08-22,53.0,17.42,51.98,15.7,9.27,0.67,23.79,23.2,mean_of_source_observations,26.5,92,13.3,1000.8,42.0,54.0,34.0,43.333333333333336,47.57142857142857,55.0,4,8,-0.7731383255706026,-0.6342374393978054
"Fort William, Kolkata - WBPCB",2025-08-23,55.0,15.05,53.76,15.69,8.7,0.7,22.54,24.7,mean_of_source_observations,26.5,90,13.9,1000.1,53.0,42.0,54.0,49.666666666666664,48.0,57.0,5,8,-0.7839338166829201,-0.620844401650647
"Fort William, Kolkata - WBPCB",2025-08-24,57.0,22.27,56.04,13.21,6.59,0.74,25.18,23.68,mean_of_source_observations,27.4,86,17.8,1002.7,55.0,53.0,42.0,50.0,49.57142857142857,46.0,6,8,-0.7944973291665992,-0.6072676460566135
"Fort William, Kolkata - WBPCB",2025-08-25,46.0,16.77,46.1,10.64,7.57,0.75,25.57,22.25,mean_of_source_observations,28.0,86,9.2,1003.1,57.0,55.0,53.0,55.0,50.0,67.0,0,8,-0.8048257371083452,-0.593511190196115
"Fort William, Kolkata - WBPCB",2025-08-26,67.0,23.21,65.9,9.61,7.97,0.76,26.94,25.04,mean_of_source_observations,28.7,83,10.3,1003.4,46.0,57.0,55.0,52.666666666666664,48.714285714285715,46.0,1,8,-0.8149159841660791,-0.5795791048257612
"Fort William, Kolkata - WBPCB",2025-08-27,46.0,20.15,45.73,10.37,6.49,0.72,26.8,23.5,mean_of_source_observations,28.2,84,15.2,1002.7,67.0,46.0,57.0,56.666666666666664,53.42857142857143,44.0,2,8,-0.8247650844733614,-0.5654755126737576
"Fort William, Kolkata - WBPCB",2025-08-28,44.0,26.44,36.58,8.26,6.61,0.68,28.28,22.61,mean_of_source_observations,27.8,86,17.4,1003.5,46.0,67.0,46.0,53.0,52.285714285714285,59.0,3,8,-0.8343701235229537,-0.5512045872199277
"Fort William, Kolkata - WBPCB",2025-08-29,59.0,26.25,57.68,17.64,7.41,0.71,27.92,21.01,mean_of_source_observations,27.3,89,13.6,1005.3,44.0,46.0,67.0,52.333333333333336,52.57142857142857,54.0,4,8,-0.8437282590292712,-0.5367705514607103
"Fort William, Kolkata - WBPCB",2025-08-30,54.0,32.11,47.59,16.66,6.1,0.7,24.41,25.98,mean_of_source_observations,27.4,90,10.8,1006.2,59.0,44.0,46.0,49.666666666666664,53.42857142857143,47.0,5,8,-0.8528367217694595,-0.522177676659508
"Fort William, Kolkata - WBPCB",2025-08-31,47.0,28.41,45.23,13.83,8.91,0.74,27.06,24.56,mean_of_source_observations,28.9,86,6.9,1003.9,54.0,59.0,44.0,52.333333333333336,53.285714285714285,61.0,6,8,-0.8616928164028521,-0.5074302810827518
"Fort William, Kolkata - WBPCB",2025-09-01,61.0,25.32,60.37,17.33,8.47,0.66,23.57,21.51,mean_of_source_observations,29.6,82,12.2,1000.5,47.0,54.0,59.0,53.333333333333336,51.857142857142854,48.0,0,9,-0.8702939222685674,-0.49253272872205434
"Fort William, Kolkata - WBPCB",2025-09-02,48.0,20.26,48.21,9.36,9.95,0.73,26.75,25.1,mean_of_source_observations,27.5,87,16.1,1000.9,61.0,47.0,54.0,54.0,54.0,59.0,1,9,-0.8786374941610001,-0.4774894280028391
"Fort William, Kolkata - WBPCB",2025-09-03,59.0,18.66,58.49,13.78,9.26,0.68,28.44,22.24,mean_of_source_observations,27.0,88,21.9,1002.1,48.0,61.0,47.0,52.0,51.285714285714285,55.0,2,9,-0.886721063082993,-0.46230483047981086
"Fort William, Kolkata - WBPCB",2025-09-04,55.0,26.19,54.36,14.35,7.79,0.66,22.34,27.43,mean_of_source_observations,27.5,88,15.2,1004.0,59.0,48.0,61.0,56.0,53.142857142857146,51.0,3,9,-0.8945422369764496,-0.4469834295196741
"Fort William, Kolkata - WBPCB",2025-09-05,51.0,30.19,49.06,20.01,7.0,0.81,26.94,26.4,mean_of_source_observations,28.2,86,11.2,1005.4,55.0,59.0,48.0,54.0,54.714285714285715,47.0,4,9,-0.9020987014301837,-0.43152975897147144
"Fort William, Kolkata - WBPCB",2025-09-06,47.0,28.48,45.03,18.63,6.6,0.78,24.35,22.78,mean_of_source_observations,28.9,84,8.5,1006.4,51.0,55.0,59.0,55.0,53.57142857142857,40.0,5,9,-0.9093882203647925,-0.4159483918249421
"Fort William, Kolkata - WBPCB",2025-09-07,40.0,24.02,39.67,15.87,6.16,0.73,25.85,24.06,mean_of_source_observations,29.1,80,10.8,1005.6,47.0,51.0,55.0,51.0,52.57142857142857,71.0,6,9,-0.9164086366943458,-0.4002439388573056
"Fort William, Kolkata - WBPCB",2025-09-08,71.0,22.35,70.61,13.26,8.19,0.74,28.51,25.61,mean_of_source_observations,29.2,80,7.7,1005.4,40.0,47.0,51.0,46.0,51.57142857142857,67.0,0,9,-0.9231578729647039,-0.38442104726885545
"Fort William, Kolkata - WBPCB",2025-09-09,67.0,30.69,66.19,16.59,7.4,0.76,23.94,22.02,mean_of_source_observations,29.7,78,11.0,1006.0,71.0,40.0,47.0,52.666666666666664,53.0,62.0,1,9,-0.9296339319682695,-0.3684843993077793
"Fort William, Kolkata - WBPCB",2025-09-10,62.0,26.8,61.12,16.03,11.96,0.69,24.27,23.97,mean_of_source_observations,30.4,76,11.2,1005.2,67.0,71.0,40.0,59.333333333333336,55.714285714285715,63.0,2,9,-0.9358348973349941,-0.35243871088460327
"Fort William, Kolkata - WBPCB",2025-09-11,63.0,17.6,61.77,15.07,9.4,0.74,31.48,25.19,mean_of_source_observations,29.5,81,16.2,1005.1,62.0,67.0,71.0,66.66666666666667,56.142857142857146,65.0,3,9,-0.9417589340994617,-0.33628873017668287
"Fort William, Kolkata - WBPCB",2025-09-12,65.0,33.46,64.18,7.04,8.02,0.67,18.97,26.39,mean_of_source_observations,28.3,86,15.3,1006.3,63.0,62.0,67.0,64.0,57.285714285714285,63.0,4,9,-0.9474042892438845,-0.32003923622313857
"Fort William, Kolkata - WBPCB",2025-09-13,63.0,16.23,62.4,19.78,8.89,0.64,31.34,28.15,mean_of_source_observations,28.0,86,13.9,1007.2,65.0,63.0,62.0,63.333333333333336,59.285714285714285,70.0,5,9,-0.9527692922168511,-0.30369503751065885
"Fort William, Kolkata - WBPCB",2025-09-14,70.0,23.29,69.06,18.6,4.79,0.77,31.57,26.17,mean_of_source_observations,27.8,88,14.1,1007.3,63.0,65.0,63.0,63.666666666666664,61.57142857142857,62.0,6,9,-0.9578523554276669,-0.28726097055059635
"Fort William, Kolkata - WBPCB",2025-09-15,62.0,25.37,60.72,24.05,9.04,0.8,20.91,25.59,mean_of_source_observations,26.3,92,11.0,1006.5,70.0,63.0,65.0,66.0,65.85714285714286,69.0,0,9,-0.9626519747161487,-0.2707418984477642
"Fort William, Kolkata - WBPCB",2025-09-16,69.0,30.44,68.63,12.01,10.08,0.7,30.58,29.6,mean_of_source_observations,26.9,89,14.0,1006.7,62.0,70.0,63.0,65.0,64.57142857142857,52.0,1,9,-0.9671667297977312,-0.2541427094613622
"Fort William, Kolkata - WBPCB",2025-09-17,52.0,25.44,50.57,9.87,9.11,0.69,24.7,21.19,mean_of_source_observations,27.6,87,13.6,1006.8,69.0,62.0,70.0,67.0,64.85714285714286,57.0,2,9,-0.97139528468375,-0.23746831555846842
"Fort William, Kolkata - WBPCB",2025-09-18,57.0,25.09,56.28,16.33,7.8,0.76,22.75,16.26,mean_of_source_observations,28.8,84,10.4,1006.1,52.0,69.0,62.0,61.0,63.42857142857143,63.0,3,9,-0.9753363880767837,-0.2207236509605022
"Fort William, Kolkata - WBPCB",2025-09-19,63.0,28.52,61.93,17.56,7.71,0.75,26.1,23.5,mean_of_source_observations,28.5,89,7.8,1006.0,57.0,52.0,69.0,59.333333333333336,62.57142857142857,73.0,4,9,-0.9789888737409319,-0.20391367068311472
"Fort William, Kolkata - WBPCB",2025-09-20,73.0,34.38,72.2,21.13,9.27,0.69,21.33,24.83,mean_of_source_observations,29.0,88,5.5,1004.5,63.0,57.0,52.0,57.333333333333336,62.285714285714285,72.0,5,9,-0.9823516608469237,-0.18704334906991657
"Fort William, Kolkata - WBPCB",2025-09-21,72.0,27.84,71.67,18.66,8.15,0.83,25.85,20.11,mean_of_source_observations,28.9,87,8.3,1003.3,73.0,63.0,57.0,64.33333333333333,63.714285714285715,67.0,6,9,-0.9854237542919524,-0.17011767832049052
"Fort William, Kolkata - WBPCB",2025-09-22,67.0,39.62,59.04,15.93,5.28,0.76,28.47,24.64,mean_of_source_observations,27.6,90,6.4,1003.5,72.0,73.0,63.0,69.33333333333333,64.0,63.0,0,9,-0.9882042449941422,-0.15314166701312007
"Fort William, Kolkata - WBPCB",2025-09-23,63.0,31.39,62.22,10.73,10.47,0.85,26.0,22.03,mean_of_source_observations,27.0,89,12.5,1002.5,67.0,72.0,73.0,70.66666666666667,64.71428571428571,62.0,1,9,-0.9906923101615609,-0.13612033862266704
"Fort William, Kolkata - WBPCB",2025-09-24,62.0,28.18,60.9,18.91,8.85,0.75,30.8,25.27,mean_of_source_observations,27.8,89,9.9,1001.1,63.0,67.0,72.0,67.33333333333333,63.857142857142854,65.0,2,9,-0.9928872135356962,-0.11905873003404988
"Fort William, Kolkata - WBPCB",2025-09-25,65.0,28.88,64.26,19.4,7.65,0.82,25.66,20.72,mean_of_source_observations,28.6,85,8.0,1001.1,62.0,63.0,67.0,64.0,65.28571428571429,69.0,3,9,-0.994788305609327,-0.10196189005174576
"Fort William, Kolkata - WBPCB",2025-09-26,69.0,28.14,68.25,15.31,9.51,0.71,22.64,23.55,mean_of_source_observations,28.0,87,21.0,1002.5,65.0,62.0,63.0,63.333333333333336,66.42857142857143,70.0,4,9,-0.9963950238187231,-0.08483487790576538
"Fort William, Kolkata - WBPCB",2025-09-27,70.0,34.73,69.73,13.63,8.53,0.73,28.25,24.14,mean_of_source_observations,27.9,86,20.1,1006.5,69.0,65.0,62.0,65.33333333333333,67.28571428571429,69.0,5,9,-0.9977068927101168,-0.06768276175455162
"Fort William, Kolkata - WBPCB",2025-09-28,69.0,30.65,68.44,16.48,11.54,0.68,23.53,27.29,mean_of_source_observations,28.0,87,7.6,1006.6,70.0,69.0,65.0,68.0,66.85714285714286,83.0,6,9,-0.9987235240803972,-0.050510617185222886
"Fort William, Kolkata - WBPCB",2025-09-29,83.0,31.62,82.57,21.51,8.99,0.79,25.04,26.19,mean_of_source_observations,29.4,81,7.0,1004.5,69.0,70.0,69.0,69.33333333333333,66.42857142857143,66.0,0,9,-0.9994446170919858,-0.033323525711631344
"Fort William, Kolkata - WBPCB",2025-09-30,66.0,29.81,65.11,13.84,4.91,0.72,25.96,21.45,mean_of_source_observations,29.3,84,7.5,1002.4,83.0,69.0,70.0,74.0,68.71428571428571,84.0,1,9,-0.9998699583618592,-0.016126573270657762
"Fort William, Kolkata - WBPCB",2025-10-01,84.0,41.63,83.93,21.42,6.01,0.77,27.87,19.66,mean_of_source_observations,28.6,84,12.1,1003.3,66.0,83.0,69.0,72.66666666666667,69.14285714285714,64.0,2,10,-0.9999994220246925,0.001075151282798226
"Fort William, Kolkata - WBPCB",2025-10-02,64.0,24.65,63.5,20.45,8.77,0.72,21.11,22.19,mean_of_source_observations,26.4,92,15.2,1006.4,84.0,66.0,83.0,77.66666666666667,72.28571428571429,67.0,3,10,-0.999832969770105,0.018276557681691223
"Fort William, Kolkata - WBPCB",2025-10-03,67.0,32.36,65.85,25.65,7.29,0.72,28.59,20.7,mean_of_source_observations,27.4,88,17.1,1008.3,64.0,84.0,66.0,71.33333333333333,72.14285714285714,74.0,4,10,-0.9993706508539969,0.03547255575312556
"Fort William, Kolkata - WBPCB",2025-10-04,74.0,36.13,73.28,24.41,6.26,0.72,22.56,25.91,mean_of_source_observations,28.0,86,18.4,1008.2,67.0,64.0,84.0,71.66666666666667,71.85714285714286,94.0,5,10,-0.9986126020839734,0.052658056924614005
"Fort William, Kolkata - WBPCB",2025-10-05,94.0,36.21,93.54,15.37,9.35,0.8,29.49,22.78,mean_of_source_observations,26.8,90,15.4,1008.2,74.0,67.0,64.0,68.33333333333333,72.42857142857143,71.0,6,10,-0.9975590477788613,0.06982797572987089
"Fort William, Kolkata - WBPCB",2025-10-06,71.0,35.3,70.47,15.44,8.63,0.68,22.6,24.49,mean_of_source_observations,26.8,89,10.5,1008.9,94.0,74.0,67.0,78.33333333333333,76.0,75.0,0,10,-0.9962102997023297,0.0869772313136861
"Fort William, Kolkata - WBPCB",2025-10-07,75.0,39.03,74.88,21.46,5.61,0.76,31.38,25.67,mean_of_source_observations,27.8,86,6.1,1008.9,71.0,94.0,74.0,79.66666666666667,74.28571428571429,63.0,1,10,-0.9945667569706337,0.1041007489354256
"Fort William, Kolkata - WBPCB",2025-10-08,63.0,37.08,51.03,21.43,7.58,0.83,22.08,19.99,mean_of_source_observations,27.1,88,9.9,1009.3,75.0,71.0,94.0,80.0,75.57142857142857,77.0,2,10,-0.9926289059345095,0.121193461470736
"Fort William, Kolkata - WBPCB",2025-10-09,77.0,35.36,76.47,18.81,8.81,0.7,23.94,21.08,mean_of_source_observations,27.6,87,6.8,1009.7,63.0,75.0,71.0,69.66666666666667,72.57142857142857,73.0,3,10,-0.9903973200352558,0.1382503109109819
"Fort William, Kolkata - WBPCB",2025-10-10,73.0,31.85,72.5,11.59,7.5,0.68,27.74,24.2,mean_of_source_observations,27.4,86,8.1,1009.0,77.0,63.0,75.0,71.66666666666667,74.42857142857143,81.0,4,10,-0.9878726596350429,0.15526624985999563
"Fort William, Kolkata - WBPCB",2025-10-11,81.0,38.66,80.95,16.44,7.61,0.75,28.44,21.0,mean_of_source_observations,27.3,85,10.9,1009.0,73.0,77.0,63.0,71.0,75.28571428571429,87.0,5,10,-0.9850556718215013,0.172236243027682
"Fort William, Kolkata - WBPCB",2025-10-12,87.0,32.39,86.84,25.39,10.69,0.63,24.79,23.38,mean_of_source_observations,27.9,78,7.6,1009.6,81.0,73.0,77.0,77.0,76.28571428571429,73.0,6,10,-0.981947190186646,0.18915526872004093
"Fort William, Kolkata - WBPCB",2025-10-13,73.0,28.45,72.07,20.81,7.3,0.68,29.09,25.33,mean_of_source_observations,27.8,74,9.7,1010.4,87.0,81.0,73.0,80.33333333333333,75.28571428571429,72.0,0,10,-0.9785481345802031,0.20601832032517084
"Fort William, Kolkata - WBPCB",2025-10-14,72.0,42.78,66.81,10.98,8.36,0.75,25.51,27.44,mean_of_source_observations,28.0,70,11.4,1009.4,73.0,87.0,81.0,80.33333333333333,75.57142857142857,93.0,1,10,-0.9748595108374125,0.22282040779479959
"Fort William, Kolkata - WBPCB",2025-10-15,93.0,37.45,92.56,12.22,6.48,0.66,27.71,22.83,mean_of_source_observations,28.4,64,12.3,1009.1,72.0,73.0,87.0,77.33333333333333,75.14285714285714,77.0,2,10,-0.9708824104813836,0.23955655912092708
"Fort William, Kolkata - WBPCB",2025-10-16,77.0,36.81,76.35,19.81,9.5,0.78,25.04,25.17,mean_of_source_observations,28.4,63,9.0,1009.5,93.0,72.0,73.0,79.33333333333333,79.42857142857143,82.0,3,10,-0.9666180104000972,0.2562218218071163
"Fort William, Kolkata - WBPCB",2025-10-17,82.0,38.57,81.24,23.03,7.77,0.77,26.03,29.35,mean_of_source_observations,29.3,63,9.5,1010.8,77.0,93.0,72.0,80.66666666666667,79.42857142857143,75.0,4,10,-0.9620675724981452,0.27281126433401914
"Fort William, Kolkata - WBPCB",2025-10-18,75.0,39.24,74.82,21.17,6.19,0.77,25.25,22.24,mean_of_source_observations,29.5,64,7.1,1010.4,82.0,77.0,93.0,84.0,80.71428571428571,80.0,5,10,-0.957232443323312,0.28931997761869527
"Fort William, Kolkata - WBPCB",2025-10-19,80.0,38.79,79.23,17.29,11.06,0.74,19.42,22.89,mean_of_source_observations,30.4,64,9.0,1009.5,75.0,82.0,77.0,78.0,79.85714285714286,75.0,6,10,-0.9521140536681102,0.3057430764672831
"Fort William, Kolkata - WBPCB",2025-10-20,75.0,39.82,74.32,16.79,9.62,0.8,24.88,24.29,mean_of_source_observations,30.8,60,11.5,1009.8,80.0,75.0,82.0,79.0,78.85714285714286,84.0,0,10,-0.9467139181463862,0.3220757010206104
"Fort William, Kolkata - WBPCB",2025-10-21,84.0,42.21,83.76,20.86,7.58,0.74,23.01,23.98,mean_of_source_observations,30.2,58,10.6,1010.7,75.0,80.0,75.0,76.66666666666667,79.14285714285714,82.0,1,10,-0.9410336347451197,0.3383130181923076
"Fort William, Kolkata - WBPCB",2025-10-22,82.0,40.87,81.5,19.58,6.74,0.67,29.44,24.71,mean_of_source_observations,29.9,58,10.5,1011.0,84.0,75.0,80.0,79.66666666666667,80.85714285714286,92.0,2,10,-0.9350748843515574,0.3544502230989869
"Fort William, Kolkata - WBPCB",2025-10-23,92.0,44.36,92.17,19.36,4.5,0.77,22.16,22.87,mean_of_source_observations,30.2,56,8.3,1010.5,82.0,84.0,75.0,80.33333333333333,79.28571428571429,90.0,3,10,-0.9288394302558068,0.3704825404820963
"Fort William, Kolkata - WBPCB",2025-10-24,90.0,53.92,72.47,23.07,8.76,0.82,21.79,27.88,mean_of_source_observations,30.3,53,8.6,1010.4,92.0,82.0,84.0,86.0,81.42857142857143,88.0,4,10,-0.9223291176290545,0.3864052261209853
"Fort William, Kolkata - WBPCB",2025-10-25,88.0,47.32,88.16,25.85,7.38,0.7,27.2,23.86,mean_of_source_observations,29.5,68,8.3,1010.5,90.0,92.0,82.0,88.0,82.57142857142857,80.0,5,10,-0.9155458729775467,0.40221356823680365
"Fort William, Kolkata - WBPCB",2025-10-26,80.0,45.32,79.58,17.29,6.45,0.77,23.38,22.32,mean_of_source_observations,29.8,69,4.6,1010.8,88.0,90.0,92.0,90.0,84.42857142857143,83.0,6,10,-0.9084917035725082,0.41790288888678667
"Fort William, Kolkata - WBPCB",2025-10-27,83.0,43.98,82.93,29.05,6.97,0.78,23.82,24.47,mean_of_source_observations,30.3,65,7.4,1011.2,80.0,88.0,90.0,86.0,84.42857142857143,82.0,0,10,-0.9011686968561569,0.4334685453485363
"Fort William, Kolkata - WBPCB",2025-10-28,82.0,45.65,81.91,21.86,6.5,0.79,22.14,24.64,mean_of_source_observations,29.9,69,11.4,1010.8,83.0,80.0,88.0,83.66666666666667,85.57142857142857,102.0,1,10,-0.8935790198239952,0.4489059314938798
"Fort William, Kolkata - WBPCB",2025-10-29,102.0,48.0,101.79,23.21,8.63,0.79,25.57,21.25,mean_of_source_observations,26.6,89,12.0,1010.5,82.0,83.0,80.0,81.66666666666667,85.28571428571429,93.0,2,10,-0.8857249183835637,0.4642104791518923
"Fort William, Kolkata - WBPCB",2025-10-30,93.0,46.78,93.13,21.65,7.43,0.79,25.19,24.95,mean_of_source_observations,26.8,88,10.3,1010.8,102.0,82.0,83.0,89.0,88.14285714285714,93.0,3,10,-0.8776087166898392,0.4793776594606945
"Fort William, Kolkata - WBPCB",2025-10-31,93.0,50.57,93.2,18.05,6.02,0.88,23.81,21.12,mean_of_source_observations,27.9,82,12.3,1009.6,93.0,102.0,82.0,92.33333333333333,88.28571428571429,97.0,4,10,-0.8692328164574792,0.49440298420761813
"Fort William, Kolkata - WBPCB",2025-11-01,97.0,50.51,96.47,22.49,10.19,0.77,25.69,22.75,mean_of_source_observations,27.3,87,9.9,1008.5,93.0,93.0,102.0,96.0,88.71428571428571,88.0,5,11,-0.8605996962501181,0.5092820071573356
"Fort William, Kolkata - WBPCB",2025-11-02,88.0,44.91,87.75,29.67,7.76,0.76,22.13,20.27,mean_of_source_observations,26.3,81,13.2,1008.9,97.0,93.0,93.0,94.33333333333333,90.0,84.0,6,11,-0.8517119107469189,0.5240103253675756
"Fort William, Kolkata - WBPCB",2025-11-03,84.0,44.01,83.85,23.3,8.9,0.81,19.9,21.76,mean_of_source_observations,25.8,73,11.0,1008.8,88.0,97.0,93.0,92.66666666666667,91.14285714285714,89.0,0,11,-0.8425720899866032,0.5385835804920232
"Fort William, Kolkata - WBPCB",2025-11-04,89.0,48.89,88.97,21.38,7.34,0.84,19.07,22.92,mean_of_source_observations,25.2,68,10.8,1008.2,84.0,88.0,97.0,89.66666666666667,91.28571428571429,91.0,1,11,-0.8331829385891785,0.5529974600700271
"Fort William, Kolkata - WBPCB",2025-11-05,91.0,54.78,85.18,23.74,5.97,0.81,24.6,18.99,mean_of_source_observations,25.4,73,9.5,1007.2,89.0,84.0,88.0,87.0,92.28571428571429,90.0,2,11,-0.8235472349556007,0.5672476988027229
"Fort William, Kolkata - WBPCB",2025-11-06,90.0,42.3,89.36,26.41,8.06,0.83,23.41,25.49,mean_of_source_observations,26.5,74,6.8,1008.8,91.0,89.0,84.0,88.0,90.71428571428571,96.0,3,11,-0.8136678304455991,0.5813300798152042
"Fort William, Kolkata - WBPCB",2025-11-07,96.0,49.81,96.25,22.19,7.27,0.82,23.65,25.95,mean_of_source_observations,27.1,67,12.4,1010.9,90.0,91.0,89.0,90.0,90.28571428571429,105.0,4,11,-0.8035476485339116,0.5952404359043674
"Fort William, Kolkata - WBPCB",2025-11-08,105.0,47.82,105.78,28.28,11.48,0.76,27.6,28.57,mean_of_source_observations,25.6,56,12.3,1012.2,96.0,90.0,91.0,92.33333333333333,90.71428571428571,97.0,5,11,-0.7931896839451843,0.6089746507720486
"Fort William, Kolkata - WBPCB",2025-11-09,97.0,47.74,96.62,25.86,10.56,0.83,23.41,25.96,mean_of_source_observations,24.4,57,9.3,1011.3,105.0,96.0,90.0,97.0,91.85714285714286,103.0,6,11,-0.7825970017677834,0.6225286602431057
"Fort William, Kolkata - WBPCB",2025-11-10,103.0,47.76,102.77,25.28,12.15,0.82,28.41,25.3,mean_of_source_observations,25.0,57,9.3,1011.9,97.0,105.0,96.0,99.33333333333333,93.14285714285714,103.0,0,11,-0.7717727365467837,0.6358984534680745
"Fort William, Kolkata - WBPCB",2025-11-11,103.0,56.45,102.64,22.83,8.07,0.88,25.11,19.63,mean_of_source_observations,24.4,53,8.1,1012.6,103.0,97.0,105.0,101.66666666666667,95.85714285714286,101.0,1,11,-0.7607200913564104,0.6490800741100398
"Fort William, Kolkata - WBPCB",2025-11-12,101.0,54.54,100.48,24.06,6.48,0.77,26.49,25.35,mean_of_source_observations,23.6,55,8.4,1013.7,103.0,103.0,97.0,101.0,97.85714285714286,101.0,2,11,-0.7494423368521953,0.6620696215153815
"Fort William, Kolkata - WBPCB",2025-11-13,101.0,50.61,100.1,24.77,6.63,0.84,26.81,22.06,mean_of_source_observations,23.6,58,9.4,1015.0,101.0,103.0,103.0,102.33333333333333,99.28571428571429,82.0,3,11,-0.7379428103031386,0.6748632518680403
"Fort William, Kolkata - WBPCB",2025-11-14,82.0,47.85,81.98,26.81,6.27,0.75,23.79,21.66,mean_of_source_observations,23.7,56,9.1,1014.9,101.0,101.0,103.0,101.66666666666667,100.85714285714286,96.0,4,11,-0.7262249146041543,0.6874571793269664
"Fort William, Kolkata - WBPCB",2025-11-15,96.0,54.89,95.82,27.31,6.68,0.78,21.72,21.92,mean_of_source_observations,23.9,60,9.2,1015.8,82.0,101.0,101.0,94.66666666666667,98.85714285714286,93.0,5,11,-0.7142921172691032,0.699847677146407
"Fort William, Kolkata - WBPCB",2025-11-16,93.0,52.6,92.43,27.59,6.74,0.83,15.12,28.07,mean_of_source_observations,23.9,57,9.7,1016.7,96.0,82.0,101.0,93.0,97.57142857142857,108.0,6,11,-0.7021479494046978,0.7120310787787131
"Fort William, Kolkata - WBPCB",2025-11-17,108.0,49.27,110.27,25.8,9.07,0.82,19.12,24.31,mean_of_source_observations,24.3,57,9.8,1016.2,93.0,96.0,82.0,90.33333333333333,97.0,96.0,0,11,-0.6897960046655887,0.7240037789593305
"Fort William, Kolkata - WBPCB",2025-11-18,96.0,49.69,96.34,28.82,10.52,0.84,25.93,25.8,mean_of_source_observations,24.6,57,5.5,1014.3,108.0,93.0,96.0,99.0,97.71428571428571,109.0,1,11,-0.6772399381909491,0.7357622347736527
"Fort William, Kolkata - WBPCB",2025-11-19,109.0,53.17,111.73,22.92,6.88,0.81,27.91,24.93,mean_of_source_observations,25.1,57,7.1,1014.5,96.0,108.0,93.0,99.0,96.71428571428571,85.0,2,11,-0.6644834655228552,0.7473029667054297
"Fort William, Kolkata - WBPCB",2025-11-20,85.0,44.55,84.44,23.44,8.36,0.8,20.21,25.81,mean_of_source_observations,25.4,52,10.2,1015.6,109.0,96.0,108.0,104.33333333333333,97.85714285714286,105.0,3,11,-0.6515303615068021,0.75862255966641
"Fort William, Kolkata - WBPCB",2025-11-21,105.0,51.9,105.35,28.07,5.83,0.74,25.49,25.17,mean_of_source_observations,25.3,56,7.7,1016.6,85.0,109.0,96.0,96.66666666666667,95.57142857142857,105.0,4,11,-0.6383844591746642,0.769717664006921
"Fort William, Kolkata - WBPCB",2025-11-22,105.0,51.61,106.17,24.51,6.33,0.75,23.79,25.37,mean_of_source_observations,24.5,59,10.0,1015.5,105.0,85.0,109.0,99.66666666666667,98.85714285714286,102.0,5,11,-0.6250496486104377,0.7805849965070866
"Fort William, Kolkata - WBPCB",2025-11-23,102.0,50.6,101.56,27.93,10.24,0.81,26.85,26.38,mean_of_source_observations,24.5,60,7.9,1015.8,105.0,105.0,85.0,98.33333333333333,100.14285714285714,99.0,6,11,-0.6115298757991053,0.7912213413483807
"Fort William, Kolkata - WBPCB",2025-11-24,99.0,56.81,99.02,28.94,8.13,0.85,26.88,27.95,mean_of_source_observations,23.9,56,13.0,1016.3,102.0,105.0,105.0,104.0,101.42857142857143,105.0,0,11,-0.5978291414589552,0.801623551065242
"Fort William, Kolkata - WBPCB",2025-11-25,105.0,50.32,106.35,30.2,9.83,0.78,23.82,24.84,mean_of_source_observations,22.7,53,9.7,1015.5,99.0,102.0,105.0,102.0,100.14285714285714,110.0,1,11,-0.5839514998576998,0.8117885474764613
"Fort William, Kolkata - WBPCB",2025-11-26,110.0,55.27,114.27,25.31,5.5,0.8,25.41,25.55,mean_of_source_observations,22.4,55,9.2,1016.2,105.0,99.0,102.0,102.0,101.42857142857143,100.0,2,11,-0.5699010576127624,0.821713322596059
"Fort William, Kolkata - WBPCB",2025-11-27,100.0,52.66,99.53,27.77,7.89,0.77,26.05,23.94,mean_of_source_observations,23.5,59,6.9,1016.2,110.0,105.0,99.0,104.66666666666667,101.57142857142857,102.0,3,11,-0.5556819724760489,0.8313949395234058
"Fort William, Kolkata - WBPCB",2025-11-28,102.0,52.93,101.24,28.93,6.67,0.76,24.37,25.76,mean_of_source_observations,23.7,60,7.7,1015.0,100.0,110.0,105.0,105.0,103.71428571428571,104.0,4,11,-0.5412984521036173,0.8408305333122887
"Fort William, Kolkata - WBPCB",2025-11-29,104.0,52.77,104.89,29.9,5.6,0.83,17.54,25.32,mean_of_source_observations,23.7,59,9.1,1013.7,102.0,100.0,110.0,104.0,103.28571428571429,130.0,5,11,-0.5267547528105542,0.8500173118187018
"Fort William, Kolkata - WBPCB",2025-11-30,130.0,68.65,100.33,23.27,6.99,0.86,25.04,19.94,mean_of_source_observations,23.6,57,8.0,1013.7,104.0,102.0,100.0,102.0,103.14285714285714,109.0,6,11,-0.5120551783114646,0.8589525565270845
"Fort William, Kolkata - WBPCB",2025-12-01,109.0,56.09,111.46,33.25,7.09,0.83,22.47,24.18,mean_of_source_observations,23.8,60,9.2,1013.8,130.0,104.0,102.0,112.0,107.14285714285714,111.0,0,12,-0.4972040784469378,0.8676336233547726
"Fort William, Kolkata - WBPCB",2025-12-02,111.0,52.03,114.86,19.87,8.35,0.77,22.39,22.25,mean_of_source_observations,23.9,59,6.5,1013.9,109.0,130.0,104.0,114.33333333333333,108.57142857142857,108.0,1,12,-0.4822058478963526,0.8760579434344281
"Fort William, Kolkata - WBPCB",2025-12-03,108.0,48.69,110.43,26.76,11.66,0.85,24.61,19.88,mean_of_source_observations,23.1,59,9.3,1015.5,111.0,109.0,130.0,116.66666666666667,109.42857142857143,106.0,2,12,-0.46706492487743034,0.8842230238742036
"Fort William, Kolkata - WBPCB",2025-12-04,106.0,49.56,107.48,25.83,11.89,0.76,26.17,23.82,mean_of_source_observations,21.9,58,10.3,1016.5,108.0,111.0,109.0,109.33333333333333,109.14285714285714,107.0,3,12,-0.451785789832884,0.8921264484954345
"Fort William, Kolkata - WBPCB",2025-12-05,107.0,52.1,109.21,25.63,8.06,0.79,20.72,23.64,mean_of_source_observations,21.7,54,10.9,1017.6,106.0,108.0,111.0,108.33333333333333,110.0,92.0,4,12,-0.4363729641045924,0.8997658785476209
"Fort William, Kolkata - WBPCB",2025-12-06,92.0,54.71,91.87,26.41,7.63,0.72,26.08,29.99,mean_of_source_observations,20.5,53,8.9,1017.3,107.0,106.0,108.0,107.0,110.71428571428571,100.0,5,12,-0.42083100859565564,0.9071390534005044
"Fort William, Kolkata - WBPCB",2025-12-07,100.0,56.28,99.74,27.84,5.93,0.8,25.05,22.48,mean_of_source_observations,20.7,59,8.4,1016.9,92.0,107.0,106.0,101.66666666666667,109.0,109.0,6,12,-0.4051645224207563,0.9142437912130223
"Fort William, Kolkata - WBPCB",2025-12-08,109.0,62.35,94.2,30.66,8.45,0.83,27.25,23.36,mean_of_source_observations,21.2,55,8.0,1015.9,100.0,92.0,107.0,99.66666666666667,104.71428571428571,111.0,0,12,-0.3893781415452015,0.9210779895789526
"Fort William, Kolkata - WBPCB",2025-12-09,111.0,55.46,115.48,33.86,8.28,0.8,23.09,23.67,mean_of_source_observations,21.5,61,8.5,1015.6,109.0,100.0,92.0,100.33333333333333,104.71428571428571,99.0,1,12,-0.37347653741307074,0.9276396261490467
"Fort William, Kolkata - WBPCB",2025-12-10,99.0,59.69,98.14,18.9,7.74,0.89,24.37,22.8,mean_of_source_observations,21.7,63,7.8,1016.3,111.0,109.0,100.0,106.66666666666667,104.71428571428571,107.0,2,12,-0.3574644155648614,0.9339267592294762
"Fort William, Kolkata - WBPCB",2025-12-11,107.0,58.02,109.11,31.04,8.76,0.81,25.01,23.97,mean_of_source_observations,21.3,58,7.5,1015.2,99.0,111.0,109.0,106.33333333333333,103.42857142857143,115.0,3,12,-0.34134651424503615,0.9399375283564133
"Fort William, Kolkata - WBPCB",2025-12-12,115.0,61.21,120.77,26.0,7.72,0.69,21.95,20.55,mean_of_source_observations,21.7,58,7.6,1014.6,107.0,99.0,111.0,105.66666666666667,103.57142857142857,111.0,4,12,-0.3251276029999093,0.9456701548465688
"Fort William, Kolkata - WBPCB",2025-12-13,111.0,60.96,114.87,27.45,8.13,0.79,25.06,27.33,mean_of_source_observations,21.8,61,6.8,1015.2,115.0,107.0,99.0,107.0,104.71428571428571,107.0,5,12,-0.30881248126625377,0.9511229423235357
"Fort William, Kolkata - WBPCB",2025-12-14,107.0,58.97,109.61,33.98,4.85,0.87,22.67,25.59,mean_of_source_observations,22.8,60,7.6,1015.8,111.0,115.0,107.0,111.0,107.42857142857143,103.0,6,12,-0.29240597695107734,0.9562942772197719
"Fort William, Kolkata - WBPCB",2025-12-15,103.0,58.56,103.71,27.58,7.54,0.83,22.61,26.32,mean_of_source_observations,22.4,61,8.9,1015.8,107.0,111.0,115.0,111.0,108.42857142857143,129.0,0,12,-0.27591294500296043,0.9611826292540837
"Fort William, Kolkata - WBPCB",2025-12-16,129.0,68.38,104.55,30.11,6.99,0.89,22.45,22.05,mean_of_source_observations,21.4,60,7.9,1015.4,103.0,107.0,111.0,107.0,107.57142857142857,109.0,1,12,-0.2593382659754056,0.9657865518844574
"Fort William, Kolkata - WBPCB",2025-12-17,109.0,59.93,111.43,31.64,10.66,0.85,24.27,24.77,mean_of_source_observations,21.5,61,10.1,1016.1,129.0,103.0,107.0,113.0,110.14285714285714,110.0,2,12,-0.2426868445825954,0.9701046827361175
"Fort William, Kolkata - WBPCB",2025-12-18,110.0,54.3,112.92,29.76,8.78,0.8,24.84,21.61,mean_of_source_observations,22.1,62,7.7,1015.5,109.0,129.0,103.0,113.66666666666667,111.57142857142857,107.0,3,12,-0.22596360824801906,0.974135744004672
"Fort William, Kolkata - WBPCB",2025-12-19,107.0,57.09,108.98,32.83,7.93,0.85,29.55,24.05,mean_of_source_observations,22.4,61,8.7,1014.0,110.0,109.0,129.0,116.0,112.0,103.0,4,12,-0.20917350564635637,0.9778785428342386
"Fort William, Kolkata - WBPCB",2025-12-20,103.0,52.19,102.83,30.45,8.39,0.82,26.6,24.36,mean_of_source_observations,20.7,70,8.5,1014.1,107.0,110.0,109.0,108.66666666666667,110.85714285714286,99.0,5,12,-0.19232150523909483,0.9813319716704275
"Fort William, Kolkata - WBPCB",2025-12-21,99.0,57.13,98.5,28.35,10.53,0.8,24.6,20.92,mean_of_source_observations,20.6,70,7.7,1015.7,103.0,107.0,110.0,106.66666666666667,109.71428571428571,106.0,6,12,-0.17541259380427843,0.9844950085880858
"Fort William, Kolkata - WBPCB",2025-12-22,106.0,53.48,108.3,33.98,9.12,0.76,22.34,18.44,mean_of_source_observations,20.7,69,8.5,1014.9,99.0,103.0,107.0,103.0,108.57142857142857,118.0,0,12,-0.15845177496083632,0.9873667175937016
"Fort William, Kolkata - WBPCB",2025-12-23,118.0,65.25,106.03,30.44,9.13,0.83,22.01,23.89,mean_of_source_observations,20.4,65,8.9,1014.0,106.0,99.0,103.0,102.66666666666667,109.0,137.0,1,12,-0.14144406768794202,0.9899462489023779
"Fort William, Kolkata - WBPCB",2025-12-24,137.0,71.06,120.65,28.41,7.72,0.88,27.43,26.55,mean_of_source_observations,19.9,65,9.3,1014.4,118.0,106.0,99.0,107.66666666666667,107.42857142857143,116.0,2,12,-0.12439450483979998,0.9922328391893008
"Fort William, Kolkata - WBPCB",2025-12-26,,,,25.27,11.58,0.9,26.79,27.83,mean_of_source_observations,18.0,65,7.9,1015.3,116.0,137.0,118.0,123.66666666666667,112.28571428571429,110.0,4,12,-0.09019000427034513,0.9959245770286599
"Fort William, Kolkata - WBPCB",2026-01-03,139.0,71.66,126.47,27.94,8.32,0.9,24.74,27.69,mean_of_source_observations,19.5,64,9.8,1016.9,111.0,110.0,122.0,114.33333333333333,114.0,106.0,5,1,0.051584366869408364,0.9986686402879997
"Fort William, Kolkata - WBPCB",2026-01-04,106.0,53.06,107.07,24.79,9.63,0.82,32.06,23.24,mean_of_source_observations,18.8,69,10.3,1018.2,139.0,111.0,110.0,120.0,118.14285714285714,117.0,6,1,0.06875540848113941,0.9976335468520451
"Fort William, Kolkata - WBPCB",2026-01-05,117.0,64.8,121.92,35.13,7.1,0.91,22.84,21.81,mean_of_source_observations,16.4,69,10.5,1019.2,106.0,139.0,111.0,118.66666666666667,115.85714285714286,137.0,0,1,0.08590610426133272,0.9963032375991965
"Fort William, Kolkata - WBPCB",2026-01-06,137.0,70.94,108.27,29.97,10.76,0.86,26.57,23.03,mean_of_source_observations,15.6,72,10.8,1019.3,117.0,106.0,139.0,120.66666666666667,116.0,126.0,1,1,0.10303137904317879,0.9946781061893646
"Fort William, Kolkata - WBPCB",2026-01-07,126.0,67.68,117.47,35.27,9.36,0.86,30.81,25.27,mean_of_source_observations,17.0,67,8.4,1019.5,137.0,117.0,106.0,120.0,120.28571428571429,120.0,2,1,0.1201261651823505,0.9927586335250793
"Fort William, Kolkata - WBPCB",2026-01-08,120.0,65.82,112.92,35.39,9.63,0.84,23.66,27.43,mean_of_source_observations,17.2,63,10.7,1019.6,126.0,137.0,117.0,126.66666666666667,120.85714285714286,110.0,3,1,0.13718540405660057,0.9905453876091833
"Fort William, Kolkata - WBPCB",2026-01-09,110.0,52.99,114.25,37.08,10.64,0.83,25.62,25.33,mean_of_source_observations,17.4,62,10.7,1018.2,120.0,126.0,137.0,127.66666666666667,122.28571428571429,123.0,4,1,0.1542040475626894,0.988039023376751
"Fort William, Kolkata - WBPCB",2026-01-10,123.0,66.03,132.64,35.22,8.9,0.89,23.0,21.95,mean_of_source_observations,17.2,63,9.9,1017.5,110.0,120.0,126.0,118.66666666666667,122.14285714285714,107.0,5,1,0.17117705961019986,0.985240282501282
"Fort William, Kolkata - WBPCB",2026-01-11,107.0,58.93,108.47,31.64,5.92,0.73,26.07,25.34,mean_of_source_observations,19.0,54,12.3,1018.5,123.0,110.0,120.0,117.66666666666667,119.85714285714286,118.0,6,1,0.18809941761179758,0.9821499931752291
"Fort William, Kolkata - WBPCB",2026-01-12,118.0,62.19,126.27,23.24,9.97,0.84,24.36,29.2,mean_of_source_observations,18.8,57,10.8,1019.2,107.0,123.0,110.0,113.33333333333333,120.0,107.0,0,1,0.20496611396949532,0.9787690698649216
"Fort William, Kolkata - WBPCB",2026-01-13,107.0,55.56,108.43,28.49,7.04,0.77,25.48,29.1,mean_of_source_observations,18.8,56,9.6,1017.5,118.0,107.0,123.0,116.0,120.14285714285714,110.0,1,1,0.22177215755648186,0.975098513039961
"Fort William, Kolkata - WBPCB",2026-01-14,110.0,56.49,114.14,30.75,7.59,0.78,22.01,23.04,mean_of_source_observations,18.5,56,9.9,1015.3,107.0,118.0,107.0,110.66666666666667,115.85714285714286,116.0,2,1,0.23851257519407648,0.9711394088771653
"Fort William, Kolkata - WBPCB",2026-01-15,116.0,57.58,123.4,34.75,9.23,0.91,27.55,26.11,mean_of_source_observations,18.2,57,9.8,1015.0,110.0,107.0,118.0,111.66666666666667,113.57142857142857,138.0,3,1,0.2551824131233728,0.9668929289391521
"Fort William, Kolkata - WBPCB",2026-01-16,138.0,71.23,114.45,27.88,8.05,0.88,25.01,23.63,mean_of_source_observations,18.4,54,8.6,1014.8,116.0,110.0,107.0,111.0,113.0,112.0,4,1,0.2717767384711357,0.9623603298276545
"Fort William, Kolkata - WBPCB",2026-01-17,112.0,58.08,116.03,29.35,8.48,0.75,23.94,22.18,mean_of_source_observations,19.2,56,7.7,1013.3,138.0,116.0,110.0,121.33333333333333,117.0,110.0,5,1,0.2882906407095177,0.9575429528116719
"Fort William, Kolkata - WBPCB",2026-01-18,110.0,55.85,113.52,33.87,8.84,0.77,23.03,21.39,mean_of_source_observations,20.3,56,8.9,1012.5,112.0,138.0,116.0,122.0,115.42857142857143,110.0,6,1,0.3047192331091634,0.9524422234305676
"Fort William, Kolkata - WBPCB",2026-01-19,110.0,51.04,113.9,25.06,6.17,0.82,27.64,28.24,mean_of_source_observations,21.2,55,7.3,1013.3,110.0,112.0,138.0,120.0,115.85714285714286,136.0,0,1,0.321057654185271,0.9470596510722283
"Fort William, Kolkata - WBPCB",2026-01-20,136.0,70.69,120.49,28.72,7.63,0.85,25.81,21.92,mean_of_source_observations,22.4,53,9.6,1014.2,110.0,110.0,112.0,110.66666666666667,114.71428571428571,119.0,1,1,0.3373010691361842,0.9413968285264122
"Fort William, Kolkata - WBPCB",2026-01-21,119.0,65.34,119.12,31.53,7.88,0.86,25.26,23.49,mean_of_source_observations,22.9,55,9.3,1015.4,136.0,110.0,110.0,118.66666666666667,118.85714285714286,107.0,2,1,0.3534446712740877,0.9354554315134164
"Fort William, Kolkata - WBPCB",2026-01-22,107.0,59.62,108.72,33.72,10.43,0.82,27.71,27.88,mean_of_source_observations,21.9,49,9.7,1016.7,119.0,136.0,110.0,121.66666666666667,120.14285714285714,114.0,3,1,0.3694836834473831,0.9292372181882051
"Fort William, Kolkata - WBPCB",2026-01-23,114.0,50.7,119.34,30.34,7.09,0.8,25.83,21.05,mean_of_source_observations,21.1,55,9.2,1017.9,107.0,119.0,136.0,120.66666666666667,118.85714285714286,112.0,4,1,0.38541335945432564,0.9227440286201427
"Fort William, Kolkata - WBPCB",2026-01-24,112.0,57.01,116.43,35.07,10.01,0.8,21.88,25.01,mean_of_source_observations,21.6,52,10.5,1017.8,114.0,107.0,119.0,113.33333333333333,115.42857142857143,114.0,5,1,0.4012289854475009,0.9159777842484877
"Fort William, Kolkata - WBPCB",2026-01-25,114.0,58.28,119.67,25.66,9.29,0.78,21.77,21.21,mean_of_source_observations,22.2,52,10.2,1016.4,112.0,114.0,107.0,111.0,115.42857142857143,139.0,6,1,0.4169258813287287,0.908940487313808
"Fort William, Kolkata - WBPCB",2026-01-26,139.0,71.41,118.21,22.49,7.73,0.86,25.19,28.23,mean_of_source_observations,22.9,54,12.0,1017.9,114.0,112.0,114.0,113.33333333333333,116.0,113.0,0,1,0.4324994021339788,0.901634220265486
"Fort William, Kolkata - WBPCB",2026-01-27,113.0,57.68,117.87,31.91,7.26,0.87,24.48,25.3,mean_of_source_observations,22.3,58,11.9,1018.2,139.0,114.0,112.0,121.66666666666667,120.14285714285714,117.0,1,1,0.44794493940789115,0.8940611451454876
"Fort William, Kolkata - WBPCB",2026-01-28,117.0,64.8,109.37,31.67,7.39,0.85,23.0,23.69,mean_of_source_observations,22.5,54,10.7,1016.5,113.0,139.0,114.0,122.0,116.85714285714286,106.0,2,1,0.4632579225674917,0.88622350294858
"Fort William, Kolkata - WBPCB",2026-01-29,106.0,53.62,107.42,22.82,6.84,0.78,28.99,25.19,mean_of_source_observations,23.4,54,10.5,1016.1,117.0,113.0,139.0,123.0,116.57142857142857,113.0,3,1,0.4784338202547012,0.8781236129591848
"Fort William, Kolkata - WBPCB",2026-01-30,113.0,59.89,118.3,26.81,7.93,0.89,27.79,20.97,mean_of_source_observations,22.8,59,8.5,1017.6,106.0,117.0,113.0,112.0,116.42857142857143,121.0,4,1,0.49346814167723735,0.8697638720650646
"Fort William, Kolkata - WBPCB",2026-01-31,121.0,66.19,114.43,27.01,9.27,0.76,27.78,22.46,mean_of_source_observations,22.2,62,11.1,1018.0,113.0,106.0,117.0,112.0,116.28571428571429,115.0,5,1,0.5083564379375122,0.8611467540480452
"Fort William, Kolkata - WBPCB",2026-02-01,115.0,58.42,121.64,25.47,9.01,0.78,27.34,23.98,mean_of_source_observations,21.8,55,9.9,1017.8,121.0,113.0,106.0,113.33333333333333,117.57142857142857,114.0,6,2,0.5230943033491326,0.8522748088519838
"Fort William, Kolkata - WBPCB",2026-02-02,114.0,54.57,119.71,34.38,7.77,0.84,26.51,26.91,mean_of_source_observations,21.8,50,8.0,1017.3,115.0,121.0,113.0,116.33333333333333,117.71428571428571,117.0,0,2,0.5376773767406141,0.8431506618282
"Fort William, Kolkata - WBPCB",2026-02-03,117.0,64.6,124.08,21.63,8.18,0.92,26.66,24.76,mean_of_source_observations,22.4,54,9.8,1017.9,114.0,115.0,121.0,116.66666666666667,114.14285714285714,113.0,1,2,0.5521013427459208,0.8337770129585915
"Fort William, Kolkata - WBPCB",2026-02-04,113.0,63.7,109.92,32.21,8.91,0.85,28.06,25.51,mean_of_source_observations,23.2,56,8.6,1017.8,117.0,114.0,115.0,115.33333333333333,114.71428571428571,108.0,2,2,0.5663619330814524,0.8241566360566663
"Fort William, Kolkata - WBPCB",2026-02-05,108.0,62.2,109.9,34.5,6.29,0.77,21.21,22.8,mean_of_source_observations,23.4,51,10.6,1017.6,113.0,117.0,114.0,114.66666666666667,114.14285714285714,121.0,3,2,0.580454927809098,0.8142923779467267
"Fort William, Kolkata - WBPCB",2026-02-06,121.0,65.91,112.23,28.6,8.38,0.84,21.93,23.96,mean_of_source_observations,22.1,49,12.2,1017.0,108.0,113.0,117.0,112.66666666666667,114.42857142857143,104.0,4,2,0.5943761565849831,0.804187157621448
"Fort William, Kolkata - WBPCB",2026-02-07,104.0,58.32,105.25,31.77,5.82,0.73,21.51,21.54,mean_of_source_observations,21.0,52,10.5,1015.4,121.0,108.0,113.0,114.0,115.57142857142857,112.0,5,2,0.6081214998935418,0.7938439653781019
"Fort William, Kolkata - WBPCB",2026-02-08,112.0,62.12,116.65,24.86,7.63,0.85,20.13,26.05,mean_of_source_observations,21.9,53,9.8,1014.6,104.0,121.0,108.0,111.0,113.14285714285714,119.0,6,2,0.6216868902665479,0.7832658619336791
"Fort William, Kolkata - WBPCB",2026-02-09,119.0,54.96,127.31,31.46,5.75,0.8,23.31,25.51,mean_of_source_observations,22.3,52,11.8,1014.5,112.0,104.0,121.0,112.33333333333333,112.71428571428571,112.0,0,2,0.6350683134867438,0.7724559775191742
"Fort William, Kolkata - WBPCB",2026-02-10,112.0,58.8,116.67,25.23,7.11,0.78,30.01,26.31,mean_of_source_observations,22.5,48,9.4,1015.6,119.0,112.0,104.0,111.66666666666667,113.42857142857143,114.0,1,2,0.6482618097757122,0.7614175109532997
"Fort William, Kolkata - WBPCB",2026-02-11,114.0,60.16,120.42,34.56,7.22,0.86,17.97,28.31,mean_of_source_observations,23.6,47,9.3,1017.0,112.0,119.0,112.0,114.33333333333333,112.71428571428571,105.0,2,2,0.6612634749656386,0.7501537286959042
"Fort William, Kolkata - WBPCB",2026-02-12,105.0,49.55,105.9,32.07,7.55,0.79,21.78,22.55,mean_of_source_observations,23.6,47,10.2,1016.0,114.0,112.0,119.0,115.0,112.85714285714286,112.0,3,2,0.6740694616546161,0.7386679638813748
"Fort William, Kolkata - WBPCB",2026-02-13,112.0,56.67,116.72,28.12,9.57,0.85,26.49,20.64,mean_of_source_observations,23.3,47,12.3,1014.8,105.0,114.0,112.0,110.33333333333333,112.42857142857143,109.0,4,2,0.6866759803451553,0.726963615332308
"Fort William, Kolkata - WBPCB",2026-02-14,109.0,62.57,111.98,23.32,7.39,0.75,23.65,25.4,mean_of_source_observations,23.8,46,9.9,1013.3,112.0,105.0,114.0,110.33333333333333,111.14285714285714,98.0,5,2,0.6990793005655562,0.7150441465537444
"Fort William, Kolkata - WBPCB",2026-02-15,98.0,51.65,98.29,32.16,9.49,0.83,24.94,23.94,mean_of_source_observations,23.9,48,10.7,1013.1,109.0,112.0,105.0,108.66666666666667,111.85714285714286,106.0,6,2,0.7112757519738152,0.7029130847082615
"Fort William, Kolkata - WBPCB",2026-02-16,106.0,55.55,108.05,26.52,9.17,0.85,24.84,22.22,mean_of_source_observations,23.8,47,11.9,1013.6,98.0,109.0,112.0,106.33333333333333,109.85714285714286,103.0,0,2,0.7232617254437388,0.6905740195722294
"Fort William, Kolkata - WBPCB",2026-02-17,103.0,59.17,103.15,29.45,7.0,0.76,25.85,23.53,mean_of_source_observations,24.1,48,11.6,1013.3,106.0,98.0,109.0,104.33333333333333,108.0,142.0,1,2,0.7350336741329412,0.6780306024735382
"Fort William, Kolkata - WBPCB",2026-02-18,142.0,72.57,119.59,27.37,8.14,0.88,23.84,22.6,mean_of_source_observations,25.1,44,8.6,1013.3,103.0,106.0,98.0,102.33333333333333,106.71428571428571,110.0,2,2,0.746588114532413,0.6652865452111116
"Fort William, Kolkata - WBPCB",2026-02-19,110.0,62.78,90.8,29.55,7.94,0.84,22.69,26.26,mean_of_source_observations,25.9,42,9.8,1014.5,142.0,103.0,106.0,117.0,110.71428571428571,103.0,3,2,0.7579216274973472,0.6523456189565257
"Fort William, Kolkata - WBPCB",2026-02-20,103.0,55.45,103.18,26.38,7.03,0.81,22.47,20.26,mean_of_source_observations,26.8,45,9.2,1014.9,110.0,142.0,103.0,118.33333333333333,111.42857142857143,107.0,4,2,0.7690308592589181,0.6392116531380588
"Fort William, Kolkata - WBPCB",2026-02-21,107.0,50.45,108.55,20.39,7.99,0.85,19.41,23.45,mean_of_source_observations,26.6,46,8.5,1011.6,103.0,110.0,142.0,118.33333333333333,110.14285714285714,101.0,5,2,0.7799125224167177,0.6258885343075018
"Fort William, Kolkata - WBPCB",2026-02-22,101.0,55.84,100.17,27.79,4.87,0.84,20.13,25.24,mean_of_source_observations,26.8,43,11.0,1009.4,107.0,103.0,110.0,106.66666666666667,109.85714285714286,112.0,6,2,0.7905633969115482,0.612380204990065
"Fort William, Kolkata - WBPCB",2026-02-23,112.0,57.42,116.38,32.49,8.5,0.8,33.2,25.34,mean_of_source_observations,26.7,62,7.9,1009.4,101.0,107.0,103.0,103.66666666666667,110.28571428571429,111.0,0,2,0.8009803309782905,0.5986906625177214
"Fort William, Kolkata - WBPCB",2026-02-24,111.0,62.13,114.78,29.24,9.81,0.87,24.71,26.26,mean_of_source_observations,23.3,81,13.2,1011.1,112.0,101.0,107.0,106.66666666666667,111.14285714285714,107.0,1,2,0.8111602420785621,0.5848239578463322
"Fort William, Kolkata - WBPCB",2026-02-25,107.0,54.29,109.17,24.96,8.47,0.71,32.35,23.27,mean_of_source_observations,24.0,70,8.8,1011.3,111.0,112.0,101.0,108.0,112.28571428571429,102.0,2,2,0.8211001178128892,0.5707841943569036
"Fort William, Kolkata - WBPCB",2026-02-26,102.0,60.42,101.69,23.8,8.22,0.79,22.37,21.34,mean_of_source_observations,23.6,58,8.1,1010.3,107.0,111.0,112.0,110.0,107.28571428571429,106.0,3,2,0.8307970168121247,0.5565755266413303
"Fort William, Kolkata - WBPCB",2026-02-27,106.0,61.39,97.81,25.76,5.82,0.82,24.95,23.69,mean_of_source_observations,23.7,61,10.7,1008.4,102.0,107.0,111.0,106.66666666666667,106.14285714285714,106.0,4,2,0.8402480696078469,0.5422021592729844
"Fort William, Kolkata - WBPCB",2026-02-28,106.0,54.85,107.3,29.71,9.25,0.84,31.65,23.95,mean_of_source_observations,25.0,64,9.2,1007.7,106.0,102.0,107.0,105.0,106.57142857142857,106.0,5,2,0.8494504794814806,0.527668345562516
"Fort William, Kolkata - WBPCB",2026-03-01,106.0,59.32,107.96,21.44,8.92,0.79,25.61,24.76,mean_of_source_observations,26.9,71,11.6,1007.9,106.0,106.0,102.0,104.66666666666667,106.42857142857143,105.0,6,3,0.8584015232918917,0.512978386299228
"Fort William, Kolkata - WBPCB",2026-03-02,105.0,53.69,106.3,33.07,9.83,0.82,27.85,20.96,mean_of_source_observations,27.9,62,10.8,1009.3,106.0,106.0,106.0,106.0,107.14285714285714,103.0,0,3,0.8670985522812081,0.4981366284784055
"Fort William, Kolkata - WBPCB",2026-03-03,103.0,55.24,102.43,24.49,9.97,0.86,22.46,24.55,mean_of_source_observations,26.9,43,8.8,1011.0,105.0,106.0,106.0,105.66666666666667,106.14285714285714,105.0,1,3,0.8755389928586302,0.4831474640149687
"Fort William, Kolkata - WBPCB",2026-03-04,105.0,47.75,106.17,25.57,7.19,0.72,29.62,22.49,mean_of_source_observations,26.9,44,13.8,1010.9,103.0,105.0,106.0,104.66666666666667,105.0,99.0,2,3,0.8837203473619977,0.4680153284438345
"Fort William, Kolkata - WBPCB",2026-03-05,99.0,54.74,99.4,33.0,7.74,0.77,24.15,25.71,mean_of_source_observations,27.3,51,7.0,1009.0,105.0,103.0,105.0,104.33333333333333,104.71428571428571,104.0,3,3,0.8916401947968874,0.45274469960737107
"Fort William, Kolkata - WBPCB",2026-03-06,104.0,58.23,105.01,25.12,10.12,0.81,26.19,20.48,mean_of_source_observations,27.2,67,13.3,1009.5,99.0,105.0,103.0,102.33333333333333,104.28571428571429,104.0,4,3,0.8992961915530253,0.4373400963303323
"Fort William, Kolkata - WBPCB",2026-03-07,104.0,56.63,104.14,25.16,5.59,0.86,25.21,22.3,mean_of_source_observations,26.6,73,8.9,1011.3,104.0,99.0,105.0,102.66666666666667,104.0,100.0,5,3,0.9066860720977985,0.4218060770826634
"Fort William, Kolkata - WBPCB",2026-03-08,100.0,52.49,99.8,21.71,8.48,0.88,22.7,23.29,mean_of_source_observations,26.7,74,10.0,1012.0,104.0,104.0,99.0,102.33333333333333,103.71428571428571,97.0,6,3,0.9138076496466615,0.40614723863057883
"Fort William, Kolkata - WBPCB",2026-03-09,97.0,58.0,93.63,21.85,6.66,0.78,26.82,29.44,mean_of_source_observations,26.8,75,15.0,1012.9,100.0,104.0,104.0,102.66666666666667,102.85714285714286,96.0,0,3,0.9206588168102428,0.3903682146763026
"Fort William, Kolkata - WBPCB",2026-03-10,96.0,50.23,95.82,33.12,6.79,0.81,29.82,25.09,mean_of_source_observations,26.7,78,7.5,1013.6,97.0,100.0,104.0,100.33333333333333,101.71428571428571,103.0,1,3,0.9272375462179537,0.374473674486883
"Fort William, Kolkata - WBPCB",2026-03-11,103.0,51.58,103.02,27.93,9.2,0.77,25.09,24.59,mean_of_source_observations,27.0,78,8.5,1011.6,96.0,97.0,100.0,97.66666666666667,100.71428571428571,103.0,2,3,0.9335418911179212,0.35846832151248087
"Fort William, Kolkata - WBPCB",2026-03-12,103.0,45.98,102.94,28.13,7.86,0.86,22.88,20.91,mean_of_source_observations,26.7,81,12.8,1009.0,103.0,96.0,97.0,98.66666666666667,100.42857142857143,105.0,3,3,0.9395699859530622,0.342356891994542
"Fort William, Kolkata - WBPCB",2026-03-13,105.0,55.17,105.65,25.51,8.27,0.81,21.92,26.35,mean_of_source_observations,28.9,73,16.2,1007.9,103.0,103.0,96.0,100.66666666666667,101.0,97.0,4,3,0.945320046913132,0.3261441535642696
"Fort William, Kolkata - WBPCB",2026-03-14,97.0,49.66,97.24,14.11,9.79,0.73,29.73,23.08,mean_of_source_observations,28.8,72,15.7,1009.8,105.0,103.0,103.0,103.66666666666667,101.14285714285714,92.0,5,3,0.9507903724625832,0.3098349038318025
"Fort William, Kolkata - WBPCB",2026-03-15,92.0,52.42,91.94,34.03,9.65,0.79,30.54,26.52,mean_of_source_observations,27.3,77,24.7,1010.2,97.0,105.0,103.0,101.66666666666667,100.14285714285714,88.0,6,3,0.9559793438440766,0.2934339689665273
"Fort William, Kolkata - WBPCB",2026-03-16,88.0,51.89,87.91,18.89,8.73,0.84,25.58,23.5,mean_of_source_observations,26.2,74,16.6,1009.3,92.0,97.0,105.0,98.0,99.0,97.0,0,3,0.9608854255574977,0.27694620226893646
"Fort William, Kolkata - WBPCB",2026-03-17,97.0,50.62,97.44,24.49,8.77,0.83,22.39,25.9,mean_of_source_observations,26.5,75,16.9,1009.3,88.0,92.0,97.0,92.33333333333333,97.71428571428571,110.0,1,3,0.9655071658143364,0.2603764827344581
"Fort William, Kolkata - WBPCB",2026-03-18,110.0,51.73,113.5,22.44,9.37,0.78,25.61,23.18,mean_of_source_observations,26.4,80,14.0,1010.5,97.0,88.0,92.0,92.33333333333333,97.85714285714286,90.0,2,3,0.969843196967294,0.24372971360968387
"Fort William, Kolkata - WBPCB",2026-03-19,90.0,53.43,89.91,27.39,6.58,0.74,18.77,24.45,mean_of_source_observations,26.0,79,16.3,1011.2,110.0,97.0,88.0,98.33333333333333,98.85714285714286,97.0,3,3,0.9738922359149924,0.22701082094141847
"Fort William, Kolkata - WBPCB",2026-03-20,97.0,49.18,97.02,21.63,5.84,0.78,27.54,24.34,mean_of_source_observations,25.3,82,14.5,1009.9,90.0,110.0,97.0,99.0,97.0,89.0,4,3,0.9776530844816641,0.2102247521189836
"Fort William, Kolkata - WBPCB",2026-03-21,89.0,51.81,88.68,22.31,7.96,0.74,28.27,18.43,mean_of_source_observations,21.9,83,14.0,1011.7,97.0,90.0,110.0,99.0,95.85714285714286,103.0,5,3,0.981124629771712,0.19337647441020586
"Fort William, Kolkata - WBPCB",2026-03-22,103.0,49.68,103.09,24.02,9.03,0.85,19.8,24.11,mean_of_source_observations,22.8,78,7.6,1012.1,89.0,97.0,90.0,92.0,94.71428571428571,93.0,6,3,0.984305844499033,0.17647097349152166
"Fort William, Kolkata - WBPCB",2026-03-23,93.0,51.22,92.73,27.59,9.87,0.87,21.99,20.49,mean_of_source_observations,25.1,72,8.1,1011.9,103.0,89.0,97.0,96.33333333333333,96.28571428571429,106.0,0,3,0.9871957872910085,0.15951325197263655
"Fort William, Kolkata - WBPCB",2026-03-24,106.0,47.0,107.43,22.96,8.13,0.81,23.47,25.26,mean_of_source_observations,26.8,74,12.5,1009.9,93.0,103.0,89.0,95.0,97.0,94.0,1,3,0.9897936029670716,0.14250832791617088
"Fort William, Kolkata - WBPCB",2026-03-25,94.0,52.61,94.24,22.12,9.67,0.79,25.33,24.65,mean_of_source_observations,27.4,77,11.4,1009.7,106.0,93.0,103.0,100.66666666666667,98.28571428571429,90.0,2,3,0.992098522791769,0.12546123335273648
"Fort William, Kolkata - WBPCB",2026-03-26,90.0,50.32,89.9,17.27,8.59,0.76,23.4,17.25,mean_of_source_observations,28.3,71,9.7,1010.5,94.0,106.0,93.0,97.66666666666667,96.0,90.0,3,3,0.9941098647022418,0.10837701279187609
"Fort William, Kolkata - WBPCB",2026-03-27,90.0,43.1,89.91,17.22,6.0,0.81,26.88,27.33,mean_of_source_observations,30.0,65,15.3,1007.8,90.0,94.0,106.0,96.66666666666667,96.0,77.0,4,3,0.9958270335100595,0.09126072172931188
"Fort William, Kolkata - WBPCB",2026-03-28,77.0,45.89,75.81,18.13,8.51,0.8,21.28,28.08,mean_of_source_observations,26.8,67,21.9,1006.8,90.0,90.0,94.0,91.33333333333333,95.0,90.0,5,3,0.9972495210773451,0.07411742515094437
"Fort William, Kolkata - WBPCB",2026-03-29,90.0,42.79,89.37,21.69,9.76,0.82,27.2,25.25,mean_of_source_observations,27.8,78,12.6,1007.3,77.0,90.0,90.0,85.66666666666667,93.28571428571429,96.0,6,3,0.998376906467142,0.056952196034039754
"Fort William, Kolkata - WBPCB",2026-03-30,96.0,37.56,95.66,25.5,7.1,0.66,22.66,20.77,mean_of_source_observations,28.4,81,12.3,1007.9,90.0,77.0,90.0,85.66666666666667,91.42857142857143,86.0,0,3,0.9992088560679753,0.03977011384605572
"Fort William, Kolkata - WBPCB",2026-03-31,86.0,44.51,85.41,19.67,8.65,0.8,20.89,25.58,mean_of_source_observations,27.6,78,14.9,1009.3,96.0,90.0,77.0,87.66666666666667,91.85714285714286,90.0,1,3,0.9997451236925734,0.022576263041545485
"Fort William, Kolkata - WBPCB",2026-04-01,90.0,51.3,89.3,26.66,7.4,0.88,22.94,23.02,mean_of_source_observations,30.0,70,12.5,1009.0,86.0,96.0,90.0,90.66666666666667,89.0,82.0,2,4,0.9999855506507186,0.005375731557583884
"Fort William, Kolkata - WBPCB",2026-04-02,82.0,47.9,81.74,27.24,7.72,0.81,26.81,22.11,mean_of_source_observations,30.7,69,14.2,1008.6,90.0,86.0,96.0,90.66666666666667,88.42857142857143,87.0,3,4,0.9999300657962057,-0.011826390691832589
"Fort William, Kolkata - WBPCB",2026-04-03,87.0,44.3,86.55,21.8,7.59,0.75,22.28,25.58,mean_of_source_observations,31.5,64,13.0,1007.7,82.0,90.0,86.0,86.0,87.28571428571429,82.0,4,4,0.9995786855478958,-0.029025013321975237
"Fort William, Kolkata - WBPCB",2026-04-04,82.0,45.95,81.89,26.57,8.15,0.83,30.96,31.84,mean_of_source_observations,31.8,64,13.6,1006.5,87.0,82.0,90.0,86.33333333333333,86.85714285714286,94.0,5,4,0.9989315138848577,-0.046215046983708354
"Fort William, Kolkata - WBPCB",2026-04-05,94.0,46.64,93.39,20.18,6.16,0.77,24.3,19.15,mean_of_source_observations,28.6,67,18.2,1007.3,82.0,87.0,82.0,83.66666666666667,87.57142857142857,82.0,6,4,0.9979887423155984,-0.06339140486951038
"Fort William, Kolkata - WBPCB",2026-04-06,82.0,48.85,78.29,13.6,9.42,0.78,23.21,19.61,mean_of_source_observations,27.1,73,11.6,1008.9,94.0,82.0,87.0,87.66666666666667,88.14285714285714,84.0,0,4,0.9967506498213929,-0.08054900421874167
"Fort William, Kolkata - WBPCB",2026-04-07,84.0,46.69,83.5,27.17,9.6,0.88,25.23,22.1,mean_of_source_observations,26.0,78,11.5,1009.4,82.0,94.0,82.0,86.0,86.14285714285714,106.0,1,4,0.9952176027737294,-0.09768276782171598
"Fort William, Kolkata - WBPCB",2026-04-08,106.0,52.29,108.13,18.73,9.55,0.8,22.71,20.26,mean_of_source_observations,25.4,81,15.3,1009.3,84.0,82.0,94.0,86.66666666666667,85.85714285714286,86.0,2,4,0.9933900548258936,-0.11478762552212701
"Fort William, Kolkata - WBPCB",2026-04-09,86.0,47.37,86.05,27.28,6.62,0.77,26.56,26.94,mean_of_source_observations,24.1,88,11.5,1010.5,106.0,84.0,82.0,90.66666666666667,88.14285714285714,83.0,3,4,0.9912685467787256,-0.13185851571739118
"Fort William, Kolkata - WBPCB",2026-04-10,83.0,33.49,82.64,18.12,8.98,0.69,27.07,19.29,mean_of_source_observations,26.6,74,8.6,1010.7,86.0,106.0,84.0,92.0,88.71428571428571,78.0,4,4,0.9888537064205885,-0.1488903868564548
"Fort William, Kolkata - WBPCB",2026-04-11,78.0,41.81,77.51,12.94,9.48,0.74,25.53,22.79,mean_of_source_observations,27.8,71,8.4,1009.4,83.0,86.0,106.0,91.66666666666667,88.14285714285714,80.0,5,4,0.986146248341595,-0.16587819893463143
"Fort William, Kolkata - WBPCB",2026-04-12,80.0,45.62,79.79,21.9,8.65,0.78,22.51,25.18,mean_of_source_observations,29.1,72,14.3,1007.0,78.0,83.0,86.0,82.33333333333333,87.57142857142857,80.0,6,4,0.9831469737221499,-0.1828169249850199
"Fort William, Kolkata - WBPCB",2026-04-13,80.0,39.45,79.93,13.99,6.82,0.82,21.78,24.77,mean_of_source_observations,30.1,75,14.3,1007.2,80.0,78.0,83.0,80.33333333333333,85.57142857142857,91.0,0,4,0.9798567700958665,-0.1997015525660636
"Fort William, Kolkata - WBPCB",2026-04-14,91.0,32.73,90.98,23.6,7.25,0.7,20.13,21.63,mean_of_source_observations,31.2,67,14.3,1007.1,80.0,80.0,78.0,79.33333333333333,85.28571428571429,90.0,1,4,0.9762766110869321,-0.21652708524481437
"Fort William, Kolkata - WBPCB",2026-04-15,90.0,39.82,89.6,15.81,10.12,0.78,20.93,26.24,mean_of_source_observations,31.0,74,14.8,1005.6,91.0,80.0,80.0,83.66666666666667,86.28571428571429,91.0,2,4,0.9724075561219968,-0.23328854407545518
"Fort William, Kolkata - WBPCB",2026-04-16,91.0,36.34,91.28,19.52,7.82,0.76,27.16,18.37,mean_of_source_observations,29.6,77,17.4,1006.6,90.0,91.0,80.0,87.0,84.0,69.0,3,4,0.9682507501166718,-0.2499809690726521
"Fort William, Kolkata - WBPCB",2026-04-17,69.0,28.41,68.35,25.69,6.94,0.72,24.84,28.95,mean_of_source_observations,30.0,79,11.9,1007.9,91.0,90.0,91.0,90.66666666666667,84.71428571428571,77.0,4,4,0.9638074231367307,-0.26659942067929354
"Fort William, Kolkata - WBPCB",2026-04-18,77.0,37.8,76.63,17.59,6.84,0.74,21.94,24.8,mean_of_source_observations,30.6,75,13.3,1007.0,69.0,91.0,90.0,83.33333333333333,82.71428571428571,72.0,5,4,0.9590788900341131,-0.28313898122818354
"Fort William, Kolkata - WBPCB",2026-04-19,72.0,43.02,64.78,23.11,7.07,0.82,25.82,24.61,mean_of_source_observations,31.0,74,15.7,1005.6,77.0,69.0,91.0,79.0,82.57142857142857,99.0,6,4,0.9540665500578387,-0.2995947563972602
"Fort William, Kolkata - WBPCB",2026-04-20,99.0,40.91,99.0,23.49,8.87,0.76,31.51,26.34,mean_of_source_observations,31.5,72,15.7,1004.2,72.0,77.0,69.0,72.66666666666667,81.42857142857143,80.0,0,4,0.9487718864399473,-0.31596187665790293
"Fort William, Kolkata - WBPCB",2026-04-21,80.0,40.48,79.71,17.04,4.99,0.73,27.91,22.56,mean_of_source_observations,31.7,68,12.6,1003.6,99.0,72.0,77.0,82.66666666666667,84.14285714285714,70.0,1,4,0.9431964659565866,-0.33223549871590435
"Fort William, Kolkata - WBPCB",2026-04-22,70.0,37.59,68.9,19.92,5.93,0.77,25.14,23.28,mean_of_source_observations,31.9,72,14.8,1004.2,80.0,99.0,72.0,83.66666666666667,82.57142857142857,72.0,2,4,0.9373419384643772,-0.3484108069446808
"Fort William, Kolkata - WBPCB",2026-04-23,72.0,31.45,71.07,23.55,5.68,0.82,21.35,24.64,mean_of_source_observations,31.8,73,15.0,1004.6,70.0,80.0,99.0,83.0,79.71428571428571,83.0,3,4,0.9312100364121947,-0.3644830148102912
"Fort William, Kolkata - WBPCB",2026-04-24,83.0,41.74,82.91,19.06,9.02,0.71,24.44,20.81,mean_of_source_observations,32.0,72,13.8,1005.8,72.0,70.0,80.0,74.0,77.0,58.0,4,4,0.9248025743285089,-0.38044736628785164
"Fort William, Kolkata - WBPCB",2026-04-25,58.0,34.56,44.69,22.96,6.44,0.67,32.71,25.5,mean_of_source_observations,31.6,72,16.1,1007.0,83.0,72.0,70.0,75.0,79.0,65.0,5,4,0.9181214482844365,-0.39629913726891813
"Fort William, Kolkata - WBPCB",2026-04-26,65.0,32.39,64.7,23.92,5.2,0.78,31.55,26.36,mean_of_source_observations,31.0,71,17.8,1005.8,58.0,83.0,72.0,71.0,76.28571428571429,67.0,6,4,0.9111686353326631,-0.41203363695942635
"Fort William, Kolkata - WBPCB",2026-04-27,67.0,35.68,66.52,22.45,7.65,0.73,29.08,22.8,mean_of_source_observations,30.9,73,22.0,1002.7,65.0,58.0,83.0,68.66666666666667,75.28571428571429,71.0,0,4,0.9039461929224011,-0.42764620926777464
"Fort William, Kolkata - WBPCB",2026-04-28,71.0,42.5,57.27,21.87,8.5,0.76,26.03,21.2,mean_of_source_observations,30.7,76,20.2,1002.7,67.0,65.0,58.0,63.333333333333336,70.71428571428571,78.0,1,4,0.8964562582905575,-0.44313223418263453
"Fort William, Kolkata - WBPCB",2026-04-29,78.0,36.41,77.42,22.81,7.04,0.75,23.79,21.9,mean_of_source_observations,28.4,82,18.9,1004.7,71.0,67.0,65.0,67.66666666666667,69.42857142857143,65.0,2,4,0.8887010478292915,-0.45848712914008766
"Fort William, Kolkata - WBPCB",2026-04-30,65.0,35.3,64.11,15.62,7.13,0.75,26.41,28.73,mean_of_source_observations,25.4,84,13.7,1007.4,78.0,71.0,67.0,72.0,70.57142857142857,68.0,3,4,0.8806828564301475,-0.47370635037968
"Fort William, Kolkata - WBPCB",2026-05-01,68.0,29.03,67.74,18.53,9.83,0.76,21.61,16.11,mean_of_source_observations,25.6,82,10.1,1005.9,65.0,78.0,71.0,71.33333333333333,69.57142857142857,77.0,4,5,0.8724040568049612,-0.48878539428899265
"Fort William, Kolkata - WBPCB",2026-05-02,77.0,41.98,76.19,14.54,10.19,0.78,27.51,22.2,mean_of_source_observations,26.7,82,17.8,1004.1,68.0,65.0,78.0,70.33333333333333,67.42857142857143,72.0,5,5,0.8638670987837349,-0.503719798736334
"Fort William, Kolkata - WBPCB",2026-05-03,72.0,36.7,71.08,16.65,8.48,0.82,22.96,24.06,mean_of_source_observations,26.9,86,10.6,1005.7,77.0,68.0,65.0,70.0,70.14285714285714,78.0,6,5,0.8550745085896932,-0.518505144391157
"Fort William, Kolkata - WBPCB",2026-05-04,78.0,39.75,77.08,16.09,7.3,0.75,27.58,23.24,mean_of_source_observations,27.9,82,12.8,1008.3,72.0,77.0,68.0,72.33333333333333,71.14285714285714,84.0,0,5,0.8460288880917339,-0.533137056031809
"Fort William, Kolkata - WBPCB",2026-05-05,84.0,40.32,83.49,20.29,8.95,0.83,21.42,29.07,mean_of_source_observations,26.3,81,21.0,1009.5,78.0,72.0,77.0,75.66666666666667,72.71428571428571,70.0,1,5,0.8367329140344921,-0.5476112038402312
"Fort William, Kolkata - WBPCB",2026-05-06,70.0,25.83,69.62,16.16,8.18,0.68,22.44,25.42,mean_of_source_observations,27.4,84,9.8,1007.3,84.0,78.0,72.0,78.0,74.57142857142857,68.0,2,5,0.8271893372462497,-0.5619233046832195
"Fort William, Kolkata - WBPCB",2026-05-07,68.0,35.14,67.45,20.7,7.93,0.68,25.11,25.87,mean_of_source_observations,26.4,83,16.3,1008.9,70.0,84.0,78.0,77.33333333333333,73.42857142857143,77.0,3,5,0.8174009818249189,-0.5760691233798758
"Fort William, Kolkata - WBPCB",2026-05-08,77.0,34.31,76.62,6.95,9.65,0.71,27.51,25.48,mean_of_source_observations,26.8,83,11.5,1009.6,68.0,70.0,84.0,74.0,73.85714285714286,47.0,4,5,0.8073707443023492,-0.5900444739548627
"Fort William, Kolkata - WBPCB",2026-05-09,47.0,21.81,47.04,23.15,5.92,0.67,24.0,24.61,mean_of_source_observations,27.5,79,9.9,1009.3,77.0,68.0,70.0,71.66666666666667,75.14285714285714,61.0,5,5,0.7971015927871943,-0.6038452208771035
"Fort William, Kolkata - WBPCB",2026-05-10,61.0,31.54,60.05,14.53,8.18,0.67,17.94,31.24,mean_of_source_observations,27.2,75,11.0,1008.9,47.0,77.0,68.0,64.0,70.85714285714286,66.0,6,5,0.7865965660866021,-0.6174672802835514
"Fort William, Kolkata - WBPCB",2026-05-11,66.0,27.37,65.57,9.02,8.16,0.73,18.62,23.47,mean_of_source_observations,27.7,75,10.3,1008.6,61.0,47.0,77.0,61.666666666666664,69.28571428571429,52.0,0,5,0.7758587728069828,-0.6309066211876704
"Fort William, Kolkata - WBPCB",2026-05-12,52.0,19.86,50.52,18.77,11.79,0.71,14.93,26.32,mean_of_source_observations,29.3,73,11.8,1006.8,66.0,61.0,47.0,58.0,67.57142857142857,68.0,1,5,0.7648913904341226,-0.6441592666722685
"Fort William, Kolkata - WBPCB",2026-05-13,68.0,32.48,67.3,19.35,7.23,0.8,27.84,24.45,mean_of_source_observations,29.9,72,15.6,1004.2,52.0,66.0,61.0,59.666666666666664,63.0,73.0,2,5,0.753697664392914,-0.6572212950663319
"Fort William, Kolkata - WBPCB",2026-05-14,73.0,27.49,72.07,18.41,9.17,0.71,30.45,23.56,mean_of_source_observations,30.7,69,15.5,1002.9,68.0,52.0,66.0,62.0,62.714285714285715,60.0,3,5,0.742280907086982,-0.6700888411055113
"Fort William, Kolkata - WBPCB",2026-05-15,60.0,27.78,59.1,23.35,8.29,0.72,28.18,20.65,mean_of_source_observations,31.3,72,14.6,1002.5,73.0,68.0,52.0,64.33333333333333,63.42857142857143,53.0,4,5,0.7306444969184916,-0.6827580970759147
"Fort William, Kolkata - WBPCB",2026-05-16,53.0,31.23,52.41,15.33,7.85,0.81,27.17,24.65,mean_of_source_observations,31.0,75,15.8,1003.2,60.0,73.0,68.0,67.0,61.0,61.0,5,5,0.7187918772884232,-0.6952253139408722
"Fort William, Kolkata - WBPCB",2026-05-17,61.0,27.73,60.01,15.43,8.28,0.65,29.02,26.18,mean_of_source_observations,31.7,74,15.0,1002.9,53.0,60.0,73.0,62.0,61.857142857142854,61.0,6,5,0.7067265555776158,-0.7074868024503348
"Fort William, Kolkata - WBPCB",2026-05-18,61.0,29.11,60.55,16.05,10.67,0.79,29.2,22.7,mean_of_source_observations,32.0,77,15.1,1002.0,61.0,53.0,60.0,58.0,61.857142857142854,52.0,0,5,0.6944521021088763,-0.719538934232584
"Fort William, Kolkata - WBPCB",2026-05-19,52.0,20.86,50.77,11.52,8.37,0.69,26.22,26.36,mean_of_source_observations,31.7,77,18.5,1001.8,61.0,61.0,53.0,58.333333333333336,61.142857142857146,51.0,1,5,0.6819721490904629,-0.7313781428679254
"Fort William, Kolkata - WBPCB",2026-05-20,51.0,30.02,44.58,11.71,6.44,0.69,28.55,23.39,mean_of_source_observations,32.1,76,11.5,1000.5,52.0,61.0,61.0,58.0,61.142857142857146,52.0,2,5,0.6692903895412567,-0.7430009249440493
"Fort William, Kolkata - WBPCB",2026-05-21,52.0,24.32,50.68,19.83,6.7,0.77,26.95,20.55,mean_of_source_observations,32.2,77,12.6,1001.8,51.0,52.0,61.0,54.666666666666664,58.714285714285715,43.0,3,5,0.6564105761979381,-0.7544038410927472
"Fort William, Kolkata - WBPCB",2026-05-23,,,,12.74,7.96,0.71,19.94,23.05,mean_of_source_observations,31.5,81,17.2,1003.5,43.0,52.0,51.0,48.666666666666664,53.285714285714285,62.0,5,5,0.6300720909843687,-0.7765366444428655
"Fort William, Kolkata - WBPCB",2026-05-31,48.0,26.71,48.33,9.89,6.81,0.65,23.57,23.0,mean_of_source_observations,30.5,70,13.4,1006.1,41.0,56.0,55.0,50.666666666666664,57.57142857142857,60.0,6,5,0.5175855102531889,-0.8556314858488706
"Fort William, Kolkata - WBPCB",2026-06-01,60.0,20.19,59.6,18.13,8.22,0.74,25.8,24.65,mean_of_source_observations,31.8,68,14.2,1006.6,48.0,41.0,56.0,48.333333333333336,55.57142857142857,44.0,0,6,0.5027907197793043,-0.8644081744776648
"Fort William, Kolkata - WBPCB",2026-06-02,44.0,24.55,44.0,9.96,8.32,0.8,26.57,22.96,mean_of_source_observations,32.2,67,10.0,1005.3,60.0,48.0,41.0,49.666666666666664,54.714285714285715,45.0,1,6,0.4878471454423119,-0.8729290708206411
"Fort William, Kolkata - WBPCB",2026-06-03,45.0,21.16,45.45,13.65,7.34,0.69,28.99,25.11,mean_of_source_observations,32.2,72,13.2,1002.7,44.0,60.0,48.0,50.666666666666664,51.0,48.0,2,6,0.47275920928627757,-0.881191653407483
"Fort William, Kolkata - WBPCB",2026-06-04,48.0,19.2,48.26,19.82,7.36,0.77,20.66,25.34,mean_of_source_observations,32.5,73,13.4,1001.3,45.0,44.0,60.0,49.666666666666664,49.857142857142854,49.0,3,6,0.4575313760742512,-0.8891934772070711
"Fort William, Kolkata - WBPCB",2026-06-05,49.0,22.72,49.2,15.51,7.3,0.76,28.7,20.95,mean_of_source_observations,31.3,77,13.5,1001.4,48.0,45.0,44.0,45.666666666666664,48.857142857142854,72.0,4,6,0.44216815196707204,-0.8969321743510065
"Fort William, Kolkata - WBPCB",2026-06-06,72.0,20.68,71.91,14.3,9.36,0.7,23.28,26.78,mean_of_source_observations,29.4,85,11.4,1002.4,49.0,48.0,45.0,47.333333333333336,47.857142857142854,48.0,5,6,0.42667408318992467,-0.9044054548343001
"Fort William, Kolkata - WBPCB",2026-06-07,48.0,27.3,47.57,14.16,10.22,0.7,18.68,25.79,mean_of_source_observations,29.1,87,17.7,1002.7,72.0,49.0,48.0,56.333333333333336,52.285714285714285,54.0,6,6,0.4110537546870351,-0.9116111071930239
"Fort William, Kolkata - WBPCB",2026-06-08,54.0,22.22,53.07,13.13,4.83,0.71,27.37,28.37,mean_of_source_observations,30.7,78,13.5,1001.0,48.0,72.0,49.0,56.333333333333336,52.285714285714285,53.0,0,6,0.3953117887649151,-0.9185469991587165
"Fort William, Kolkata - WBPCB",2026-06-09,53.0,22.12,51.92,14.1,7.81,0.66,25.6,20.83,mean_of_source_observations,31.9,78,11.3,1000.0,54.0,48.0,72.0,58.0,51.42857142857143,48.0,1,6,0.37945284372454435,-0.925211078289358
"Fort William, Kolkata - WBPCB",2026-06-10,48.0,19.49,48.11,17.39,7.06,0.72,27.39,28.17,mean_of_source_observations,30.4,81,17.0,1001.1,53.0,54.0,48.0,51.666666666666664,52.714285714285715,47.0,2,6,0.36348161248290634,-0.9316013725767187
"Fort William, Kolkata - WBPCB",2026-06-11,47.0,26.05,47.49,7.84,8.73,0.73,21.32,22.98,mean_of_source_observations,28.8,87,14.4,1003.3,48.0,53.0,54.0,51.666666666666664,53.142857142857146,57.0,3,6,0.3474028211842774,-0.9377159910299093
"Fort William, Kolkata - WBPCB",2026-06-12,57.0,11.13,55.89,12.29,8.76,0.62,22.53,27.01,mean_of_source_observations,28.4,84,9.3,1005.3,47.0,48.0,53.0,49.333333333333336,53.0,55.0,4,6,0.3312212278016865,-0.9435531242349544
"Fort William, Kolkata - WBPCB",2026-06-13,55.0,10.95,53.96,13.48,8.42,0.69,23.47,22.02,mean_of_source_observations,28.9,86,11.5,1004.1,57.0,47.0,48.0,50.666666666666664,54.142857142857146,48.0,5,6,0.31494162072895193,-0.9491110448902284
"Fort William, Kolkata - WBPCB",2026-06-14,48.0,13.87,47.57,14.44,9.93,0.73,27.4,26.82,mean_of_source_observations,29.4,83,13.4,1002.5,55.0,57.0,47.0,53.0,51.714285714285715,60.0,6,6,0.2985688173637202,-0.9543881083175908
"Fort William, Kolkata - WBPCB",2026-06-15,60.0,19.26,59.55,13.18,6.98,0.7,20.23,29.94,mean_of_source_observations,30.6,80,11.7,1002.7,48.0,55.0,57.0,53.333333333333336,51.714285714285715,52.0,0,6,0.2821076626819194,-0.9593827529490743
"Fort William, Kolkata - WBPCB",2026-06-16,52.0,9.73,51.34,10.68,7.68,0.62,26.77,22.24,mean_of_source_observations,31.2,74,11.9,1004.0,60.0,48.0,55.0,54.333333333333336,52.57142857142857,45.0,1,6,0.26556302780405594,-0.9640935007889755
"Fort William, Kolkata - WBPCB",2026-06-17,45.0,13.82,44.83,18.1,11.13,0.74,23.96,20.66,mean_of_source_observations,31.7,73,11.0,1004.1,52.0,60.0,48.0,53.333333333333336,52.42857142857143,54.0,2,6,0.24893980855376657,-0.9685189578512204
"Fort William, Kolkata - WBPCB",2026-06-18,54.0,21.76,53.4,15.5,6.54,0.73,25.54,26.49,mean_of_source_observations,29.8,83,14.0,1003.9,45.0,52.0,60.0,52.333333333333336,52.0,56.0,3,6,0.23224292400907015,-0.9726578145718654
"Fort William, Kolkata - WBPCB",2026-06-19,56.0,20.88,54.61,13.03,10.7,0.71,26.65,23.29,mean_of_source_observations,27.6,87,13.8,1004.6,54.0,45.0,52.0,50.333333333333336,53.0,41.0,4,6,0.21547731504673012,-0.976508846196619
"Fort William, Kolkata - WBPCB",2026-06-20,41.0,11.37,40.84,13.67,9.57,0.74,22.15,20.57,mean_of_source_observations,30.0,79,12.9,1004.1,56.0,54.0,45.0,51.666666666666664,52.857142857142854,48.0,5,6,0.19864794288017112,-0.9800709131432666
"Fort William, Kolkata - WBPCB",2026-06-21,48.0,21.3,48.0,19.28,6.62,0.75,27.24,24.71,mean_of_source_observations,29.3,87,12.2,1003.3,41.0,56.0,54.0,50.333333333333336,50.857142857142854,47.0,6,6,0.18175978759137534,-0.9833429613388902
"Fort William, Kolkata - WBPCB",2026-06-22,47.0,25.07,46.51,12.77,7.65,0.75,29.4,24.1,mean_of_source_observations,28.1,89,13.3,1003.7,48.0,41.0,56.0,48.333333333333336,50.857142857142854,67.0,0,6,0.16481784665719793,-0.9863240225317866
"Fort William, Kolkata - WBPCB",2026-06-23,67.0,27.73,66.26,13.6,8.44,0.81,25.99,23.87,mean_of_source_observations,29.1,86,9.1,1001.3,47.0,48.0,41.0,45.333333333333336,49.0,53.0,1,6,0.14782713347053048,-0.9890132145779883
"Fort William, Kolkata - WBPCB",2026-06-24,53.0,18.37,52.46,8.35,8.08,0.71,27.64,26.82,mean_of_source_observations,29.3,86,9.8,1001.8,67.0,47.0,48.0,54.0,51.142857142857146,44.0,2,6,0.13079267585675922,-0.9914097417023038
"Fort William, Kolkata - WBPCB",2026-06-25,44.0,18.78,43.66,14.62,9.8,0.6,23.41,23.65,mean_of_source_observations,29.7,85,12.8,1003.2,53.0,67.0,47.0,55.666666666666664,52.285714285714285,49.0,3,6,0.11371951458594969,-0.9935128947338007
"Fort William, Kolkata - WBPCB",2026-06-26,49.0,16.79,49.48,11.8,7.92,0.73,19.53,28.85,mean_of_source_observations,29.8,80,11.3,1004.2,44.0,53.0,67.0,54.666666666666664,50.857142857142854,62.0,4,6,0.0966127018812031,-0.9953220513156602
"Fort William, Kolkata - WBPCB",2026-06-27,62.0,25.04,61.43,7.24,6.59,0.72,27.55,23.34,mean_of_source_observations,30.1,79,12.0,1003.3,49.0,44.0,53.0,48.666666666666664,49.857142857142854,37.0,5,6,0.07947729992362097,-0.9968366760893436
"Fort William, Kolkata - WBPCB",2026-06-28,37.0,19.46,37.04,20.38,8.91,0.72,22.04,27.7,mean_of_source_observations,29.6,84,12.8,1001.9,62.0,49.0,44.0,51.666666666666664,52.857142857142854,53.0,6,6,0.062318379354325076,-0.998056320853012
"Fort William, Kolkata - WBPCB",2026-06-29,53.0,12.5,52.26,10.97,5.69,0.75,24.08,25.26,mean_of_source_observations,29.2,89,9.8,1001.1,37.0,62.0,49.0,49.333333333333336,51.285714285714285,54.0,0,6,0.04514101777397193,-0.9989806246941579
"Fort William, Kolkata - WBPCB",2026-06-30,54.0,20.69,53.3,14.63,4.02,0.74,28.88,20.66,mean_of_source_observations,28.0,90,9.4,1001.4,53.0,37.0,62.0,50.666666666666664,52.142857142857146,43.0,1,6,0.02795029824021032,-0.999609314096404
"Fort William, Kolkata - WBPCB",2026-07-01,43.0,13.79,42.64,8.23,8.09,0.69,25.25,21.05,mean_of_source_observations,28.6,86,9.9,1000.5,54.0,53.0,37.0,48.0,50.285714285714285,54.0,2,7,0.01075130776352193,-0.9999422030204416
"Fort William, Kolkata - WBPCB",2026-07-02,54.0,19.32,53.46,17.93,6.86,0.71,28.48,25.63,mean_of_source_observations,28.6,86,12.4,999.9,43.0,54.0,53.0,50.0,48.857142857142854,43.0,3,7,-0.00645086419810515,-0.9999791929590823
"Fort William, Kolkata - WBPCB",2026-07-03,43.0,10.51,42.78,13.97,8.92,0.69,30.41,25.88,mean_of_source_observations,29.6,82,14.4,998.9,54.0,43.0,54.0,50.333333333333336,50.285714285714285,48.0,4,7,-0.023651127245231586,-0.9997202729664083
"Fort William, Kolkata - WBPCB",2026-07-04,48.0,15.83,47.97,6.81,7.19,0.74,26.85,22.61,mean_of_source_observations,29.2,81,20.5,995.6,43.0,54.0,43.0,46.666666666666664,49.42857142857143,52.0,5,7,-0.04084439154329611,-0.9991655196610109
"Fort William, Kolkata - WBPCB",2026-07-05,52.0,27.65,51.06,8.77,6.74,0.8,25.34,25.7,mean_of_source_observations,28.0,88,16.9,994.4,48.0,43.0,54.0,48.333333333333336,47.42857142857143,42.0,6,7,-0.05802556932878035,-0.9983150972033183
"Fort William, Kolkata - WBPCB",2026-07-06,42.0,10.63,41.91,5.52,6.15,0.61,31.49,24.89,mean_of_source_observations,27.7,88,17.6,997.3,52.0,48.0,43.0,47.666666666666664,49.57142857142857,44.0,0,7,-0.07518957641475855,-0.9971692572470178
"Fort William, Kolkata - WBPCB",2026-07-07,44.0,17.24,43.93,9.38,8.35,0.65,19.86,26.03,mean_of_source_observations,27.9,90,19.7,1001.2,42.0,52.0,48.0,47.333333333333336,48.0,52.0,1,7,-0.09233133369539122,-0.9957283388645872
"Fort William, Kolkata - WBPCB",2026-07-08,52.0,21.51,51.42,19.55,8.77,0.7,26.12,24.82,mean_of_source_observations,29.4,84,15.3,1001.6,44.0,42.0,52.0,46.0,46.57142857142857,42.0,2,7,-0.10944576864891556,-0.993992768446958
"Fort William, Kolkata - WBPCB",2026-07-09,42.0,14.93,41.66,5.0,6.66,0.64,23.46,22.52,mean_of_source_observations,27.9,91,17.4,1002.2,52.0,44.0,42.0,46.0,47.857142857142854,40.0,3,7,-0.12652781683868314,-0.9919630595773397
"Fort William, Kolkata - WBPCB",2026-07-10,40.0,21.0,32.27,5.0,6.56,0.79,30.27,25.96,mean_of_source_observations,27.4,93,14.8,1001.3,42.0,52.0,44.0,46.0,46.142857142857146,38.0,4,7,-0.1435724234118113,-0.9896398128792412
"Fort William, Kolkata - WBPCB",2026-07-11,38.0,18.13,34.9,7.79,8.73,0.75,24.01,29.56,mean_of_source_observations,28.9,87,13.2,999.9,40.0,42.0,52.0,44.666666666666664,45.714285714285715,56.0,5,7,-0.16057454459499376,-0.9870237158387383
"Fort William, Kolkata - WBPCB",2026-07-12,56.0,13.03,55.37,9.79,8.91,0.74,25.88,25.27,mean_of_source_observations,28.8,88,12.8,998.1,38.0,40.0,42.0,40.0,44.285714285714285,45.0,6,7,-0.17752914918703497,-0.984115542601034
"Fort William, Kolkata - WBPCB",2026-07-13,45.0,12.18,44.75,11.32,6.3,0.69,29.78,25.46,mean_of_source_observations,28.8,89,8.8,999.1,56.0,38.0,40.0,44.666666666666664,44.857142857142854,51.0,0,7,-0.19443122004766195,-0.9809161537413774
"Fort William, Kolkata - WBPCB",2026-07-14,51.0,16.78,50.51,6.37,9.86,0.74,25.4,21.2,mean_of_source_observations,28.7,86,8.0,999.9,45.0,56.0,38.0,46.333333333333336,45.285714285714285,41.0,1,7,-0.2112757555821793,-0.9774264960104055
"Fort William, Kolkata - WBPCB",2026-07-15,41.0,8.0,41.38,13.65,8.38,0.58,24.86,22.12,mean_of_source_observations,29.5,80,14.1,1000.0,51.0,45.0,56.0,50.666666666666664,46.285714285714285,38.0,2,7,-0.2280577712215198,-0.9736476020539838
"Fort William, Kolkata - WBPCB",2026-07-16,38.0,9.85,28.26,10.94,7.73,0.76,23.15,22.96,mean_of_source_observations,29.0,82,14.5,999.7,41.0,51.0,45.0,45.666666666666664,44.714285714285715,40.0,3,7,-0.24477230089725957,-0.9695805901076308
"Fort William, Kolkata - WBPCB",2026-07-17,40.0,16.73,39.7,5.77,8.7,0.58,21.56,25.95,mean_of_source_observations,28.9,84,15.7,1000.4,38.0,41.0,51.0,43.333333333333336,44.142857142857146,35.0,4,7,-0.2614143985111562,-0.965226663665613
"Fort William, Kolkata - WBPCB",2026-07-18,35.0,10.14,35.21,12.81,6.53,0.7,20.14,29.33,mean_of_source_observations,29.1,83,16.2,1001.8,40.0,38.0,41.0,39.666666666666664,44.142857142857146,44.0,5,7,-0.2779791393987801,-0.9605871111248129
"Fort William, Kolkata - WBPCB",2026-07-19,44.0,14.66,44.46,11.88,9.34,0.69,26.3,28.57,mean_of_source_observations,28.7,85,13.2,1003.1,35.0,40.0,38.0,37.666666666666664,43.714285714285715,53.0,6,7,-0.2944616217868012,-0.9556633054034704
"Fort William, Kolkata - WBPCB",2026-07-20,53.0,10.19,51.74,10.84,10.53,0.68,19.47,27.12,mean_of_source_observations,27.9,90,11.5,1003.5,44.0,35.0,40.0,39.666666666666664,42.0,44.0,0,7,-0.3108569682435036,-0.9504567035349151
"Fort William, Kolkata - WBPCB",2026-07-21,44.0,21.7,43.59,5.26,6.0,0.75,21.03,24.97,mean_of_source_observations,26.8,92,12.9,1003.0,53.0,44.0,35.0,44.0,43.142857142857146,36.0,1,7,-0.3271603271220951,-0.9449688462364056
"Fort William, Kolkata - WBPCB",2026-07-22,36.0,20.11,32.8,11.47,6.43,0.71,24.91,20.23,mean_of_source_observations,26.2,93,11.5,1003.3,44.0,53.0,44.0,47.0,42.142857142857146,41.0,2,7,-0.34336687399638804,-0.939201357453208
"Fort William, Kolkata - WBPCB",2026-07-23,41.0,18.05,40.91,7.55,8.12,0.76,24.34,23.13,mean_of_source_observations,26.5,92,16.6,1003.1,36.0,44.0,53.0,44.333333333333336,41.42857142857143,46.0,3,7,-0.3594718130884232,-0.9331559438780432
"Fort William, Kolkata - WBPCB",2026-07-24,46.0,16.88,45.9,6.22,5.22,0.67,26.9,20.58,mean_of_source_observations,26.9,90,13.2,1001.4,41.0,36.0,44.0,40.333333333333336,41.857142857142854,45.0,4,7,-0.3754703786876202,-0.9268343944460494
"Fort William, Kolkata - WBPCB",2026-07-25,45.0,13.56,44.9,10.78,7.56,0.65,22.64,28.09,mean_of_source_observations,28.1,85,13.5,1000.1,46.0,41.0,36.0,41.0,42.714285714285715,41.0,5,7,-0.3913578365610259,-0.9202385798054075
"Fort William, Kolkata - WBPCB",2026-07-26,41.0,10.71,40.84,9.87,7.05,0.65,31.74,19.62,mean_of_source_observations,28.4,81,16.7,998.4,45.0,46.0,41.0,44.0,44.142857142857146,43.0,6,7,-0.4071294853542516,-0.9133704517637858
"Fort William, Kolkata - WBPCB",2026-07-27,43.0,26.08,43.04,14.82,9.14,0.69,24.94,23.79,mean_of_source_observations,27.0,90,19.9,995.3,41.0,45.0,46.0,44.0,43.714285714285715,53.0,0,7,-0.4227806579826773,-0.9062320427107697
"Fort William, Kolkata - WBPCB",2026-07-28,53.0,19.13,52.42,10.72,11.23,0.69,25.54,28.56,mean_of_source_observations,27.9,85,21.1,996.0,43.0,41.0,45.0,43.0,42.285714285714285,47.0,1,7,-0.4383067230125192,-0.898825465016444
"Fort William, Kolkata - WBPCB",2026-07-29,47.0,15.58,47.37,22.58,10.56,0.64,28.46,26.54,mean_of_source_observations,27.9,87,13.1,998.5,53.0,43.0,41.0,45.666666666666664,43.57142857142857,38.0,2,7,-0.45370308603134424,-0.8911529104063088
"Fort William, Kolkata - WBPCB",2026-07-30,38.0,18.5,36.3,21.31,7.08,0.77,24.21,21.32,mean_of_source_observations,27.8,86,18.1,1000.1,47.0,53.0,43.0,47.666666666666664,45.142857142857146,37.0,3,7,-0.46896519100763184,-0.8832166493127127
"Fort William, Kolkata - WBPCB",2026-07-31,37.0,20.99,35.64,8.07,5.87,0.74,25.19,23.77,mean_of_source_observations,28.5,83,13.9,1002.2,38.0,47.0,53.0,46.0,44.714285714285715,49.0,4,7,-0.48408852163897587,-0.8750190302029955
"Fort William, Kolkata - WBPCB",2026-08-01,49.0,22.73,49.29,7.3,10.18,0.73,25.8,29.89,mean_of_source_observations,28.5,86,12.3,1001.9,37.0,38.0,47.0,40.666666666666664,43.42857142857143,53.0,5,8,-0.4990686026885319,-0.8665624788845385
"Fort William, Kolkata - WBPCB",2026-08-02,53.0,24.59,51.78,14.01,7.74,0.7,22.76,25.92,mean_of_source_observations,28.8,88,13.6,1002.1,49.0,37.0,38.0,41.333333333333336,44.0,56.0,6,8,-0.5139010013093103,-0.8578494977869301
"Fort William, Kolkata - WBPCB",2026-08-03,56.0,20.3,55.08,10.11,6.98,0.78,23.27,24.74,mean_of_source_observations,29.2,88,8.4,1002.8,53.0,49.0,37.0,46.333333333333336,45.714285714285715,48.0,0,8,-0.5285813283559292,-0.8488826652214553
"Fort William, Kolkata - WBPCB",2026-08-04,48.0,13.13,48.5,13.91,6.14,0.69,25.01,28.38,mean_of_source_observations,29.4,87,10.8,1003.2,56.0,53.0,49.0,52.666666666666664,47.57142857142857,49.0,1,8,-0.5431052396834317,-0.8396646346181327
"Fort William, Kolkata - WBPCB",2026-08-05,49.0,17.47,49.47,6.14,6.65,0.64,24.19,26.25,mean_of_source_observations,28.4,89,11.5,1001.6,48.0,56.0,53.0,52.333333333333336,46.857142857142854,49.0,2,8,-0.5574684374327892,-0.8301981337405212
"Fort William, Kolkata - WBPCB",2026-08-06,49.0,19.59,48.57,14.31,8.19,0.65,24.03,25.57,mean_of_source_observations,27.7,88,7.6,1001.1,49.0,48.0,56.0,51.0,47.142857142857146,44.0,3,8,-0.5716666713027052,-0.8204859638785327
"Fort William, Kolkata - WBPCB",2026-08-07,44.0,16.99,44.38,13.97,8.48,0.74,19.33,20.16,mean_of_source_observations,27.1,91,11.5,1000.2,49.0,49.0,48.0,48.666666666666664,48.714285714285715,38.0,4,8,-0.5856957398073508,-0.8105309990194823
"Fort William, Kolkata - WBPCB",2026-08-08,38.0,17.91,37.82,11.2,8.95,0.77,25.17,24.64,mean_of_source_observations,27.9,87,16.9,1001.6,44.0,49.0,49.0,47.333333333333336,49.714285714285715,54.0,5,8,-0.5995514915196489,-0.8003361849976323
"Fort William, Kolkata - WBPCB",2026-08-09,54.0,8.0,53.21,14.01,8.79,0.64,18.45,25.5,mean_of_source_observations,28.6,87,11.4,1002.6,38.0,44.0,49.0,43.666666666666664,48.142857142857146,44.0,6,8,-0.6132298262997502,-0.7899045386224707
"Fort William, Kolkata - WBPCB",2026-08-10,44.0,25.66,43.8,8.11,9.81,0.76,25.72,24.91,mean_of_source_observations,28.7,87,7.3,1001.3,54.0,38.0,44.0,45.333333333333336,48.285714285714285,57.0,0,8,-0.6267266965083301,-0.7792391467859886
"Fort William, Kolkata - WBPCB",2026-08-11,57.0,17.25,56.07,10.79,8.89,0.77,25.01,25.36,mean_of_source_observations,28.4,88,8.7,1000.0,44.0,54.0,38.0,45.333333333333336,46.57142857142857,45.0,1,8,-0.6400381082043503,-0.7683431655492202
"Fort William, Kolkata - WBPCB",2026-08-12,45.0,26.2,45.08,9.26,7.19,0.75,24.58,26.7,mean_of_source_observations,28.7,88,8.9,1000.3,57.0,44.0,54.0,51.666666666666664,47.857142857142854,40.0,2,8,-0.65316012232693,-0.7572198192083127
"Fort William, Kolkata - WBPCB",2026-08-13,40.0,22.76,40.14,15.28,8.87,0.77,25.24,21.07,mean_of_source_observations,28.4,88,15.3,999.0,45.0,57.0,44.0,48.666666666666664,47.285714285714285,52.0,3,8,-0.666088855860977,-0.7458723993404063
"Fort William, Kolkata - WBPCB",2026-08-14,52.0,20.45,51.23,7.84,9.37,0.66,26.4,24.68,mean_of_source_observations,28.5,86,16.0,1000.6,40.0,45.0,57.0,47.333333333333336,46.0,48.0,4,8,-0.6788204829862355,-0.734304263829602
"Fort William, Kolkata - WBPCB",2026-08-15,48.0,28.24,47.67,6.99,5.65,0.76,22.44,22.95,mean_of_source_observations,28.1,87,12.5,1000.2,52.0,40.0,45.0,45.666666666666664,47.142857142857146,41.0,5,8,-0.6913512362094071,-0.722518835873311
"Fort William, Kolkata - WBPCB",2026-08-16,41.0,15.69,40.71,10.18,9.2,0.73,23.21,27.63,mean_of_source_observations,27.8,89,15.0,997.8,48.0,52.0,40.0,46.666666666666664,48.57142857142857,54.0,6,8,-0.7036774074790128,-0.7105196029692745
"Fort William, Kolkata - WBPCB",2026-08-17,54.0,32.03,35.79,18.93,8.44,0.75,29.2,24.29,mean_of_source_observations,26.6,94,19.9,998.7,41.0,48.0,52.0,47.0,46.714285714285715,54.0,0,8,-0.7157953492826642,-0.6983101158835584
"Fort William, Kolkata - WBPCB",2026-08-18,54.0,19.77,52.79,10.41,7.27,0.64,22.0,28.05,mean_of_source_observations,28.1,86,19.3,1001.6,54.0,41.0,48.0,47.666666666666664,48.142857142857146,46.0,1,8,-0.7277014757264236,-0.6858939875998223
"Fort William, Kolkata - WBPCB",2026-08-19,46.0,10.87,45.67,11.44,7.53,0.73,23.38,18.12,mean_of_source_observations,29.0,81,12.7,1003.4,54.0,54.0,41.0,49.666666666666664,47.714285714285715,54.0,2,8,-0.7393922635959241,-0.673274892250183
"Fort William, Kolkata - WBPCB",2026-08-20,54.0,16.46,52.84,9.17,8.02,0.72,25.41,27.04,mean_of_source_observations,29.2,84,9.6,1003.3,46.0,54.0,54.0,51.333333333333336,47.857142857142854,53.0,3,8,-0.7508642533989489,-0.6604565640279754
"Fort William, Kolkata - WBPCB",2026-08-21,53.0,20.55,52.55,16.08,8.57,0.67,24.62,30.12,mean_of_source_observations,29.8,86,7.4,1001.9,54.0,46.0,54.0,51.333333333333336,49.857142857142854,56.0,4,8,-0.7621140503891487,-0.6474427960827475
"Fort William, Kolkata - WBPCB",2026-08-22,56.0,11.7,55.38,10.78,9.06,0.72,25.44,24.18,mean_of_source_observations,29.6,85,12.9,1001.3,53.0,54.0,46.0,51.0,50.0,51.0,5,8,-0.7731383255706026,-0.6342374393978054
"Fort William, Kolkata - WBPCB",2026-08-23,51.0,19.8,50.15,9.5,7.06,0.71,25.55,27.24,mean_of_source_observations,29.4,82,14.6,1000.8,56.0,53.0,54.0,54.333333333333336,51.142857142857146,55.0,6,8,-0.7839338166829201,-0.620844401650647
"Fort William, Kolkata - WBPCB",2026-08-24,55.0,18.54,53.58,14.76,9.79,0.64,23.38,26.98,mean_of_source_observations,28.3,87,14.6,1001.4,51.0,56.0,53.0,53.333333333333336,52.57142857142857,46.0,0,8,-0.7944973291665992,-0.6072676460566135
"Fort William, Kolkata - WBPCB",2026-08-25,46.0,17.6,46.39,11.85,8.97,0.62,25.59,25.41,mean_of_source_observations,28.8,85,15.4,1002.9,55.0,51.0,56.0,54.0,52.714285714285715,64.0,1,8,-0.8048257371083452,-0.593511190196115
"Fort William, Kolkata - WBPCB",2026-08-26,64.0,18.59,63.05,10.01,8.05,0.76,31.26,20.44,mean_of_source_observations,29.0,87,10.1,1002.4,46.0,55.0,51.0,50.666666666666664,51.57142857142857,50.0,2,8,-0.8149159841660791,-0.5795791048257612
"Fort William, Kolkata - WBPCB",2026-08-27,50.0,17.75,49.58,14.28,8.39,0.79,26.14,21.23,mean_of_source_observations,29.5,87,8.9,1001.4,64.0,46.0,55.0,55.0,54.142857142857146,63.0,3,8,-0.8247650844733614,-0.5654755126737576
"Fort William, Kolkata - WBPCB",2026-08-28,63.0,22.66,62.24,15.57,6.42,0.67,25.4,26.21,mean_of_source_observations,29.2,89,10.7,1000.7,50.0,64.0,46.0,53.333333333333336,53.57142857142857,56.0,4,8,-0.8343701235229537,-0.5512045872199277
"Fort William, Kolkata - WBPCB",2026-08-29,56.0,23.3,54.95,16.64,9.54,0.69,24.91,24.16,mean_of_source_observations,29.4,85,14.5,999.7,63.0,50.0,64.0,59.0,55.0,61.0,5,8,-0.8437282590292712,-0.5367705514607103
"Fort William, Kolkata - WBPCB",2026-08-30,61.0,21.62,59.75,14.1,9.87,0.7,22.77,22.1,mean_of_source_observations,28.4,90,13.8,998.4,56.0,63.0,50.0,56.333333333333336,55.0,67.0,6,8,-0.8528367217694595,-0.522177676659508
"Rabindra Bharati University, Kolkata - WBPCB",2024-01-09,,,,25.28,9.3,1.08,22.96,30.06,mean_of_source_observations,19.0,77,10.1,1016.6,155.0,169.0,137.0,153.66666666666666,150.28571428571428,151.0,1,1,0.1542040475626894,0.988039023376751
"Rabindra Bharati University, Kolkata - WBPCB",2024-01-17,124.0,66.87,134.08,36.95,5.54,1.04,22.68,32.11,mean_of_source_observations,17.7,78,9.7,1014.8,132.0,121.0,127.0,126.66666666666667,134.71428571428572,147.0,2,1,0.2882906407095177,0.9575429528116719
"Rabindra Bharati University, Kolkata - WBPCB",2024-01-18,147.0,74.02,114.61,34.93,7.41,0.96,29.83,32.06,mean_of_source_observations,17.3,91,13.4,1014.8,124.0,132.0,121.0,125.66666666666667,130.85714285714286,125.0,3,1,0.3047192331091634,0.9524422234305676
"Rabindra Bharati University, Kolkata - WBPCB",2024-01-19,125.0,67.39,130.07,33.68,9.49,0.9,25.68,27.0,mean_of_source_observations,18.3,85,10.1,1016.2,147.0,124.0,132.0,134.33333333333334,132.85714285714286,118.0,4,1,0.321057654185271,0.9470596510722283
"Rabindra Bharati University, Kolkata - WBPCB",2024-01-20,118.0,64.63,126.26,33.87,7.3,0.97,26.91,22.27,mean_of_source_observations,17.6,79,8.4,1016.4,125.0,147.0,124.0,132.0,131.71428571428572,167.0,5,1,0.3373010691361842,0.9413968285264122
"Rabindra Bharati University, Kolkata - WBPCB",2024-01-21,167.0,80.13,123.43,33.66,8.96,1.02,22.53,26.24,mean_of_source_observations,17.3,84,8.5,1016.1,118.0,125.0,147.0,130.0,127.71428571428571,137.0,6,1,0.3534446712740877,0.9354554315134164
"Rabindra Bharati University, Kolkata - WBPCB",2024-01-22,137.0,70.95,129.58,39.38,7.71,1.03,21.34,26.14,mean_of_source_observations,15.7,79,11.9,1018.2,167.0,118.0,125.0,136.66666666666666,133.42857142857142,142.0,0,1,0.3694836834473831,0.9292372181882051
"Rabindra Bharati University, Kolkata - WBPCB",2024-01-23,142.0,72.47,147.45,37.02,8.49,1.05,23.29,25.95,mean_of_source_observations,16.5,76,10.2,1016.8,137.0,167.0,118.0,140.66666666666666,135.71428571428572,126.0,1,1,0.38541335945432564,0.9227440286201427
"Rabindra Bharati University, Kolkata - WBPCB",2024-01-24,126.0,64.34,137.35,21.73,6.28,0.97,24.63,25.82,mean_of_source_observations,17.7,80,9.6,1016.9,142.0,137.0,167.0,148.66666666666666,137.14285714285714,131.0,2,1,0.4012289854475009,0.9159777842484877
"Rabindra Bharati University, Kolkata - WBPCB",2024-01-25,131.0,69.02,126.77,37.23,8.13,1.09,21.81,25.96,mean_of_source_observations,17.3,83,10.5,1018.7,126.0,142.0,137.0,135.0,137.42857142857142,142.0,3,1,0.4169258813287287,0.908940487313808
"Rabindra Bharati University, Kolkata - WBPCB",2024-01-26,142.0,72.48,136.52,35.21,3.51,1.01,24.97,26.83,mean_of_source_observations,17.2,73,12.5,1019.6,131.0,126.0,142.0,133.0,135.14285714285714,130.0,4,1,0.4324994021339788,0.901634220265486
"Rabindra Bharati University, Kolkata - WBPCB",2024-01-27,130.0,65.57,143.53,34.25,7.72,0.96,19.93,26.02,mean_of_source_observations,16.4,71,12.6,1019.3,142.0,131.0,126.0,133.0,137.57142857142858,146.0,5,1,0.44794493940789115,0.8940611451454876
"Rabindra Bharati University, Kolkata - WBPCB",2024-01-28,146.0,73.72,139.28,32.61,5.55,0.92,21.64,28.75,mean_of_source_observations,16.6,74,11.0,1018.8,130.0,142.0,131.0,134.33333333333334,139.28571428571428,129.0,6,1,0.4632579225674917,0.88622350294858
"Rabindra Bharati University, Kolkata - WBPCB",2024-01-29,129.0,68.34,131.65,39.1,9.81,0.97,27.01,29.25,mean_of_source_observations,17.9,74,9.5,1017.2,146.0,130.0,142.0,139.33333333333334,136.28571428571428,134.0,0,1,0.4784338202547012,0.8781236129591848
"Rabindra Bharati University, Kolkata - WBPCB",2024-01-30,134.0,69.89,125.37,38.3,9.17,0.97,26.81,25.13,mean_of_source_observations,19.7,82,12.5,1015.8,129.0,146.0,130.0,135.0,135.14285714285714,128.0,1,1,0.49346814167723735,0.8697638720650646
"Rabindra Bharati University, Kolkata - WBPCB",2024-01-31,128.0,68.09,136.81,30.81,8.7,1.04,23.82,32.2,mean_of_source_observations,20.1,88,12.4,1015.7,134.0,129.0,146.0,136.33333333333334,134.0,171.0,2,1,0.5083564379375122,0.8611467540480452
"Rabindra Bharati University, Kolkata - WBPCB",2024-02-01,171.0,81.22,133.98,35.86,10.28,1.06,21.95,24.9,mean_of_source_observations,20.5,91,12.5,1015.9,128.0,134.0,129.0,130.33333333333334,134.28571428571428,137.0,3,2,0.5230943033491326,0.8522748088519838
"Rabindra Bharati University, Kolkata - WBPCB",2024-02-02,137.0,71.0,138.11,29.85,6.58,0.93,21.92,22.84,mean_of_source_observations,20.7,85,10.3,1015.1,171.0,128.0,134.0,144.33333333333334,140.0,125.0,4,2,0.5376773767406141,0.8431506618282
"Rabindra Bharati University, Kolkata - WBPCB",2024-02-03,125.0,65.22,135.64,28.03,10.62,0.99,23.88,29.31,mean_of_source_observations,20.6,74,13.2,1016.2,137.0,171.0,128.0,145.33333333333334,139.28571428571428,151.0,5,2,0.5521013427459208,0.8337770129585915
"Rabindra Bharati University, Kolkata - WBPCB",2024-02-04,151.0,75.22,138.99,31.22,9.4,1.05,26.93,25.43,mean_of_source_observations,19.9,73,11.4,1017.3,125.0,137.0,171.0,144.33333333333334,138.57142857142858,118.0,6,2,0.5663619330814524,0.8241566360566663
"Rabindra Bharati University, Kolkata - WBPCB",2024-02-05,118.0,64.02,125.06,37.59,7.65,1.05,27.78,29.12,mean_of_source_observations,21.2,79,9.3,1016.6,151.0,125.0,137.0,137.66666666666666,139.28571428571428,139.0,0,2,0.580454927809098,0.8142923779467267
"Rabindra Bharati University, Kolkata - WBPCB",2024-02-06,139.0,71.58,140.82,37.91,9.7,1.05,23.51,20.29,mean_of_source_observations,23.0,87,13.2,1015.7,118.0,151.0,125.0,131.33333333333334,137.71428571428572,121.0,1,2,0.5943761565849831,0.804187157621448
"Rabindra Bharati University, Kolkata - WBPCB",2024-02-07,121.0,59.69,130.88,35.94,6.34,1.0,21.54,32.59,mean_of_source_observations,21.5,78,12.7,1016.1,139.0,118.0,151.0,136.0,138.42857142857142,132.0,2,2,0.6081214998935418,0.7938439653781019
"Rabindra Bharati University, Kolkata - WBPCB",2024-02-08,132.0,62.92,146.83,36.78,6.76,0.97,25.8,30.26,mean_of_source_observations,19.6,60,11.3,1016.3,121.0,139.0,118.0,126.0,137.42857142857142,137.0,3,2,0.6216868902665479,0.7832658619336791
"Rabindra Bharati University, Kolkata - WBPCB",2024-02-09,137.0,70.96,122.66,35.81,7.09,1.02,22.53,23.22,mean_of_source_observations,18.2,63,12.3,1018.6,132.0,121.0,139.0,130.66666666666666,131.85714285714286,146.0,4,2,0.6350683134867438,0.7724559775191742
"Rabindra Bharati University, Kolkata - WBPCB",2024-02-10,146.0,73.69,143.31,30.73,7.21,1.07,23.45,23.29,mean_of_source_observations,18.5,66,12.4,1018.8,137.0,132.0,121.0,130.0,131.85714285714286,135.0,5,2,0.6482618097757122,0.7614175109532997
"Rabindra Bharati University, Kolkata - WBPCB",2024-02-11,135.0,70.43,129.72,35.28,6.42,0.92,28.98,33.5,mean_of_source_observations,20.3,64,10.5,1018.8,146.0,137.0,132.0,138.33333333333334,134.85714285714286,130.0,6,2,0.6612634749656386,0.7501537286959042
"Rabindra Bharati University, Kolkata - WBPCB",2024-02-12,130.0,68.66,122.06,36.79,9.83,0.97,27.48,25.69,mean_of_source_observations,21.4,63,9.7,1018.7,135.0,146.0,137.0,139.33333333333334,132.57142857142858,126.0,0,2,0.6740694616546161,0.7386679638813748
"Rabindra Bharati University, Kolkata - WBPCB",2024-02-13,126.0,67.44,123.18,36.5,7.61,0.94,25.47,25.38,mean_of_source_observations,22.6,70,9.0,1017.9,130.0,135.0,146.0,137.0,134.28571428571428,117.0,1,2,0.6866759803451553,0.726963615332308
"Rabindra Bharati University, Kolkata - WBPCB",2024-02-14,117.0,60.86,124.26,38.29,8.53,0.98,21.18,20.74,mean_of_source_observations,22.3,73,9.8,1016.5,126.0,130.0,135.0,130.33333333333334,132.42857142857142,121.0,2,2,0.6990793005655562,0.7150441465537444
"Rabindra Bharati University, Kolkata - WBPCB",2024-02-15,121.0,64.72,130.34,36.12,7.14,1.04,25.63,26.94,mean_of_source_observations,22.5,76,20.5,1016.9,117.0,126.0,130.0,124.33333333333333,131.85714285714286,121.0,3,2,0.7112757519738152,0.7029130847082615
"Rabindra Bharati University, Kolkata - WBPCB",2024-02-16,121.0,65.88,130.83,34.48,5.27,0.95,28.19,27.34,mean_of_source_observations,22.9,75,10.8,1017.1,121.0,117.0,126.0,121.33333333333333,130.28571428571428,147.0,4,2,0.7232617254437388,0.6905740195722294
"Rabindra Bharati University, Kolkata - WBPCB",2024-02-17,147.0,73.83,120.99,37.49,8.41,0.88,23.87,30.4,mean_of_source_observations,21.7,72,11.5,1014.2,121.0,121.0,117.0,119.66666666666667,128.0,133.0,5,2,0.7350336741329412,0.6780306024735382
"Rabindra Bharati University, Kolkata - WBPCB",2024-02-18,133.0,69.73,125.36,32.65,5.13,0.97,29.05,23.55,mean_of_source_observations,22.9,74,9.5,1013.5,147.0,121.0,121.0,129.66666666666666,128.14285714285714,130.0,6,2,0.746588114532413,0.6652865452111116
"Rabindra Bharati University, Kolkata - WBPCB",2024-02-19,130.0,58.09,143.69,28.85,7.9,1.0,28.88,23.15,mean_of_source_observations,24.0,82,11.0,1013.4,133.0,147.0,121.0,133.66666666666666,127.85714285714286,131.0,0,2,0.7579216274973472,0.6523456189565257
"Rabindra Bharati University, Kolkata - WBPCB",2024-02-20,131.0,69.1,139.7,31.85,5.95,1.02,29.99,29.54,mean_of_source_observations,25.2,82,18.9,1011.0,130.0,133.0,147.0,136.66666666666666,127.85714285714286,120.0,1,2,0.7690308592589181,0.6392116531380588
"Rabindra Bharati University, Kolkata - WBPCB",2024-02-21,120.0,64.99,128.14,29.23,10.98,1.0,25.92,31.34,mean_of_source_observations,25.0,77,10.5,1009.6,131.0,130.0,133.0,131.33333333333334,128.57142857142858,117.0,2,2,0.7799125224167177,0.6258885343075018
"Rabindra Bharati University, Kolkata - WBPCB",2024-02-22,117.0,63.14,124.28,29.42,9.37,0.95,26.76,22.99,mean_of_source_observations,24.7,82,16.7,1009.6,120.0,131.0,130.0,127.0,129.0,133.0,3,2,0.7905633969115482,0.612380204990065
"Rabindra Bharati University, Kolkata - WBPCB",2024-02-23,133.0,69.81,124.56,31.59,8.16,0.92,29.24,31.58,mean_of_source_observations,23.2,74,18.7,1012.8,117.0,120.0,131.0,122.66666666666667,128.42857142857142,140.0,4,2,0.8009803309782905,0.5986906625177214
"Rabindra Bharati University, Kolkata - WBPCB",2024-02-24,140.0,71.78,128.39,28.68,9.9,1.03,26.34,28.2,mean_of_source_observations,22.9,71,15.5,1014.5,133.0,117.0,120.0,123.33333333333333,130.14285714285714,137.0,5,2,0.8111602420785621,0.5848239578463322
"Rabindra Bharati University, Kolkata - WBPCB",2024-02-25,137.0,70.95,113.8,30.65,6.73,0.95,23.5,31.62,mean_of_source_observations,21.1,70,19.1,1015.7,140.0,133.0,117.0,130.0,129.14285714285714,114.0,6,2,0.8211001178128892,0.5707841943569036
"Rabindra Bharati University, Kolkata - WBPCB",2024-02-26,114.0,61.08,119.96,23.68,8.82,1.08,23.65,27.85,mean_of_source_observations,22.3,65,11.2,1015.9,137.0,140.0,133.0,136.66666666666666,129.71428571428572,113.0,0,2,0.8307970168121247,0.5565755266413303
"Rabindra Bharati University, Kolkata - WBPCB",2024-02-27,113.0,63.63,107.3,32.66,8.3,1.0,25.72,19.91,mean_of_source_observations,22.8,64,8.2,1014.6,114.0,137.0,140.0,130.33333333333334,127.42857142857143,123.0,1,2,0.8402480696078469,0.5422021592729844
"Rabindra Bharati University, Kolkata - WBPCB",2024-02-28,123.0,66.78,124.69,31.62,8.4,0.95,21.13,27.59,mean_of_source_observations,23.8,72,10.5,1012.8,113.0,114.0,137.0,121.33333333333333,124.85714285714286,134.0,2,2,0.8494504794814806,0.527668345562516
"Rabindra Bharati University, Kolkata - WBPCB",2024-02-29,134.0,69.93,126.35,27.95,9.91,0.96,24.57,31.51,mean_of_source_observations,23.9,66,9.7,1013.3,123.0,113.0,114.0,116.66666666666667,125.28571428571429,112.0,3,2,0.8584015232918917,0.512978386299228
"Rabindra Bharati University, Kolkata - WBPCB",2024-03-01,112.0,61.75,116.09,34.2,9.1,0.96,28.29,25.18,mean_of_source_observations,24.0,65,9.9,1014.0,134.0,123.0,113.0,123.33333333333333,127.71428571428571,123.0,4,3,0.8670985522812081,0.4981366284784055
"Rabindra Bharati University, Kolkata - WBPCB",2024-03-03,,,,24.14,5.52,1.01,29.6,27.51,mean_of_source_observations,25.7,75,7.7,1012.3,123.0,112.0,134.0,123.0,122.28571428571429,105.0,6,3,0.8837203473619977,0.4680153284438345
"Rabindra Bharati University, Kolkata - WBPCB",2024-03-11,110.0,62.72,113.43,32.67,8.11,0.98,26.76,27.32,mean_of_source_observations,24.6,56,10.7,1014.1,111.0,118.0,125.0,118.0,120.0,130.0,0,3,0.9395699859530622,0.342356891994542
"Rabindra Bharati University, Kolkata - WBPCB",2024-03-12,130.0,68.69,121.98,24.42,7.68,0.89,24.38,25.19,mean_of_source_observations,27.1,76,13.5,1011.5,110.0,111.0,118.0,113.0,120.71428571428571,114.0,1,3,0.945320046913132,0.3261441535642696
"Rabindra Bharati University, Kolkata - WBPCB",2024-03-13,114.0,59.81,119.4,29.87,6.57,1.07,25.25,30.67,mean_of_source_observations,27.7,74,15.2,1011.3,130.0,110.0,111.0,117.0,121.42857142857143,128.0,2,3,0.9507903724625832,0.3098349038318025
"Rabindra Bharati University, Kolkata - WBPCB",2024-03-14,128.0,68.06,99.55,30.66,8.12,1.06,22.82,22.01,mean_of_source_observations,26.1,85,18.7,1011.1,114.0,130.0,110.0,118.0,118.57142857142857,118.0,3,3,0.9559793438440766,0.2934339689665273
"Rabindra Bharati University, Kolkata - WBPCB",2024-03-16,,,,23.49,6.14,0.91,28.12,24.52,mean_of_source_observations,26.9,83,12.4,1013.0,118.0,128.0,114.0,120.0,118.42857142857143,105.0,5,3,0.9655071658143364,0.2603764827344581
"Rabindra Bharati University, Kolkata - WBPCB",2024-03-24,112.0,52.67,117.1,23.6,6.0,0.88,27.91,28.62,mean_of_source_observations,27.9,81,19.4,1009.9,114.0,103.0,104.0,107.0,108.0,108.0,6,3,0.992098522791769,0.12546123335273648
"Rabindra Bharati University, Kolkata - WBPCB",2024-03-25,108.0,50.67,111.01,29.69,8.73,1.0,25.98,31.91,mean_of_source_observations,27.0,84,16.6,1010.4,112.0,114.0,103.0,109.66666666666667,109.0,103.0,0,3,0.9941098647022418,0.10837701279187609
"Rabindra Bharati University, Kolkata - WBPCB",2024-03-26,103.0,51.89,102.46,29.64,5.68,1.02,20.83,29.39,mean_of_source_observations,27.2,81,10.8,1011.2,108.0,112.0,114.0,111.33333333333333,108.71428571428571,109.0,1,3,0.9958270335100595,0.09126072172931188
"Rabindra Bharati University, Kolkata - WBPCB",2024-03-27,109.0,59.11,111.68,31.86,9.62,1.13,24.41,24.95,mean_of_source_observations,28.1,79,15.0,1012.1,103.0,108.0,112.0,107.66666666666667,107.57142857142857,93.0,2,3,0.9972495210773451,0.07411742515094437
"Rabindra Bharati University, Kolkata - WBPCB",2024-03-28,93.0,55.5,79.74,39.03,7.29,0.88,28.18,25.5,mean_of_source_observations,28.0,79,17.8,1009.5,109.0,103.0,108.0,106.66666666666667,107.57142857142857,110.0,3,3,0.998376906467142,0.056952196034039754
"Rabindra Bharati University, Kolkata - WBPCB",2024-03-29,110.0,50.42,113.61,28.62,7.86,0.94,24.85,28.41,mean_of_source_observations,28.6,83,16.9,1008.3,93.0,109.0,103.0,101.66666666666667,106.0,93.0,4,3,0.9992088560679753,0.03977011384605572
"Rabindra Bharati University, Kolkata - WBPCB",2024-03-30,93.0,55.61,87.99,24.55,9.99,0.83,26.51,20.58,mean_of_source_observations,29.3,79,17.8,1009.3,110.0,93.0,109.0,104.0,107.0,99.0,5,3,0.9997451236925734,0.022576263041545485
"Rabindra Bharati University, Kolkata - WBPCB",2024-03-31,99.0,52.91,99.21,26.46,6.07,0.96,24.04,33.5,mean_of_source_observations,28.8,81,20.6,1008.8,93.0,110.0,93.0,98.66666666666667,104.0,95.0,6,3,0.9999855506507186,0.005375731557583884
"Rabindra Bharati University, Kolkata - WBPCB",2024-04-01,95.0,57.17,92.0,18.75,5.9,0.92,21.91,29.51,mean_of_source_observations,30.3,64,13.9,1005.5,99.0,93.0,110.0,100.66666666666667,102.14285714285714,90.0,0,4,0.9999300657962057,-0.011826390691832589
"Rabindra Bharati University, Kolkata - WBPCB",2024-04-02,90.0,47.7,89.81,23.21,7.12,1.02,24.63,32.06,mean_of_source_observations,30.1,69,13.2,1005.2,95.0,99.0,93.0,95.66666666666667,100.28571428571429,108.0,1,4,0.9995786855478958,-0.029025013321975237
"Rabindra Bharati University, Kolkata - WBPCB",2024-04-03,108.0,49.27,110.34,24.26,9.56,0.88,25.93,22.96,mean_of_source_observations,30.2,75,15.6,1007.3,90.0,95.0,99.0,94.66666666666667,98.42857142857143,96.0,2,4,0.9989315138848577,-0.046215046983708354
"Rabindra Bharati University, Kolkata - WBPCB",2024-04-04,96.0,48.46,95.59,23.58,5.72,0.83,23.03,32.11,mean_of_source_observations,30.0,82,20.8,1006.8,108.0,90.0,95.0,97.66666666666667,98.28571428571429,102.0,3,4,0.9979887423155984,-0.06339140486951038
"Rabindra Bharati University, Kolkata - WBPCB",2024-04-05,102.0,42.22,101.94,26.32,3.75,0.87,24.29,35.31,mean_of_source_observations,31.5,77,18.3,1004.9,96.0,108.0,90.0,98.0,98.71428571428571,98.0,4,4,0.9967506498213929,-0.08054900421874167
"Rabindra Bharati University, Kolkata - WBPCB",2024-04-06,98.0,51.27,97.85,21.93,7.32,0.82,22.18,23.8,mean_of_source_observations,30.7,80,19.1,1005.6,102.0,96.0,108.0,102.0,97.57142857142857,102.0,5,4,0.9952176027737294,-0.09768276782171598
"Rabindra Bharati University, Kolkata - WBPCB",2024-04-07,102.0,50.62,101.69,30.14,8.83,0.97,28.36,30.58,mean_of_source_observations,30.2,75,17.8,1006.9,98.0,102.0,96.0,98.66666666666667,98.28571428571429,98.0,6,4,0.9933900548258936,-0.11478762552212701
"Rabindra Bharati University, Kolkata - WBPCB",2024-04-08,98.0,48.78,97.54,25.12,9.8,0.81,24.12,28.08,mean_of_source_observations,27.3,70,22.1,1010.3,102.0,98.0,102.0,100.66666666666667,98.71428571428571,85.0,0,4,0.9912685467787256,-0.13185851571739118
"Rabindra Bharati University, Kolkata - WBPCB",2024-04-09,85.0,47.02,85.1,24.89,7.31,0.92,29.36,23.08,mean_of_source_observations,28.1,64,10.9,1010.0,98.0,102.0,98.0,99.33333333333333,99.14285714285714,104.0,1,4,0.9888537064205885,-0.1488903868564548
"Rabindra Bharati University, Kolkata - WBPCB",2024-04-10,104.0,40.18,104.1,23.33,7.38,0.78,29.59,29.68,mean_of_source_observations,29.1,62,14.5,1010.0,85.0,98.0,102.0,95.0,98.42857142857143,91.0,2,4,0.986146248341595,-0.16587819893463143
"Rabindra Bharati University, Kolkata - WBPCB",2024-04-11,91.0,45.09,90.54,25.23,9.73,0.89,24.76,30.78,mean_of_source_observations,27.3,72,16.6,1011.3,104.0,85.0,98.0,95.66666666666667,97.85714285714286,81.0,3,4,0.9831469737221499,-0.1828169249850199
"Rabindra Bharati University, Kolkata - WBPCB",2024-04-12,81.0,45.05,80.66,27.94,5.2,1.0,21.97,26.13,mean_of_source_observations,28.4,64,9.0,1010.5,91.0,104.0,85.0,93.33333333333333,97.14285714285714,90.0,4,4,0.9798567700958665,-0.1997015525660636
"Rabindra Bharati University, Kolkata - WBPCB",2024-04-13,90.0,42.1,89.71,20.44,7.42,0.92,18.74,31.86,mean_of_source_observations,29.4,63,9.2,1009.9,81.0,91.0,104.0,92.0,94.14285714285714,105.0,5,4,0.9762766110869321,-0.21652708524481437
"Rabindra Bharati University, Kolkata - WBPCB",2024-04-14,105.0,45.1,105.68,21.16,8.29,0.86,20.58,22.68,mean_of_source_observations,30.0,61,10.8,1009.9,90.0,81.0,91.0,87.33333333333333,93.0,99.0,6,4,0.9724075561219968,-0.23328854407545518
"Rabindra Bharati University, Kolkata - WBPCB",2024-04-15,99.0,47.69,99.36,22.51,8.67,0.92,20.88,23.24,mean_of_source_observations,31.2,64,15.4,1008.7,105.0,90.0,81.0,92.0,93.42857142857143,92.0,0,4,0.9682507501166718,-0.2499809690726521
"Rabindra Bharati University, Kolkata - WBPCB",2024-04-16,92.0,55.23,88.31,17.82,7.24,0.94,29.14,28.52,mean_of_source_observations,32.2,59,14.5,1006.3,99.0,105.0,90.0,98.0,93.57142857142857,88.0,1,4,0.9638074231367307,-0.26659942067929354
"Rabindra Bharati University, Kolkata - WBPCB",2024-04-17,88.0,45.52,87.61,19.91,8.05,0.94,25.35,28.16,mean_of_source_observations,32.3,60,10.5,1004.5,92.0,99.0,105.0,98.66666666666667,94.57142857142857,87.0,2,4,0.9590788900341131,-0.28313898122818354
"Rabindra Bharati University, Kolkata - WBPCB",2024-04-18,87.0,45.5,87.15,21.2,4.27,0.84,26.17,25.76,mean_of_source_observations,31.9,52,13.1,1004.2,88.0,92.0,99.0,93.0,92.28571428571429,106.0,3,4,0.9540665500578387,-0.2995947563972602
"Rabindra Bharati University, Kolkata - WBPCB",2024-04-19,106.0,43.25,107.18,26.85,7.01,0.93,18.34,30.7,mean_of_source_observations,32.1,56,23.8,1002.0,87.0,88.0,92.0,89.0,91.71428571428571,92.0,4,4,0.9487718864399473,-0.31596187665790293
"Rabindra Bharati University, Kolkata - WBPCB",2024-04-20,92.0,32.82,91.84,24.02,8.68,0.72,21.41,29.8,mean_of_source_observations,32.8,64,24.6,1001.3,106.0,87.0,88.0,93.66666666666667,95.28571428571429,92.0,5,4,0.9431964659565866,-0.33223549871590435
"Rabindra Bharati University, Kolkata - WBPCB",2024-04-21,92.0,42.58,91.56,23.54,6.53,0.87,27.66,30.86,mean_of_source_observations,33.5,62,21.5,1002.5,92.0,106.0,87.0,95.0,95.57142857142857,96.0,6,4,0.9373419384643772,-0.3484108069446808
"Rabindra Bharati University, Kolkata - WBPCB",2024-04-22,96.0,42.59,96.05,26.2,8.09,0.87,25.86,27.68,mean_of_source_observations,33.2,55,16.0,1004.6,92.0,92.0,106.0,96.66666666666667,93.71428571428571,92.0,0,4,0.9312100364121947,-0.3644830148102912
"Rabindra Bharati University, Kolkata - WBPCB",2024-04-23,92.0,55.1,88.52,21.74,8.67,0.98,24.56,30.03,mean_of_source_observations,32.4,47,17.8,1004.5,96.0,92.0,92.0,93.33333333333333,93.28571428571429,84.0,1,4,0.9248025743285089,-0.38044736628785164
"Rabindra Bharati University, Kolkata - WBPCB",2024-04-24,84.0,40.3,83.53,23.84,7.49,0.89,26.69,26.64,mean_of_source_observations,33.3,49,14.8,1003.5,92.0,96.0,92.0,93.33333333333333,93.28571428571429,84.0,2,4,0.9181214482844365,-0.39629913726891813
"Rabindra Bharati University, Kolkata - WBPCB",2024-04-25,84.0,42.51,83.39,21.52,8.26,0.82,29.91,34.73,mean_of_source_observations,33.1,50,15.2,1004.0,84.0,92.0,96.0,90.66666666666667,92.71428571428571,84.0,3,4,0.9111686353326631,-0.41203363695942635
"Rabindra Bharati University, Kolkata - WBPCB",2024-04-26,84.0,40.24,83.78,22.93,6.56,0.84,24.34,25.45,mean_of_source_observations,32.8,68,19.5,1003.7,84.0,84.0,92.0,86.66666666666667,92.28571428571429,84.0,4,4,0.9039461929224011,-0.42764620926777464
"Rabindra Bharati University, Kolkata - WBPCB",2024-04-27,84.0,33.66,83.39,19.09,7.69,0.88,25.21,34.9,mean_of_source_observations,33.4,64,18.0,1003.8,84.0,84.0,84.0,84.0,89.14285714285714,90.0,5,4,0.8964562582905575,-0.44313223418263453
"Rabindra Bharati University, Kolkata - WBPCB",2024-04-28,90.0,45.69,89.32,10.89,8.92,0.91,25.58,28.19,mean_of_source_observations,33.7,59,15.3,1004.2,84.0,84.0,84.0,84.0,88.0,83.0,6,4,0.8887010478292915,-0.45848712914008766
"Rabindra Bharati University, Kolkata - WBPCB",2024-04-29,83.0,43.12,82.8,20.66,8.24,0.87,32.18,23.62,mean_of_source_observations,34.1,53,20.7,1004.6,90.0,84.0,84.0,86.0,87.71428571428571,88.0,0,4,0.8806828564301475,-0.47370635037968
"Rabindra Bharati University, Kolkata - WBPCB",2024-04-30,88.0,42.88,88.01,27.21,7.12,0.87,18.7,32.51,mean_of_source_observations,35.0,52,22.8,1000.4,83.0,90.0,84.0,85.66666666666667,85.85714285714286,81.0,1,4,0.8724040568049612,-0.48878539428899265
"Rabindra Bharati University, Kolkata - WBPCB",2024-05-01,81.0,33.25,80.31,24.88,8.34,0.91,27.05,28.49,mean_of_source_observations,35.0,47,21.2,999.8,88.0,83.0,90.0,87.0,85.28571428571429,81.0,2,5,0.8638670987837349,-0.503719798736334
"Rabindra Bharati University, Kolkata - WBPCB",2024-05-02,81.0,45.29,81.01,24.87,9.07,0.88,24.66,30.84,mean_of_source_observations,33.6,64,25.6,1000.3,81.0,88.0,83.0,84.0,84.85714285714286,63.0,3,5,0.8550745085896932,-0.518505144391157
"Rabindra Bharati University, Kolkata - WBPCB",2024-05-03,63.0,29.7,62.4,25.86,4.93,0.85,26.7,32.05,mean_of_source_observations,33.1,61,16.1,1004.0,81.0,81.0,88.0,83.33333333333333,84.42857142857143,87.0,4,5,0.8460288880917339,-0.533137056031809
"Rabindra Bharati University, Kolkata - WBPCB",2024-05-04,87.0,40.0,86.92,20.73,9.74,1.01,23.03,29.17,mean_of_source_observations,32.4,70,21.8,1004.5,63.0,81.0,81.0,75.0,81.42857142857143,82.0,5,5,0.8367329140344921,-0.5476112038402312
"Rabindra Bharati University, Kolkata - WBPCB",2024-05-06,,,,17.33,8.64,0.76,27.13,31.24,mean_of_source_observations,30.1,79,34.4,1004.1,82.0,87.0,63.0,77.33333333333333,80.71428571428571,55.0,0,5,0.8174009818249189,-0.5760691233798758
"Rabindra Bharati University, Kolkata - WBPCB",2024-05-14,68.0,27.61,67.23,12.41,7.17,0.9,27.2,28.86,mean_of_source_observations,29.7,81,12.0,1008.2,65.0,80.0,66.0,70.33333333333333,74.42857142857143,89.0,1,5,0.7306444969184916,-0.6827580970759147
"Rabindra Bharati University, Kolkata - WBPCB",2024-05-15,89.0,40.53,88.54,8.56,8.31,0.82,21.18,29.66,mean_of_source_observations,30.4,75,12.4,1008.7,68.0,65.0,80.0,71.0,76.28571428571429,70.0,2,5,0.7187918772884232,-0.6952253139408722
"Rabindra Bharati University, Kolkata - WBPCB",2024-05-16,70.0,27.53,69.75,15.94,6.2,0.79,28.15,24.85,mean_of_source_observations,30.7,76,13.6,1008.1,89.0,68.0,65.0,74.0,75.42857142857143,73.0,3,5,0.7067265555776158,-0.7074868024503348
"Rabindra Bharati University, Kolkata - WBPCB",2024-05-17,73.0,29.62,72.68,12.89,7.41,0.7,26.46,33.34,mean_of_source_observations,31.8,73,19.4,1005.8,70.0,89.0,68.0,75.66666666666667,74.71428571428571,78.0,4,5,0.6944521021088763,-0.719538934232584
"Rabindra Bharati University, Kolkata - WBPCB",2024-05-18,78.0,35.36,77.73,15.81,8.48,0.83,22.8,34.53,mean_of_source_observations,32.0,72,17.1,1004.1,73.0,70.0,89.0,77.33333333333333,73.0,74.0,5,5,0.6819721490904629,-0.7313781428679254
"Rabindra Bharati University, Kolkata - WBPCB",2024-05-19,74.0,23.93,73.9,17.21,7.5,0.89,24.58,29.35,mean_of_source_observations,31.0,75,14.2,1003.2,78.0,73.0,70.0,73.66666666666667,74.71428571428571,71.0,6,5,0.6692903895412567,-0.7430009249440493
"Rabindra Bharati University, Kolkata - WBPCB",2024-05-20,71.0,31.42,70.34,15.73,7.86,0.89,29.79,33.23,mean_of_source_observations,29.3,84,16.7,1003.7,74.0,78.0,73.0,75.0,73.85714285714286,72.0,0,5,0.6564105761979381,-0.7544038410927472
"Rabindra Bharati University, Kolkata - WBPCB",2024-05-21,72.0,36.86,71.62,23.81,7.21,0.87,27.2,26.24,mean_of_source_observations,29.4,83,13.8,1004.0,71.0,74.0,78.0,74.33333333333333,74.71428571428571,89.0,1,5,0.6433365204044917,-0.765583517007675
"Rabindra Bharati University, Kolkata - WBPCB",2024-05-22,89.0,20.75,88.67,18.8,5.73,0.82,25.03,25.5,mean_of_source_observations,29.9,79,13.7,1004.1,72.0,71.0,74.0,72.33333333333333,75.28571428571429,68.0,2,5,0.6300720909843687,-0.7765366444428655
"Rabindra Bharati University, Kolkata - WBPCB",2024-05-23,68.0,30.05,66.85,18.54,8.48,0.82,24.29,28.21,mean_of_source_observations,30.1,78,21.7,1002.7,89.0,72.0,71.0,77.33333333333333,75.28571428571429,69.0,3,5,0.6166212130956382,-0.7872599821916922
"Rabindra Bharati University, Kolkata - WBPCB",2024-05-24,69.0,30.09,68.53,19.78,10.63,0.87,25.23,29.49,mean_of_source_observations,30.9,75,15.5,1000.9,68.0,89.0,72.0,76.33333333333333,75.0,76.0,4,5,0.6029878670694714,-0.7977503570459932
"Rabindra Bharati University, Kolkata - WBPCB",2024-05-25,76.0,32.55,75.33,12.03,8.03,0.91,23.46,26.8,mean_of_source_observations,31.2,75,16.0,998.6,69.0,68.0,89.0,75.33333333333333,74.42857142857143,76.0,5,5,0.5891760872322963,-0.8080046647350754
"Rabindra Bharati University, Kolkata - WBPCB",2024-05-26,76.0,21.29,75.26,21.29,8.34,0.74,18.69,29.82,mean_of_source_observations,27.9,87,43.2,992.9,76.0,69.0,68.0,71.0,74.14285714285714,76.0,6,5,0.5751899607119775,-0.8180198708443175
"Rabindra Bharati University, Kolkata - WBPCB",2024-05-27,76.0,20.48,75.44,16.33,9.04,0.84,31.13,29.07,mean_of_source_observations,26.9,90,45.1,987.0,76.0,76.0,69.0,73.66666666666667,74.42857142857143,71.0,0,5,0.5610336262283677,-0.8277930117131022
"Rabindra Bharati University, Kolkata - WBPCB",2024-05-28,71.0,30.09,70.18,19.42,6.1,0.91,25.47,24.85,mean_of_source_observations,30.7,81,22.9,996.4,76.0,76.0,76.0,76.0,75.14285714285714,55.0,1,5,0.5467112728685939,-0.8373211953118121
"Rabindra Bharati University, Kolkata - WBPCB",2024-05-29,55.0,28.53,54.27,11.76,10.55,0.83,26.19,29.76,mean_of_source_observations,31.9,83,31.1,997.7,71.0,76.0,76.0,74.33333333333333,75.0,78.0,2,5,0.5322271388474397,-0.8466016020976267
"Rabindra Bharati University, Kolkata - WBPCB",2024-05-30,78.0,27.94,77.76,9.54,8.3,0.89,24.83,30.88,mean_of_source_observations,31.7,80,30.3,1000.1,55.0,71.0,76.0,67.33333333333333,70.14285714285714,54.0,3,5,0.5175855102531889,-0.8556314858488706
"Rabindra Bharati University, Kolkata - WBPCB",2024-05-31,54.0,28.13,53.24,19.65,10.45,1.0,22.79,28.64,mean_of_source_observations,30.8,82,28.2,1001.9,78.0,55.0,71.0,68.0,71.57142857142857,66.0,4,5,0.5027907197793043,-0.8644081744776648
"Rabindra Bharati University, Kolkata - WBPCB",2024-06-01,66.0,22.26,65.27,17.62,6.9,0.83,24.44,31.81,mean_of_source_observations,30.7,83,23.6,1003.3,54.0,78.0,55.0,62.333333333333336,69.42857142857143,57.0,5,6,0.4878471454423119,-0.8729290708206411
"Rabindra Bharati University, Kolkata - WBPCB",2024-06-02,57.0,26.87,55.66,11.96,10.73,0.87,20.2,24.14,mean_of_source_observations,31.2,81,21.6,1003.9,66.0,54.0,78.0,66.0,68.0,62.0,6,6,0.47275920928627757,-0.881191653407483
"Rabindra Bharati University, Kolkata - WBPCB",2024-06-03,62.0,26.88,61.15,11.98,9.16,0.81,31.83,29.6,mean_of_source_observations,31.0,78,21.3,1003.3,57.0,66.0,54.0,59.0,65.28571428571429,65.0,0,6,0.4575313760742512,-0.8891934772070711
"Rabindra Bharati University, Kolkata - WBPCB",2024-06-04,65.0,21.13,64.09,20.47,8.83,0.84,21.3,24.29,mean_of_source_observations,31.4,79,19.6,1003.2,62.0,57.0,66.0,61.666666666666664,63.285714285714285,64.0,1,6,0.44216815196707204,-0.8969321743510065
"Rabindra Bharati University, Kolkata - WBPCB",2024-06-05,64.0,34.76,63.57,10.35,8.35,0.9,21.9,24.47,mean_of_source_observations,31.5,80,21.1,1003.5,65.0,62.0,57.0,61.333333333333336,62.42857142857143,65.0,2,6,0.42667408318992467,-0.9044054548343001
"Rabindra Bharati University, Kolkata - WBPCB",2024-06-06,65.0,26.95,64.0,22.47,7.63,0.86,23.68,26.04,mean_of_source_observations,31.4,83,19.3,1003.3,64.0,65.0,62.0,63.666666666666664,63.714285714285715,74.0,3,6,0.4110537546870351,-0.9116111071930239
"Rabindra Bharati University, Kolkata - WBPCB",2024-06-07,74.0,17.67,73.86,11.37,9.8,0.76,28.86,25.03,mean_of_source_observations,31.3,79,22.4,1002.0,65.0,64.0,65.0,64.66666666666667,61.857142857142854,64.0,4,6,0.3953117887649151,-0.9185469991587165
"Rabindra Bharati University, Kolkata - WBPCB",2024-06-08,64.0,27.37,63.41,17.9,8.21,0.86,25.04,26.3,mean_of_source_observations,31.3,78,21.3,1000.9,74.0,65.0,64.0,67.66666666666667,64.71428571428571,58.0,5,6,0.37945284372454435,-0.925211078289358
"Rabindra Bharati University, Kolkata - WBPCB",2024-06-09,58.0,18.28,56.97,13.61,5.05,0.9,21.29,27.39,mean_of_source_observations,31.9,79,17.1,1000.1,64.0,74.0,65.0,67.66666666666667,64.42857142857143,68.0,6,6,0.36348161248290634,-0.9316013725767187
"Rabindra Bharati University, Kolkata - WBPCB",2024-06-10,68.0,27.52,67.0,17.53,6.32,0.87,28.76,30.79,mean_of_source_observations,32.0,76,18.4,1000.5,58.0,64.0,74.0,65.33333333333333,64.57142857142857,69.0,0,6,0.3474028211842774,-0.9377159910299093
"Rabindra Bharati University, Kolkata - WBPCB",2024-06-11,69.0,29.27,68.55,12.47,7.72,0.91,27.19,27.04,mean_of_source_observations,31.8,76,19.1,1000.3,68.0,58.0,64.0,63.333333333333336,65.42857142857143,47.0,1,6,0.3312212278016865,-0.9435531242349544
"Rabindra Bharati University, Kolkata - WBPCB",2024-06-12,47.0,18.32,47.28,14.01,8.46,0.81,26.62,22.94,mean_of_source_observations,31.5,76,20.1,1000.9,69.0,68.0,58.0,65.0,66.0,63.0,2,6,0.31494162072895193,-0.9491110448902284
"Rabindra Bharati University, Kolkata - WBPCB",2024-06-13,63.0,27.7,62.67,14.79,7.92,0.89,27.15,31.77,mean_of_source_observations,32.0,75,24.7,999.9,47.0,69.0,68.0,61.333333333333336,63.57142857142857,64.0,3,6,0.2985688173637202,-0.9543881083175908
"Rabindra Bharati University, Kolkata - WBPCB",2024-06-14,64.0,24.49,63.21,10.19,9.83,0.85,32.18,25.37,mean_of_source_observations,32.5,75,19.9,998.8,63.0,47.0,69.0,59.666666666666664,63.285714285714285,55.0,4,6,0.2821076626819194,-0.9593827529490743
"Rabindra Bharati University, Kolkata - WBPCB",2024-06-15,55.0,26.46,54.22,17.62,5.07,0.79,31.56,27.89,mean_of_source_observations,32.2,76,22.0,999.1,64.0,63.0,47.0,58.0,61.857142857142854,69.0,5,6,0.26556302780405594,-0.9640935007889755
"Rabindra Bharati University, Kolkata - WBPCB",2024-06-16,69.0,32.03,68.33,12.12,8.22,0.88,22.94,29.53,mean_of_source_observations,32.6,73,20.0,1000.7,55.0,64.0,63.0,60.666666666666664,60.57142857142857,56.0,6,6,0.24893980855376657,-0.9685189578512204
"Rabindra Bharati University, Kolkata - WBPCB",2024-06-17,56.0,20.24,54.82,13.26,5.27,0.77,29.87,28.73,mean_of_source_observations,32.5,74,29.1,1001.0,69.0,55.0,64.0,62.666666666666664,62.142857142857146,58.0,0,6,0.23224292400907015,-0.9726578145718654
"Rabindra Bharati University, Kolkata - WBPCB",2024-06-18,58.0,17.28,56.87,9.86,9.14,0.78,26.15,31.63,mean_of_source_observations,30.6,83,24.5,999.5,56.0,69.0,55.0,60.0,60.42857142857143,55.0,1,6,0.21547731504673012,-0.976508846196619
"Rabindra Bharati University, Kolkata - WBPCB",2024-06-19,55.0,16.34,53.98,5.0,7.86,0.82,26.5,29.63,mean_of_source_observations,30.3,83,23.4,998.7,58.0,56.0,69.0,61.0,58.857142857142854,56.0,2,6,0.19864794288017112,-0.9800709131432666
"Rabindra Bharati University, Kolkata - WBPCB",2024-06-20,56.0,16.54,55.31,13.17,8.63,0.83,19.92,25.29,mean_of_source_observations,29.5,85,20.0,999.6,55.0,58.0,56.0,56.333333333333336,60.0,45.0,3,6,0.18175978759137534,-0.9833429613388902
"Rabindra Bharati University, Kolkata - WBPCB",2024-06-21,45.0,20.33,45.41,24.34,6.7,0.76,24.49,35.14,mean_of_source_observations,29.1,86,12.0,1000.7,56.0,55.0,58.0,56.333333333333336,59.0,44.0,4,6,0.16481784665719793,-0.9863240225317866
"Rabindra Bharati University, Kolkata - WBPCB",2024-06-22,44.0,22.4,42.16,17.23,9.92,0.89,22.56,28.71,mean_of_source_observations,29.3,83,17.3,1000.2,45.0,56.0,55.0,52.0,56.285714285714285,69.0,5,6,0.14782713347053048,-0.9890132145779883
"Rabindra Bharati University, Kolkata - WBPCB",2024-06-23,69.0,21.87,68.11,13.68,9.56,0.86,27.48,27.6,mean_of_source_observations,29.6,83,16.7,1000.9,44.0,45.0,56.0,48.333333333333336,54.714285714285715,47.0,6,6,0.13079267585675922,-0.9914097417023038
"Rabindra Bharati University, Kolkata - WBPCB",2024-06-24,47.0,24.67,46.75,12.56,8.88,0.8,28.21,31.2,mean_of_source_observations,30.2,79,18.4,1000.2,69.0,44.0,45.0,52.666666666666664,54.714285714285715,45.0,0,6,0.11371951458594969,-0.9935128947338007
"Rabindra Bharati University, Kolkata - WBPCB",2024-06-25,45.0,20.11,45.26,13.73,7.81,0.74,18.78,28.89,mean_of_source_observations,30.8,77,16.1,999.6,47.0,69.0,44.0,53.333333333333336,53.42857142857143,46.0,1,6,0.0966127018812031,-0.9953220513156602
"Rabindra Bharati University, Kolkata - WBPCB",2024-06-26,46.0,27.73,34.98,15.93,8.87,0.84,24.93,29.37,mean_of_source_observations,30.1,79,14.0,1000.3,45.0,47.0,69.0,53.666666666666664,51.57142857142857,48.0,2,6,0.07947729992362097,-0.9968366760893436
"Rabindra Bharati University, Kolkata - WBPCB",2024-06-27,48.0,18.3,47.84,8.41,6.94,0.79,28.37,36.15,mean_of_source_observations,29.0,85,17.3,1001.3,46.0,45.0,47.0,46.0,50.285714285714285,58.0,3,6,0.062318379354325076,-0.998056320853012
"Rabindra Bharati University, Kolkata - WBPCB",2024-06-28,58.0,34.28,41.72,18.27,9.28,0.88,24.44,27.19,mean_of_source_observations,29.1,86,13.8,999.3,48.0,46.0,45.0,46.333333333333336,49.142857142857146,68.0,4,6,0.04514101777397193,-0.9989806246941579
"Rabindra Bharati University, Kolkata - WBPCB",2024-06-29,68.0,22.84,67.13,16.49,10.47,0.81,27.19,27.05,mean_of_source_observations,28.9,87,16.9,999.3,58.0,48.0,46.0,50.666666666666664,51.0,62.0,5,6,0.02795029824021032,-0.999609314096404
"Rabindra Bharati University, Kolkata - WBPCB",2024-06-30,62.0,14.7,61.48,16.45,9.61,0.7,26.05,28.46,mean_of_source_observations,28.2,89,18.8,999.6,68.0,58.0,48.0,58.0,54.42857142857143,47.0,6,6,0.01075130776352193,-0.9999422030204416
"Rabindra Bharati University, Kolkata - WBPCB",2024-07-01,47.0,13.43,46.63,15.19,6.91,0.78,26.02,31.55,mean_of_source_observations,28.1,88,19.6,999.2,62.0,68.0,58.0,62.666666666666664,53.42857142857143,72.0,0,7,-0.00645086419810515,-0.9999791929590823
"Rabindra Bharati University, Kolkata - WBPCB",2024-07-02,72.0,21.7,71.87,13.34,8.54,0.81,24.19,23.2,mean_of_source_observations,27.4,91,18.4,998.3,47.0,62.0,68.0,59.0,53.42857142857143,62.0,1,7,-0.023651127245231586,-0.9997202729664083
"Rabindra Bharati University, Kolkata - WBPCB",2024-07-03,62.0,17.79,60.73,16.12,6.06,0.85,21.35,21.71,mean_of_source_observations,27.2,91,18.6,1000.0,72.0,47.0,62.0,60.333333333333336,57.285714285714285,49.0,2,7,-0.04084439154329611,-0.9991655196610109
"Rabindra Bharati University, Kolkata - WBPCB",2024-07-04,49.0,22.75,49.3,15.73,8.86,0.8,21.64,26.18,mean_of_source_observations,28.1,87,20.0,1001.5,62.0,72.0,47.0,60.333333333333336,59.57142857142857,46.0,3,7,-0.05802556932878035,-0.9983150972033183
"Rabindra Bharati University, Kolkata - WBPCB",2024-07-05,46.0,21.37,30.38,11.61,8.68,0.92,27.13,22.79,mean_of_source_observations,29.0,83,20.3,1000.9,49.0,62.0,72.0,61.0,59.714285714285715,72.0,4,7,-0.07518957641475855,-0.9971692572470178
"Rabindra Bharati University, Kolkata - WBPCB",2024-07-06,72.0,18.34,71.65,10.63,5.2,0.71,25.06,26.7,mean_of_source_observations,28.8,84,19.4,1000.8,46.0,49.0,62.0,52.333333333333336,58.0,44.0,5,7,-0.09233133369539122,-0.9957283388645872
"Rabindra Bharati University, Kolkata - WBPCB",2024-07-07,44.0,14.08,39.74,13.52,6.26,0.87,24.58,29.71,mean_of_source_observations,29.0,83,17.2,1002.3,72.0,46.0,49.0,55.666666666666664,58.57142857142857,39.0,6,7,-0.10944576864891556,-0.993992768446958
"Rabindra Bharati University, Kolkata - WBPCB",2024-07-08,39.0,10.41,37.43,19.74,7.58,0.78,23.73,25.19,mean_of_source_observations,29.1,81,16.5,1002.8,44.0,72.0,46.0,54.0,56.0,61.0,0,7,-0.12652781683868314,-0.9919630595773397
"Rabindra Bharati University, Kolkata - WBPCB",2024-07-09,61.0,16.12,60.4,7.68,7.55,0.86,24.08,23.46,mean_of_source_observations,29.3,82,18.3,1003.7,39.0,44.0,72.0,51.666666666666664,54.857142857142854,73.0,1,7,-0.1435724234118113,-0.9896398128792412
"Rabindra Bharati University, Kolkata - WBPCB",2024-07-10,73.0,23.11,72.57,6.67,6.19,0.84,28.14,28.3,mean_of_source_observations,29.7,80,22.3,1004.1,61.0,39.0,44.0,48.0,53.285714285714285,64.0,2,7,-0.16057454459499376,-0.9870237158387383
"Rabindra Bharati University, Kolkata - WBPCB",2024-07-11,64.0,19.6,63.39,13.71,8.58,0.88,23.99,30.87,mean_of_source_observations,29.7,83,19.3,1001.3,73.0,61.0,39.0,57.666666666666664,54.857142857142854,57.0,3,7,-0.17752914918703497,-0.984115542601034
"Rabindra Bharati University, Kolkata - WBPCB",2024-07-12,57.0,11.69,56.25,13.2,8.38,0.77,20.98,22.59,mean_of_source_observations,28.3,87,16.1,999.5,64.0,73.0,61.0,66.0,57.0,57.0,4,7,-0.19443122004766195,-0.9809161537413774
"Rabindra Bharati University, Kolkata - WBPCB",2024-07-13,57.0,19.32,56.48,13.72,7.71,0.76,27.23,30.74,mean_of_source_observations,28.6,85,18.8,997.6,57.0,64.0,73.0,64.66666666666667,58.57142857142857,60.0,5,7,-0.2112757555821793,-0.9774264960104055
"Rabindra Bharati University, Kolkata - WBPCB",2024-07-14,60.0,20.45,58.69,14.02,6.87,0.9,24.39,30.73,mean_of_source_observations,29.2,84,15.5,997.5,57.0,57.0,64.0,59.333333333333336,56.42857142857143,59.0,6,7,-0.2280577712215198,-0.9736476020539838
"Rabindra Bharati University, Kolkata - WBPCB",2024-07-15,59.0,13.59,57.86,12.0,9.57,0.8,25.09,31.17,mean_of_source_observations,29.3,82,23.8,999.1,60.0,57.0,57.0,58.0,58.714285714285715,55.0,0,7,-0.24477230089725957,-0.9695805901076308
"Rabindra Bharati University, Kolkata - WBPCB",2024-07-16,55.0,19.19,53.73,19.4,10.48,0.83,29.82,32.03,mean_of_source_observations,29.3,82,14.5,1000.4,59.0,60.0,57.0,58.666666666666664,61.57142857142857,53.0,1,7,-0.2614143985111562,-0.965226663665613
"Rabindra Bharati University, Kolkata - WBPCB",2024-07-17,53.0,18.68,52.21,6.05,7.27,0.89,24.94,35.21,mean_of_source_observations,29.3,84,13.9,1000.4,55.0,59.0,60.0,58.0,60.714285714285715,52.0,2,7,-0.2779791393987801,-0.9605871111248129
"Rabindra Bharati University, Kolkata - WBPCB",2024-07-18,52.0,12.21,50.79,9.39,7.08,0.74,25.87,26.93,mean_of_source_observations,29.9,80,24.1,998.7,53.0,55.0,59.0,55.666666666666664,57.857142857142854,45.0,3,7,-0.2944616217868012,-0.9556633054034704
"Rabindra Bharati University, Kolkata - WBPCB",2024-07-19,45.0,20.34,44.85,12.53,8.74,0.86,21.46,28.44,mean_of_source_observations,29.3,81,24.5,996.6,52.0,53.0,55.0,53.333333333333336,56.142857142857146,49.0,4,7,-0.3108569682435036,-0.9504567035349151
"Rabindra Bharati University, Kolkata - WBPCB",2024-07-20,49.0,21.46,48.99,5.89,7.46,0.8,24.34,26.73,mean_of_source_observations,29.5,79,25.5,997.2,45.0,52.0,53.0,50.0,54.42857142857143,42.0,5,7,-0.3271603271220951,-0.9449688462364056
"Rabindra Bharati University, Kolkata - WBPCB",2024-07-21,42.0,24.32,36.85,12.25,7.79,0.83,26.83,28.09,mean_of_source_observations,29.1,82,21.5,998.0,49.0,45.0,52.0,48.666666666666664,53.285714285714285,52.0,6,7,-0.34336687399638804,-0.939201357453208
"Rabindra Bharati University, Kolkata - WBPCB",2024-07-22,52.0,24.21,50.69,20.2,9.11,0.84,20.33,33.05,mean_of_source_observations,29.0,82,19.1,998.4,42.0,49.0,45.0,45.333333333333336,50.714285714285715,43.0,0,7,-0.3594718130884232,-0.9331559438780432
"Rabindra Bharati University, Kolkata - WBPCB",2024-07-23,43.0,11.14,43.08,13.14,5.14,0.71,25.6,23.72,mean_of_source_observations,28.5,86,14.7,996.7,52.0,42.0,49.0,47.666666666666664,49.714285714285715,42.0,1,7,-0.3754703786876202,-0.9268343944460494
"Rabindra Bharati University, Kolkata - WBPCB",2024-07-24,42.0,13.58,42.18,14.07,9.98,0.76,25.3,25.29,mean_of_source_observations,28.8,85,14.8,993.9,43.0,52.0,42.0,45.666666666666664,48.0,54.0,2,7,-0.3913578365610259,-0.9202385798054075
"Rabindra Bharati University, Kolkata - WBPCB",2024-07-25,54.0,21.49,53.38,7.66,8.11,0.9,25.12,32.54,mean_of_source_observations,28.3,88,15.0,992.4,42.0,43.0,52.0,45.666666666666664,46.42857142857143,65.0,3,7,-0.4071294853542516,-0.9133704517637858
"Rabindra Bharati University, Kolkata - WBPCB",2024-07-26,65.0,21.56,63.97,10.47,7.38,0.88,28.11,31.38,mean_of_source_observations,28.2,88,18.4,991.7,54.0,42.0,43.0,46.333333333333336,46.714285714285715,61.0,4,7,-0.4227806579826773,-0.9062320427107697
"Rabindra Bharati University, Kolkata - WBPCB",2024-07-27,61.0,21.66,60.01,11.55,7.87,0.83,26.0,26.9,mean_of_source_observations,28.6,86,20.7,995.3,65.0,54.0,42.0,53.666666666666664,49.57142857142857,67.0,5,7,-0.4383067230125192,-0.898825465016444
"Rabindra Bharati University, Kolkata - WBPCB",2024-07-28,67.0,39.77,38.65,11.83,7.94,0.9,29.43,30.85,mean_of_source_observations,28.6,87,13.1,997.4,61.0,65.0,54.0,60.0,51.285714285714285,44.0,6,7,-0.45370308603134424,-0.8911529104063088
"Rabindra Bharati University, Kolkata - WBPCB",2024-07-29,44.0,22.15,43.82,18.78,5.4,0.81,22.02,29.19,mean_of_source_observations,28.2,89,13.1,997.6,67.0,61.0,65.0,64.33333333333333,54.857142857142854,61.0,0,7,-0.46896519100763184,-0.8832166493127127
"Rabindra Bharati University, Kolkata - WBPCB",2024-07-30,61.0,25.31,60.66,15.7,10.24,0.91,25.41,32.94,mean_of_source_observations,29.0,84,19.6,999.7,44.0,67.0,61.0,57.333333333333336,53.714285714285715,44.0,1,7,-0.48408852163897587,-0.8750190302029955
"Rabindra Bharati University, Kolkata - WBPCB",2024-07-31,44.0,24.45,44.22,8.53,8.06,0.83,25.25,28.32,mean_of_source_observations,28.0,89,13.0,1000.0,61.0,44.0,67.0,57.333333333333336,56.285714285714285,52.0,2,7,-0.4990686026885319,-0.8665624788845385
"Rabindra Bharati University, Kolkata - WBPCB",2024-08-01,52.0,22.94,50.96,14.45,8.66,0.85,21.79,31.4,mean_of_source_observations,26.8,93,23.9,997.9,44.0,61.0,44.0,49.666666666666664,56.57142857142857,59.0,3,8,-0.5139010013093103,-0.8578494977869301
"Rabindra Bharati University, Kolkata - WBPCB",2024-08-02,59.0,17.85,57.85,15.59,9.43,0.88,27.87,36.64,mean_of_source_observations,27.5,88,24.4,998.8,52.0,44.0,61.0,52.333333333333336,56.285714285714285,45.0,4,8,-0.5285813283559292,-0.8488826652214553
"Rabindra Bharati University, Kolkata - WBPCB",2024-08-03,45.0,23.8,44.94,18.42,6.47,0.79,31.97,30.02,mean_of_source_observations,27.5,88,20.3,1002.0,59.0,52.0,44.0,51.666666666666664,55.42857142857143,55.0,5,8,-0.5431052396834317,-0.8396646346181327
"Rabindra Bharati University, Kolkata - WBPCB",2024-08-04,55.0,15.67,54.44,20.38,8.71,0.89,24.95,28.24,mean_of_source_observations,27.6,89,18.7,1004.2,45.0,59.0,52.0,52.0,53.142857142857146,42.0,6,8,-0.5574684374327892,-0.8301981337405212
"Rabindra Bharati University, Kolkata - WBPCB",2024-08-05,42.0,18.72,42.24,9.23,7.6,0.74,26.52,30.42,mean_of_source_observations,28.1,87,15.1,1003.4,55.0,45.0,59.0,53.0,51.42857142857143,49.0,0,8,-0.5716666713027052,-0.8204859638785327
"Rabindra Bharati University, Kolkata - WBPCB",2024-08-06,49.0,17.54,48.81,10.18,9.27,0.9,25.25,26.9,mean_of_source_observations,28.0,87,14.9,1001.7,42.0,55.0,45.0,47.333333333333336,51.142857142857146,58.0,1,8,-0.5856957398073508,-0.8105309990194823
"Rabindra Bharati University, Kolkata - WBPCB",2024-08-07,58.0,20.78,57.03,8.32,4.81,0.81,22.86,35.82,mean_of_source_observations,27.8,86,18.2,1001.6,49.0,42.0,55.0,48.666666666666664,49.42857142857143,56.0,2,8,-0.5995514915196489,-0.8003361849976323
"Rabindra Bharati University, Kolkata - WBPCB",2024-08-08,56.0,33.01,40.77,12.81,7.85,0.85,19.54,28.66,mean_of_source_observations,28.0,84,20.2,1003.5,58.0,49.0,42.0,49.666666666666664,51.42857142857143,59.0,3,8,-0.6132298262997502,-0.7899045386224707
"Rabindra Bharati University, Kolkata - WBPCB",2024-08-09,59.0,10.62,58.61,15.91,7.1,0.69,22.88,27.2,mean_of_source_observations,27.9,85,18.6,1004.6,56.0,58.0,49.0,54.333333333333336,52.0,56.0,4,8,-0.6267266965083301,-0.7792391467859886
"Rabindra Bharati University, Kolkata - WBPCB",2024-08-10,56.0,24.6,54.93,18.24,8.65,0.81,20.82,25.37,mean_of_source_observations,27.6,88,16.3,1003.8,59.0,56.0,58.0,57.666666666666664,52.0,61.0,5,8,-0.6400381082043503,-0.7683431655492202
"Rabindra Bharati University, Kolkata - WBPCB",2024-08-11,61.0,12.38,60.17,13.72,8.71,0.74,30.11,31.63,mean_of_source_observations,28.1,86,15.8,1002.9,56.0,59.0,56.0,57.0,53.57142857142857,58.0,6,8,-0.65316012232693,-0.7572198192083127
"Rabindra Bharati University, Kolkata - WBPCB",2024-08-12,58.0,18.75,57.64,12.75,6.94,0.79,24.65,30.89,mean_of_source_observations,28.7,85,14.7,1003.3,61.0,56.0,59.0,58.666666666666664,54.42857142857143,68.0,0,8,-0.666088855860977,-0.7458723993404063
"Rabindra Bharati University, Kolkata - WBPCB",2024-08-13,68.0,27.39,67.82,14.88,6.93,0.84,23.96,26.47,mean_of_source_observations,28.4,87,14.9,1003.7,58.0,61.0,56.0,58.333333333333336,56.714285714285715,58.0,1,8,-0.6788204829862355,-0.734304263829602
"Rabindra Bharati University, Kolkata - WBPCB",2024-08-14,58.0,22.08,57.44,10.7,7.83,0.88,27.67,29.95,mean_of_source_observations,27.9,88,11.8,1003.4,68.0,58.0,61.0,62.333333333333336,59.42857142857143,54.0,2,8,-0.6913512362094071,-0.722518835873311
"Rabindra Bharati University, Kolkata - WBPCB",2024-08-15,54.0,16.14,52.99,23.43,6.66,0.82,21.63,23.19,mean_of_source_observations,28.3,87,14.3,1002.3,58.0,68.0,58.0,61.333333333333336,59.42857142857143,59.0,3,8,-0.7036774074790128,-0.7105196029692745
"Rabindra Bharati University, Kolkata - WBPCB",2024-08-16,59.0,18.34,58.11,7.55,9.26,0.83,22.7,28.68,mean_of_source_observations,28.0,87,12.5,1001.9,54.0,58.0,68.0,60.0,59.142857142857146,63.0,4,8,-0.7157953492826642,-0.6983101158835584
"Rabindra Bharati University, Kolkata - WBPCB",2024-08-17,63.0,26.11,62.11,15.39,7.45,0.78,25.2,29.55,mean_of_source_observations,28.2,88,12.2,1002.9,59.0,54.0,58.0,57.0,59.142857142857146,59.0,5,8,-0.7277014757264236,-0.6858939875998223
"Rabindra Bharati University, Kolkata - WBPCB",2024-08-18,59.0,18.75,58.22,23.43,3.64,0.77,28.09,33.61,mean_of_source_observations,27.4,88,20.0,1002.6,63.0,59.0,54.0,58.666666666666664,60.142857142857146,59.0,6,8,-0.7393922635959241,-0.673274892250183
"Rabindra Bharati University, Kolkata - WBPCB",2024-08-19,59.0,24.11,58.53,14.82,7.44,0.93,26.51,25.58,mean_of_source_observations,27.1,90,14.3,1002.2,59.0,63.0,59.0,60.333333333333336,59.857142857142854,53.0,0,8,-0.7508642533989489,-0.6604565640279754
"Rabindra Bharati University, Kolkata - WBPCB",2024-08-20,53.0,23.45,52.51,14.08,6.44,0.8,25.74,23.94,mean_of_source_observations,27.2,91,12.9,1003.7,59.0,59.0,63.0,60.333333333333336,60.0,54.0,1,8,-0.7621140503891487,-0.6474427960827475
"Rabindra Bharati University, Kolkata - WBPCB",2024-08-21,54.0,19.96,53.25,13.46,5.55,0.91,25.23,25.18,mean_of_source_observations,27.9,89,15.3,1004.8,53.0,59.0,59.0,57.0,57.857142857142854,60.0,2,8,-0.7731383255706026,-0.6342374393978054
"Rabindra Bharati University, Kolkata - WBPCB",2024-08-22,60.0,35.33,47.27,14.34,6.14,0.86,26.2,23.75,mean_of_source_observations,28.0,90,13.0,1003.8,54.0,53.0,59.0,55.333333333333336,57.285714285714285,75.0,3,8,-0.7839338166829201,-0.620844401650647
"Rabindra Bharati University, Kolkata - WBPCB",2024-08-23,75.0,27.46,74.93,21.16,8.16,0.85,25.6,32.41,mean_of_source_observations,26.7,92,10.5,1004.2,60.0,54.0,53.0,55.666666666666664,58.142857142857146,49.0,4,8,-0.7944973291665992,-0.6072676460566135
"Rabindra Bharati University, Kolkata - WBPCB",2024-08-24,49.0,13.38,49.49,5.79,9.99,0.86,21.91,33.1,mean_of_source_observations,25.9,94,10.8,1004.4,75.0,60.0,54.0,63.0,60.42857142857143,56.0,5,8,-0.8048257371083452,-0.593511190196115
"Rabindra Bharati University, Kolkata - WBPCB",2024-08-25,56.0,25.62,54.7,22.09,8.47,0.91,25.14,29.12,mean_of_source_observations,26.4,92,10.0,1002.7,49.0,75.0,60.0,61.333333333333336,58.42857142857143,56.0,6,8,-0.8149159841660791,-0.5795791048257612
"Rabindra Bharati University, Kolkata - WBPCB",2024-08-26,56.0,21.34,54.93,9.43,7.09,0.82,21.78,32.04,mean_of_source_observations,26.5,91,13.2,1001.8,56.0,49.0,75.0,60.0,58.0,70.0,0,8,-0.8247650844733614,-0.5654755126737576
"Rabindra Bharati University, Kolkata - WBPCB",2024-08-27,70.0,29.82,69.32,14.55,8.68,0.84,25.24,28.51,mean_of_source_observations,26.9,90,10.6,1004.7,56.0,56.0,49.0,53.666666666666664,57.57142857142857,60.0,1,8,-0.8343701235229537,-0.5512045872199277
"Rabindra Bharati University, Kolkata - WBPCB",2024-08-28,60.0,21.25,59.51,13.98,7.31,0.82,23.56,27.77,mean_of_source_observations,27.6,88,14.6,1004.3,70.0,56.0,56.0,60.666666666666664,60.0,74.0,2,8,-0.8437282590292712,-0.5367705514607103
"Rabindra Bharati University, Kolkata - WBPCB",2024-08-29,74.0,25.23,73.32,18.5,6.96,0.86,32.62,27.0,mean_of_source_observations,28.5,84,13.0,1003.5,60.0,70.0,56.0,62.0,60.857142857142854,58.0,3,8,-0.8528367217694595,-0.522177676659508
"Rabindra Bharati University, Kolkata - WBPCB",2024-08-31,,,,18.21,5.37,0.86,20.79,23.07,mean_of_source_observations,28.8,82,20.4,1003.9,58.0,74.0,60.0,64.0,60.42857142857143,58.0,5,8,-0.8702939222685674,-0.49253272872205434
"Rabindra Bharati University, Kolkata - WBPCB",2024-09-08,67.0,34.29,66.64,19.46,9.16,0.87,23.69,30.47,mean_of_source_observations,28.7,85,17.4,1002.2,66.0,71.0,72.0,69.66666666666667,67.85714285714286,69.0,6,9,-0.9296339319682695,-0.3684843993077793
"Rabindra Bharati University, Kolkata - WBPCB",2024-09-09,69.0,41.17,68.71,25.3,6.5,0.87,24.23,24.38,mean_of_source_observations,28.8,83,22.2,1000.1,67.0,66.0,71.0,68.0,69.14285714285714,68.0,0,9,-0.9358348973349941,-0.35243871088460327
"Rabindra Bharati University, Kolkata - WBPCB",2024-09-10,68.0,35.67,67.63,16.83,6.87,0.89,24.79,28.36,mean_of_source_observations,28.8,84,17.6,1000.4,69.0,67.0,66.0,67.33333333333333,67.14285714285714,78.0,1,9,-0.9417589340994617,-0.33628873017668287
"Rabindra Bharati University, Kolkata - WBPCB",2024-09-11,78.0,22.27,77.8,20.92,5.8,0.83,27.07,28.84,mean_of_source_observations,28.7,87,11.2,1001.6,68.0,69.0,67.0,68.0,68.85714285714286,89.0,2,9,-0.9474042892438845,-0.32003923622313857
"Rabindra Bharati University, Kolkata - WBPCB",2024-09-12,89.0,28.25,89.16,12.38,7.25,0.91,22.95,25.75,mean_of_source_observations,28.3,91,10.1,1001.8,78.0,68.0,69.0,71.66666666666667,70.14285714285714,67.0,3,9,-0.9527692922168511,-0.30369503751065885
"Rabindra Bharati University, Kolkata - WBPCB",2024-09-13,67.0,38.1,65.84,13.99,9.46,0.89,24.18,26.18,mean_of_source_observations,28.0,89,18.7,999.7,89.0,78.0,68.0,78.33333333333333,72.57142857142857,60.0,4,9,-0.9578523554276669,-0.28726097055059635
"Rabindra Bharati University, Kolkata - WBPCB",2024-09-14,60.0,27.84,59.41,20.32,8.77,0.81,24.96,28.83,mean_of_source_observations,25.9,94,29.1,993.5,67.0,89.0,78.0,78.0,72.0,72.0,5,9,-0.9626519747161487,-0.2707418984477642
"Rabindra Bharati University, Kolkata - WBPCB",2024-09-15,72.0,34.46,71.09,24.85,9.47,0.93,25.45,24.41,mean_of_source_observations,25.7,93,28.3,992.1,60.0,67.0,89.0,72.0,71.14285714285714,95.0,6,9,-0.9671667297977312,-0.2541427094613622
"Rabindra Bharati University, Kolkata - WBPCB",2024-09-16,95.0,36.65,94.75,20.14,8.78,0.87,25.29,29.21,mean_of_source_observations,26.8,88,24.1,999.8,72.0,60.0,67.0,66.33333333333333,71.85714285714286,67.0,0,9,-0.97139528468375,-0.23746831555846842
"Rabindra Bharati University, Kolkata - WBPCB",2024-09-17,67.0,27.87,66.13,17.41,6.34,0.88,26.31,25.18,mean_of_source_observations,28.6,81,18.6,1004.2,95.0,72.0,60.0,75.66666666666667,75.57142857142857,88.0,1,9,-0.9753363880767837,-0.2207236509605022
"Rabindra Bharati University, Kolkata - WBPCB",2024-09-18,88.0,32.97,87.86,18.93,7.5,0.84,27.53,31.52,mean_of_source_observations,28.6,82,7.9,1004.1,67.0,95.0,72.0,78.0,75.42857142857143,89.0,2,9,-0.9789888737409319,-0.20391367068311472
"Rabindra Bharati University, Kolkata - WBPCB",2024-09-19,89.0,16.21,88.82,13.7,6.83,0.78,26.18,35.65,mean_of_source_observations,29.0,85,7.1,1003.8,88.0,67.0,95.0,83.33333333333333,76.85714285714286,71.0,3,9,-0.9823516608469237,-0.18704334906991657
"Rabindra Bharati University, Kolkata - WBPCB",2024-09-20,71.0,28.6,70.17,21.88,10.0,0.86,26.36,25.29,mean_of_source_observations,30.0,83,11.0,1003.5,89.0,88.0,67.0,81.33333333333333,76.85714285714286,81.0,4,9,-0.9854237542919524,-0.17011767832049052
"Rabindra Bharati University, Kolkata - WBPCB",2024-09-21,81.0,33.19,80.51,23.25,6.2,0.87,20.25,29.81,mean_of_source_observations,29.5,83,10.0,1004.2,71.0,89.0,88.0,82.66666666666667,77.42857142857143,90.0,5,9,-0.9882042449941422,-0.15314166701312007
"Rabindra Bharati University, Kolkata - WBPCB",2024-09-22,90.0,28.24,90.3,17.66,9.34,0.88,25.15,25.73,mean_of_source_observations,30.2,82,12.3,1002.9,81.0,71.0,89.0,80.33333333333333,80.42857142857143,74.0,6,9,-0.9906923101615609,-0.13612033862266704
"Rabindra Bharati University, Kolkata - WBPCB",2024-09-23,74.0,44.23,73.6,17.75,9.34,0.89,26.44,31.45,mean_of_source_observations,28.7,89,14.9,1003.1,90.0,81.0,71.0,80.66666666666667,83.0,76.0,0,9,-0.9928872135356962,-0.11905873003404988
"Rabindra Bharati University, Kolkata - WBPCB",2024-09-24,76.0,28.12,75.77,21.1,10.74,0.75,27.19,23.98,mean_of_source_observations,27.8,88,18.9,1003.3,74.0,90.0,81.0,81.66666666666667,80.0,74.0,1,9,-0.994788305609327,-0.10196189005174576
"Rabindra Bharati University, Kolkata - WBPCB",2024-09-25,74.0,33.9,73.15,18.24,7.39,0.85,22.92,29.64,mean_of_source_observations,26.1,93,22.4,1004.4,76.0,74.0,90.0,80.0,81.28571428571429,71.0,2,9,-0.9963950238187231,-0.08483487790576538
"Rabindra Bharati University, Kolkata - WBPCB",2024-09-26,71.0,37.42,70.07,20.02,9.07,0.93,23.02,25.25,mean_of_source_observations,26.2,92,19.1,1007.0,74.0,76.0,74.0,74.66666666666667,79.28571428571429,75.0,3,9,-0.9977068927101168,-0.06768276175455162
"Rabindra Bharati University, Kolkata - WBPCB",2024-09-27,75.0,44.94,73.89,29.55,11.42,0.89,23.28,27.41,mean_of_source_observations,27.0,89,19.8,1008.6,71.0,74.0,76.0,73.66666666666667,76.71428571428571,70.0,4,9,-0.9987235240803972,-0.050510617185222886
"Rabindra Bharati University, Kolkata - WBPCB",2024-09-28,70.0,29.85,69.59,19.59,7.07,0.84,26.61,24.74,mean_of_source_observations,28.2,86,18.6,1008.6,75.0,71.0,74.0,73.33333333333333,77.28571428571429,82.0,5,9,-0.9994446170919858,-0.033323525711631344
"Rabindra Bharati University, Kolkata - WBPCB",2024-09-29,82.0,44.33,81.13,19.29,5.7,0.96,28.1,30.74,mean_of_source_observations,28.9,87,15.9,1008.2,70.0,75.0,71.0,72.0,75.71428571428571,75.0,6,9,-0.9998699583618592,-0.016126573270657762
"Rabindra Bharati University, Kolkata - WBPCB",2024-09-30,75.0,38.55,74.85,18.22,5.18,0.85,23.78,25.37,mean_of_source_observations,29.7,84,9.0,1006.8,82.0,70.0,75.0,75.66666666666667,74.57142857142857,85.0,0,9,-0.9999994220246925,0.001075151282798226
"Rabindra Bharati University, Kolkata - WBPCB",2024-10-01,85.0,33.65,84.2,24.41,9.07,0.79,27.72,29.87,mean_of_source_observations,30.0,84,11.6,1004.4,75.0,82.0,70.0,75.66666666666667,74.71428571428571,70.0,1,10,-0.999832969770105,0.018276557681691223
"Rabindra Bharati University, Kolkata - WBPCB",2024-10-02,70.0,41.9,69.42,20.59,5.18,0.89,25.37,26.97,mean_of_source_observations,27.8,89,11.7,1003.8,85.0,75.0,82.0,80.66666666666667,76.0,87.0,2,10,-0.9993706508539969,0.03547255575312556
"Rabindra Bharati University, Kolkata - WBPCB",2024-10-03,87.0,40.93,86.4,18.75,7.44,0.87,24.63,27.71,mean_of_source_observations,28.2,88,12.3,1003.0,70.0,85.0,75.0,76.66666666666667,75.42857142857143,92.0,3,10,-0.9986126020839734,0.052658056924614005
"Rabindra Bharati University, Kolkata - WBPCB",2024-10-04,92.0,37.07,91.43,27.45,8.66,0.83,24.37,28.56,mean_of_source_observations,27.1,92,10.0,1004.7,87.0,70.0,85.0,80.66666666666667,77.71428571428571,69.0,4,10,-0.9975590477788613,0.06982797572987089
"Rabindra Bharati University, Kolkata - WBPCB",2024-10-05,69.0,41.14,67.68,28.06,8.28,0.89,27.24,25.61,mean_of_source_observations,26.7,92,10.3,1007.1,92.0,87.0,70.0,83.0,80.14285714285714,89.0,5,10,-0.9962102997023297,0.0869772313136861
"Rabindra Bharati University, Kolkata - WBPCB",2024-10-06,89.0,39.14,88.83,19.51,8.64,0.91,25.98,28.76,mean_of_source_observations,26.6,90,12.2,1009.8,69.0,92.0,87.0,82.66666666666667,80.0,97.0,6,10,-0.9945667569706337,0.1041007489354256
"Rabindra Bharati University, Kolkata - WBPCB",2024-10-07,97.0,42.3,96.89,14.23,8.33,0.9,31.83,33.04,mean_of_source_observations,26.9,91,9.3,1011.9,89.0,69.0,92.0,83.33333333333333,81.0,77.0,0,10,-0.9926289059345095,0.121193461470736
"Rabindra Bharati University, Kolkata - WBPCB",2024-10-08,77.0,45.72,76.53,26.83,9.92,0.93,22.44,25.56,mean_of_source_observations,27.2,90,8.0,1011.8,97.0,89.0,69.0,85.0,84.14285714285714,102.0,1,10,-0.9903973200352558,0.1382503109109819
"Rabindra Bharati University, Kolkata - WBPCB",2024-10-09,102.0,51.17,102.12,19.7,6.57,1.03,26.55,31.88,mean_of_source_observations,26.8,91,10.9,1010.1,77.0,97.0,89.0,87.66666666666667,83.0,92.0,2,10,-0.9878726596350429,0.15526624985999563
"Rabindra Bharati University, Kolkata - WBPCB",2024-10-10,92.0,36.39,91.98,26.26,6.98,0.86,23.41,32.93,mean_of_source_observations,27.8,86,9.2,1008.9,102.0,77.0,97.0,92.0,87.57142857142857,92.0,3,10,-0.9850556718215013,0.172236243027682
"Rabindra Bharati University, Kolkata - WBPCB",2024-10-11,92.0,55.05,82.97,14.52,6.84,0.96,22.39,25.44,mean_of_source_observations,28.1,86,16.0,1008.7,92.0,102.0,77.0,90.33333333333333,88.28571428571429,89.0,4,10,-0.981947190186646,0.18915526872004093
"Rabindra Bharati University, Kolkata - WBPCB",2024-10-12,89.0,33.45,89.27,27.07,9.25,0.84,24.97,23.37,mean_of_source_observations,28.6,87,8.6,1009.9,92.0,92.0,102.0,95.33333333333333,88.28571428571429,95.0,5,10,-0.9785481345802031,0.20601832032517084
"Rabindra Bharati University, Kolkata - WBPCB",2024-10-13,95.0,43.64,95.27,18.17,9.35,0.86,25.41,29.06,mean_of_source_observations,28.4,86,8.1,1010.7,89.0,92.0,92.0,91.0,91.14285714285714,92.0,6,10,-0.9748595108374125,0.22282040779479959
"Rabindra Bharati University, Kolkata - WBPCB",2024-10-14,92.0,48.1,91.8,26.74,8.68,0.89,33.75,26.31,mean_of_source_observations,28.5,81,7.8,1010.3,95.0,89.0,92.0,92.0,92.0,97.0,0,10,-0.9708824104813836,0.23955655912092708
"Rabindra Bharati University, Kolkata - WBPCB",2024-10-15,97.0,46.91,96.5,23.83,9.78,0.89,24.45,34.13,mean_of_source_observations,27.3,85,10.0,1009.9,92.0,95.0,89.0,92.0,91.28571428571429,85.0,1,10,-0.9666180104000972,0.2562218218071163
"Rabindra Bharati University, Kolkata - WBPCB",2024-10-16,85.0,42.49,84.59,19.84,6.23,0.92,21.61,28.19,mean_of_source_observations,27.3,84,11.5,1010.2,97.0,92.0,95.0,94.66666666666667,94.14285714285714,95.0,2,10,-0.9620675724981452,0.27281126433401914
"Rabindra Bharati University, Kolkata - WBPCB",2024-10-17,95.0,45.19,94.7,22.38,10.5,1.04,25.82,25.48,mean_of_source_observations,26.8,90,8.1,1010.3,85.0,97.0,92.0,91.33333333333333,91.71428571428571,82.0,3,10,-0.957232443323312,0.28931997761869527
"Rabindra Bharati University, Kolkata - WBPCB",2024-10-18,82.0,44.12,81.72,27.29,10.28,0.87,18.78,24.36,mean_of_source_observations,26.5,90,12.4,1009.9,95.0,85.0,97.0,92.33333333333333,92.14285714285714,94.0,4,10,-0.9521140536681102,0.3057430764672831
"Rabindra Bharati University, Kolkata - WBPCB",2024-10-19,94.0,44.06,93.67,24.97,9.1,0.88,24.72,31.61,mean_of_source_observations,26.7,88,11.2,1010.9,82.0,95.0,85.0,87.33333333333333,90.71428571428571,88.0,5,10,-0.9467139181463862,0.3220757010206104
"Rabindra Bharati University, Kolkata - WBPCB",2024-10-20,88.0,52.3,87.51,27.22,10.67,0.93,25.05,26.23,mean_of_source_observations,26.6,82,13.2,1011.9,94.0,82.0,95.0,90.33333333333333,91.42857142857143,90.0,6,10,-0.9410336347451197,0.3383130181923076
"Rabindra Bharati University, Kolkata - WBPCB",2024-10-21,90.0,50.1,89.66,33.42,5.52,0.95,27.38,28.22,mean_of_source_observations,26.4,82,13.5,1010.8,88.0,94.0,82.0,88.0,90.42857142857143,106.0,0,10,-0.9350748843515574,0.3544502230989869
"Rabindra Bharati University, Kolkata - WBPCB",2024-10-22,106.0,44.89,107.39,18.31,7.21,0.92,27.92,31.18,mean_of_source_observations,26.6,81,10.8,1010.1,90.0,88.0,94.0,90.66666666666667,90.14285714285714,106.0,1,10,-0.9288394302558068,0.3704825404820963
"Rabindra Bharati University, Kolkata - WBPCB",2024-10-23,106.0,53.95,106.83,32.24,6.9,1.01,23.49,26.51,mean_of_source_observations,26.4,84,17.4,1009.0,106.0,90.0,88.0,94.66666666666667,91.42857142857143,103.0,2,10,-0.9223291176290545,0.3864052261209853
"Rabindra Bharati University, Kolkata - WBPCB",2024-10-24,103.0,51.21,103.35,25.89,9.08,0.8,24.55,27.93,mean_of_source_observations,25.0,91,26.8,1006.3,106.0,106.0,90.0,100.66666666666667,94.42857142857143,91.0,3,10,-0.9155458729775467,0.40221356823680365
"Rabindra Bharati University, Kolkata - WBPCB",2024-10-25,91.0,54.4,89.34,21.74,6.42,0.81,22.7,28.03,mean_of_source_observations,25.0,93,24.2,1005.6,103.0,106.0,106.0,105.0,95.57142857142857,97.0,4,10,-0.9084917035725082,0.41790288888678667
"Rabindra Bharati University, Kolkata - WBPCB",2024-10-26,97.0,53.87,96.73,20.06,9.14,0.91,21.62,30.29,mean_of_source_observations,27.2,81,22.0,1007.5,91.0,103.0,106.0,100.0,96.85714285714286,108.0,5,10,-0.9011686968561569,0.4334685453485363
"Rabindra Bharati University, Kolkata - WBPCB",2024-10-27,108.0,46.45,110.62,25.17,10.06,0.97,25.93,29.99,mean_of_source_observations,26.8,87,11.4,1008.2,97.0,91.0,103.0,97.0,97.28571428571429,102.0,6,10,-0.8935790198239952,0.4489059314938798
"Rabindra Bharati University, Kolkata - WBPCB",2024-10-28,102.0,48.35,102.05,30.15,9.04,0.83,21.18,27.37,mean_of_source_observations,27.4,81,7.8,1007.9,108.0,97.0,91.0,98.66666666666667,100.14285714285714,115.0,0,10,-0.8857249183835637,0.4642104791518923
"Rabindra Bharati University, Kolkata - WBPCB",2024-10-29,115.0,55.86,121.54,25.8,8.43,0.78,23.76,28.29,mean_of_source_observations,27.3,82,8.1,1008.7,102.0,108.0,97.0,102.33333333333333,101.85714285714286,105.0,1,10,-0.8776087166898392,0.4793776594606945
"Rabindra Bharati University, Kolkata - WBPCB",2024-10-30,105.0,55.57,105.58,33.06,6.52,0.97,22.01,26.88,mean_of_source_observations,26.8,90,15.0,1010.1,115.0,102.0,108.0,108.33333333333333,103.14285714285714,104.0,2,10,-0.8692328164574792,0.49440298420761813
"Rabindra Bharati University, Kolkata - WBPCB",2024-10-31,104.0,52.61,104.51,20.44,6.73,0.95,26.65,23.29,mean_of_source_observations,27.0,87,10.8,1010.6,105.0,115.0,102.0,107.33333333333333,103.0,102.0,3,10,-0.8605996962501181,0.5092820071573356
"Rabindra Bharati University, Kolkata - WBPCB",2024-11-01,102.0,53.81,100.85,26.83,9.87,0.88,30.4,28.91,mean_of_source_observations,27.6,78,8.6,1011.7,104.0,105.0,115.0,108.0,103.14285714285714,105.0,4,11,-0.8517119107469189,0.5240103253675756
"Rabindra Bharati University, Kolkata - WBPCB",2024-11-02,105.0,60.51,105.34,21.65,9.17,0.91,21.1,34.21,mean_of_source_observations,27.6,70,7.7,1012.6,102.0,104.0,105.0,103.66666666666667,104.71428571428571,103.0,5,11,-0.8425720899866032,0.5385835804920232
"Rabindra Bharati University, Kolkata - WBPCB",2024-11-03,103.0,50.86,103.53,28.81,7.94,0.88,19.44,25.22,mean_of_source_observations,26.0,78,8.9,1012.7,105.0,102.0,104.0,103.66666666666667,105.85714285714286,109.0,6,11,-0.8331829385891785,0.5529974600700271
"Rabindra Bharati University, Kolkata - WBPCB",2024-11-04,109.0,57.45,111.62,31.25,7.37,0.96,24.63,25.58,mean_of_source_observations,26.1,78,7.6,1012.1,103.0,105.0,102.0,103.33333333333333,105.14285714285714,111.0,0,11,-0.8235472349556007,0.5672476988027229
"Rabindra Bharati University, Kolkata - WBPCB",2024-11-05,111.0,53.84,114.42,25.77,4.96,0.9,25.05,25.26,mean_of_source_observations,25.6,79,8.2,1012.9,109.0,103.0,105.0,105.66666666666667,106.14285714285714,101.0,1,11,-0.8136678304455991,0.5813300798152042
"Rabindra Bharati University, Kolkata - WBPCB",2024-11-06,101.0,54.19,100.01,16.51,6.39,0.97,25.66,30.43,mean_of_source_observations,25.6,80,12.5,1013.3,111.0,109.0,103.0,107.66666666666667,105.57142857142857,107.0,2,11,-0.8035476485339116,0.5952404359043674
"Rabindra Bharati University, Kolkata - WBPCB",2024-11-07,107.0,61.73,95.95,28.79,10.87,0.81,23.66,29.53,mean_of_source_observations,25.5,82,8.2,1013.0,101.0,111.0,109.0,107.0,105.0,103.0,3,11,-0.7931896839451843,0.6089746507720486
"Rabindra Bharati University, Kolkata - WBPCB",2024-11-08,103.0,60.68,92.22,29.99,6.08,0.91,24.4,27.57,mean_of_source_observations,25.8,78,10.9,1013.0,107.0,101.0,111.0,106.33333333333333,105.42857142857143,110.0,4,11,-0.7825970017677834,0.6225286602431057
"Rabindra Bharati University, Kolkata - WBPCB",2024-11-09,110.0,61.04,113.11,30.02,8.28,0.9,26.1,25.11,mean_of_source_observations,25.1,80,9.7,1013.1,103.0,107.0,101.0,103.66666666666667,105.57142857142857,115.0,5,11,-0.7717727365467837,0.6358984534680745
"Rabindra Bharati University, Kolkata - WBPCB",2024-11-10,115.0,64.11,99.82,33.78,9.51,0.96,28.12,28.38,mean_of_source_observations,24.9,79,9.5,1013.1,110.0,103.0,107.0,106.66666666666667,106.28571428571429,96.0,6,11,-0.7607200913564104,0.6490800741100398
"Rabindra Bharati University, Kolkata - WBPCB",2024-11-11,96.0,57.59,91.38,23.98,6.12,0.92,19.13,23.01,mean_of_source_observations,25.4,74,10.6,1012.9,115.0,110.0,103.0,109.33333333333333,108.0,110.0,0,11,-0.7494423368521953,0.6620696215153815
"Rabindra Bharati University, Kolkata - WBPCB",2024-11-12,110.0,61.58,113.96,31.71,8.28,1.01,23.89,28.54,mean_of_source_observations,25.9,73,10.3,1012.3,96.0,115.0,110.0,107.0,106.14285714285714,123.0,1,11,-0.7379428103031386,0.6748632518680403
"Rabindra Bharati University, Kolkata - WBPCB",2024-11-13,123.0,56.63,132.75,34.09,9.41,0.85,25.64,30.9,mean_of_source_observations,26.2,67,6.9,1011.6,110.0,96.0,115.0,107.0,106.0,109.0,2,11,-0.7262249146041543,0.6874571793269664
"Rabindra Bharati University, Kolkata - WBPCB",2024-11-14,109.0,60.46,111.77,21.42,8.02,0.96,22.25,24.03,mean_of_source_observations,26.0,61,10.0,1012.7,123.0,110.0,96.0,109.66666666666667,109.14285714285714,114.0,3,11,-0.7142921172691032,0.699847677146407
"Rabindra Bharati University, Kolkata - WBPCB",2024-11-15,114.0,58.41,119.67,30.64,12.3,0.98,30.19,23.11,mean_of_source_observations,24.8,63,7.6,1012.3,109.0,123.0,110.0,114.0,109.42857142857143,110.0,4,11,-0.7021479494046978,0.7120310787787131
"Rabindra Bharati University, Kolkata - WBPCB",2024-11-16,110.0,60.03,113.73,27.24,5.5,1.06,23.09,33.2,mean_of_source_observations,23.7,62,8.7,1012.0,114.0,109.0,123.0,115.33333333333333,111.0,111.0,5,11,-0.6897960046655887,0.7240037789593305
"Rabindra Bharati University, Kolkata - WBPCB",2024-11-17,111.0,63.12,112.76,29.22,9.59,0.94,24.88,26.1,mean_of_source_observations,23.4,63,6.8,1012.2,110.0,114.0,109.0,111.0,111.0,116.0,6,11,-0.6772399381909491,0.7357622347736527
"Rabindra Bharati University, Kolkata - WBPCB",2024-11-18,116.0,55.87,122.14,31.23,7.74,0.96,26.67,31.76,mean_of_source_observations,23.3,64,6.9,1013.1,111.0,110.0,114.0,111.66666666666667,110.42857142857143,141.0,0,11,-0.6644834655228552,0.7473029667054297
"Rabindra Bharati University, Kolkata - WBPCB",2024-11-19,141.0,71.97,112.27,27.78,9.16,0.9,23.23,27.58,mean_of_source_observations,23.0,68,4.9,1013.6,116.0,111.0,110.0,112.33333333333333,113.28571428571429,113.0,1,11,-0.6515303615068021,0.75862255966641
"Rabindra Bharati University, Kolkata - WBPCB",2024-11-20,113.0,55.62,117.65,27.12,8.66,0.81,19.46,27.56,mean_of_source_observations,23.4,67,6.0,1012.7,141.0,116.0,111.0,122.66666666666667,117.71428571428571,113.0,2,11,-0.6383844591746642,0.769717664006921
"Rabindra Bharati University, Kolkata - WBPCB",2024-11-21,113.0,54.87,118.69,30.34,6.9,0.99,23.71,29.5,mean_of_source_observations,23.7,66,8.5,1012.6,113.0,141.0,116.0,123.33333333333333,116.28571428571429,128.0,3,11,-0.6250496486104377,0.7805849965070866
"Rabindra Bharati University, Kolkata - WBPCB",2024-11-22,128.0,68.06,110.69,25.64,8.34,0.99,28.09,25.22,mean_of_source_observations,23.8,64,7.2,1012.9,113.0,113.0,141.0,122.33333333333333,116.85714285714286,122.0,4,11,-0.6115298757991053,0.7912213413483807
"Rabindra Bharati University, Kolkata - WBPCB",2024-11-23,122.0,66.44,125.58,25.79,5.21,1.04,23.99,28.51,mean_of_source_observations,23.4,62,8.4,1014.1,128.0,113.0,113.0,118.0,118.85714285714286,120.0,5,11,-0.5978291414589552,0.801623551065242
"Rabindra Bharati University, Kolkata - WBPCB",2024-11-24,120.0,65.9,116.04,33.56,8.9,0.9,22.46,26.84,mean_of_source_observations,23.1,60,8.0,1014.2,122.0,128.0,113.0,121.0,120.57142857142857,122.0,6,11,-0.5839514998576998,0.8117885474764613
"Rabindra Bharati University, Kolkata - WBPCB",2024-11-25,122.0,66.28,111.56,25.81,8.45,1.01,27.78,23.8,mean_of_source_observations,22.8,62,7.8,1014.1,120.0,122.0,128.0,123.33333333333333,121.85714285714286,116.0,0,11,-0.5699010576127624,0.821713322596059
"Rabindra Bharati University, Kolkata - WBPCB",2024-11-26,116.0,63.17,123.25,33.79,8.96,1.07,24.01,29.17,mean_of_source_observations,22.9,62,6.6,1013.4,122.0,120.0,122.0,121.33333333333333,122.71428571428571,109.0,1,11,-0.5556819724760489,0.8313949395234058
"Rabindra Bharati University, Kolkata - WBPCB",2024-11-27,109.0,58.74,111.37,33.05,9.59,0.98,23.47,27.23,mean_of_source_observations,23.4,61,6.7,1012.8,116.0,122.0,120.0,119.33333333333333,119.14285714285714,115.0,2,11,-0.5412984521036173,0.8408305333122887
"Rabindra Bharati University, Kolkata - WBPCB",2024-11-28,115.0,64.33,119.89,23.73,8.55,0.99,25.45,27.57,mean_of_source_observations,24.0,65,9.1,1013.4,109.0,116.0,122.0,115.66666666666667,118.57142857142857,114.0,3,11,-0.5267547528105542,0.8500173118187018
"Rabindra Bharati University, Kolkata - WBPCB",2024-11-29,114.0,60.6,120.07,28.39,8.22,0.96,27.31,24.16,mean_of_source_observations,24.4,65,8.4,1013.7,115.0,109.0,116.0,113.33333333333333,118.85714285714286,134.0,4,11,-0.5120551783114646,0.8589525565270845
"Rabindra Bharati University, Kolkata - WBPCB",2024-11-30,134.0,69.85,130.02,36.61,6.68,0.91,32.15,33.24,mean_of_source_observations,22.0,76,11.5,1013.0,114.0,115.0,109.0,112.66666666666667,116.85714285714286,118.0,5,11,-0.4972040784469378,0.8676336233547726
"Rabindra Bharati University, Kolkata - WBPCB",2024-12-01,118.0,64.11,125.22,27.34,6.93,1.05,27.48,30.92,mean_of_source_observations,22.9,77,8.3,1011.3,134.0,114.0,115.0,121.0,118.57142857142857,115.0,6,12,-0.4822058478963526,0.8760579434344281
"Rabindra Bharati University, Kolkata - WBPCB",2024-12-02,115.0,60.77,121.38,29.7,9.78,0.93,28.48,31.2,mean_of_source_observations,21.9,78,9.0,1012.3,118.0,134.0,114.0,122.0,118.28571428571429,120.0,0,12,-0.46706492487743034,0.8842230238742036
"Rabindra Bharati University, Kolkata - WBPCB",2024-12-03,120.0,63.8,129.13,33.83,10.15,1.0,23.48,27.09,mean_of_source_observations,23.0,70,7.5,1013.0,115.0,118.0,134.0,122.33333333333333,117.28571428571429,128.0,1,12,-0.451785789832884,0.8921264484954345
"Rabindra Bharati University, Kolkata - WBPCB",2024-12-04,128.0,68.07,134.54,35.34,7.64,0.9,21.92,22.48,mean_of_source_observations,22.1,75,4.8,1012.9,120.0,115.0,118.0,117.66666666666667,117.85714285714286,119.0,2,12,-0.4363729641045924,0.8997658785476209
"Rabindra Bharati University, Kolkata - WBPCB",2024-12-05,119.0,63.1,127.79,30.99,8.07,0.91,25.19,34.41,mean_of_source_observations,22.5,68,6.3,1012.5,128.0,120.0,115.0,121.0,120.57142857142857,117.0,3,12,-0.42083100859565564,0.9071390534005044
"Rabindra Bharati University, Kolkata - WBPCB",2024-12-06,117.0,62.0,123.5,29.61,6.64,1.04,25.32,27.88,mean_of_source_observations,21.4,67,7.5,1012.3,119.0,128.0,120.0,122.33333333333333,121.14285714285714,128.0,4,12,-0.4051645224207563,0.9142437912130223
"Rabindra Bharati University, Kolkata - WBPCB",2024-12-07,128.0,68.04,112.51,38.45,9.76,0.97,21.76,25.65,mean_of_source_observations,21.0,69,5.6,1013.0,117.0,119.0,128.0,121.33333333333333,121.57142857142857,128.0,5,12,-0.3893781415452015,0.9210779895789526
"Rabindra Bharati University, Kolkata - WBPCB",2024-12-08,128.0,68.33,115.06,39.93,9.0,1.07,24.47,29.43,mean_of_source_observations,20.9,65,6.5,1013.2,128.0,117.0,119.0,121.33333333333333,120.71428571428571,116.0,6,12,-0.37347653741307074,0.9276396261490467
"Rabindra Bharati University, Kolkata - WBPCB",2024-12-09,116.0,64.54,122.04,36.76,10.91,0.97,26.2,31.86,mean_of_source_observations,21.6,69,8.2,1012.5,128.0,128.0,117.0,124.33333333333333,122.14285714285714,118.0,0,12,-0.3574644155648614,0.9339267592294762
"Rabindra Bharati University, Kolkata - WBPCB",2024-12-10,118.0,65.0,119.81,33.0,6.68,0.88,26.08,28.01,mean_of_source_observations,21.3,75,7.5,1013.5,116.0,128.0,128.0,124.0,122.28571428571429,131.0,1,12,-0.34134651424503615,0.9399375283564133
"Rabindra Bharati University, Kolkata - WBPCB",2024-12-11,131.0,69.06,123.86,29.25,7.43,1.04,26.51,32.22,mean_of_source_observations,20.1,70,9.7,1014.8,118.0,116.0,128.0,120.66666666666667,122.0,118.0,2,12,-0.3251276029999093,0.9456701548465688
"Rabindra Bharati University, Kolkata - WBPCB",2024-12-12,118.0,60.24,126.34,29.25,8.35,0.93,25.87,31.59,mean_of_source_observations,18.8,66,7.7,1013.6,131.0,118.0,116.0,121.66666666666667,122.42857142857143,121.0,3,12,-0.30881248126625377,0.9511229423235357
"Rabindra Bharati University, Kolkata - WBPCB",2024-12-13,121.0,60.71,130.8,35.2,8.97,1.0,23.48,24.59,mean_of_source_observations,18.5,66,7.9,1014.1,118.0,131.0,118.0,122.33333333333333,122.28571428571429,118.0,4,12,-0.29240597695107734,0.9562942772197719
"Rabindra Bharati University, Kolkata - WBPCB",2024-12-14,118.0,64.67,125.98,34.84,7.68,0.98,23.46,25.9,mean_of_source_observations,18.2,65,8.4,1016.0,121.0,118.0,131.0,123.33333333333333,122.85714285714286,126.0,5,12,-0.27591294500296043,0.9611826292540837
"Rabindra Bharati University, Kolkata - WBPCB",2024-12-15,126.0,67.63,131.14,39.19,6.69,0.9,21.4,31.18,mean_of_source_observations,18.3,63,8.9,1016.5,118.0,121.0,118.0,119.0,121.42857142857143,136.0,6,12,-0.2593382659754056,0.9657865518844574
"Rabindra Bharati University, Kolkata - WBPCB",2024-12-16,136.0,70.69,127.84,36.03,9.32,1.0,30.35,19.29,mean_of_source_observations,19.3,73,6.4,1015.2,126.0,118.0,121.0,121.66666666666667,121.14285714285714,158.0,0,12,-0.2426868445825954,0.9701046827361175
"Rabindra Bharati University, Kolkata - WBPCB",2024-12-17,158.0,77.2,110.54,26.82,9.08,1.14,25.04,27.6,mean_of_source_observations,21.1,70,5.8,1014.2,136.0,126.0,118.0,126.66666666666667,124.0,147.0,1,12,-0.22596360824801906,0.974135744004672
"Rabindra Bharati University, Kolkata - WBPCB",2024-12-19,,,,29.17,10.03,0.99,22.21,26.54,mean_of_source_observations,21.5,64,8.8,1014.3,147.0,158.0,136.0,147.0,132.0,133.0,3,12,-0.19232150523909483,0.9813319716704275
"Rabindra Bharati University, Kolkata - WBPCB",2024-12-27,165.0,79.32,127.41,37.87,9.31,1.1,26.52,33.21,mean_of_source_observations,21.7,65,8.0,1018.3,146.0,129.0,142.0,139.0,133.85714285714286,136.0,4,12,-0.05587875690537313,0.9984375616565666
"Rabindra Bharati University, Kolkata - WBPCB",2024-12-28,136.0,70.59,125.23,32.7,5.66,0.99,21.83,26.79,mean_of_source_observations,21.6,65,7.6,1016.8,165.0,146.0,129.0,146.66666666666666,138.42857142857142,145.0,5,12,-0.03869579017652689,0.9992510374388481
"Rabindra Bharati University, Kolkata - WBPCB",2024-12-29,145.0,73.48,128.11,41.9,10.26,0.96,24.23,28.5,mean_of_source_observations,22.1,67,6.4,1016.0,136.0,165.0,146.0,149.0,140.28571428571428,151.0,6,12,-0.021501372740813793,0.999768818762748
"Rabindra Bharati University, Kolkata - WBPCB",2024-12-30,151.0,75.16,127.56,35.18,7.5,1.06,25.92,27.87,mean_of_source_observations,22.3,69,8.2,1016.6,145.0,136.0,165.0,148.66666666666666,141.85714285714286,132.0,0,12,-0.004300592702981974,0.9999907524084426
"Rabindra Bharati University, Kolkata - WBPCB",2024-12-31,132.0,69.39,132.56,36.39,7.68,0.97,31.2,25.94,mean_of_source_observations,20.2,68,12.0,1017.1,151.0,145.0,136.0,144.0,144.85714285714286,143.0,1,12,0.012901459949419653,0.9999167727021953
"Rabindra Bharati University, Kolkata - WBPCB",2025-01-01,143.0,72.79,132.52,37.13,7.06,1.04,20.81,31.27,mean_of_source_observations,18.8,70,9.3,1015.4,132.0,151.0,145.0,142.66666666666666,143.42857142857142,140.0,2,1,0.017201575418260506,0.9998520419557735
"Rabindra Bharati University, Kolkata - WBPCB",2025-01-02,140.0,71.76,131.32,36.11,7.57,0.98,28.61,28.49,mean_of_source_observations,17.7,70,9.5,1015.9,143.0,132.0,151.0,142.0,145.42857142857142,142.0,3,1,0.03439806061360801,0.9994082116062598
"Rabindra Bharati University, Kolkata - WBPCB",2025-01-03,142.0,72.31,135.22,37.95,10.13,1.0,25.54,26.54,mean_of_source_observations,17.6,71,9.2,1015.7,140.0,143.0,132.0,138.33333333333334,144.57142857142858,129.0,4,1,0.051584366869408364,0.9986686402879997
"Rabindra Bharati University, Kolkata - WBPCB",2025-01-04,129.0,67.7,141.86,31.7,4.27,1.01,27.51,23.85,mean_of_source_observations,19.5,73,8.0,1014.3,142.0,140.0,143.0,141.66666666666666,141.28571428571428,141.0,5,1,0.06875540848113941,0.9976335468520451
"Rabindra Bharati University, Kolkata - WBPCB",2025-01-05,141.0,72.09,139.91,31.99,9.92,1.02,24.69,25.18,mean_of_source_observations,20.2,73,5.8,1014.6,129.0,142.0,140.0,137.0,140.28571428571428,150.0,6,1,0.08590610426133272,0.9963032375991965
"Rabindra Bharati University, Kolkata - WBPCB",2025-01-06,150.0,74.73,118.99,29.68,8.51,0.9,22.47,22.76,mean_of_source_observations,20.1,74,6.5,1013.8,141.0,129.0,142.0,137.33333333333334,139.71428571428572,167.0,0,1,0.10303137904317879,0.9946781061893646
"Rabindra Bharati University, Kolkata - WBPCB",2025-01-07,167.0,79.94,109.85,36.36,6.19,0.97,27.25,28.12,mean_of_source_observations,21.4,71,9.1,1012.8,150.0,141.0,129.0,140.0,139.57142857142858,158.0,1,1,0.1201261651823505,0.9927586335250793
"Rabindra Bharati University, Kolkata - WBPCB",2025-01-08,158.0,77.34,140.08,37.85,6.39,1.07,26.96,24.2,mean_of_source_observations,19.6,67,10.5,1014.8,167.0,150.0,141.0,152.66666666666666,144.57142857142858,180.0,2,1,0.13718540405660057,0.9905453876091833
"Rabindra Bharati University, Kolkata - WBPCB",2025-01-09,180.0,83.84,120.27,36.48,10.51,1.03,27.92,27.22,mean_of_source_observations,18.6,69,8.3,1017.2,158.0,167.0,150.0,158.33333333333334,146.71428571428572,128.0,3,1,0.1542040475626894,0.988039023376751
"Rabindra Bharati University, Kolkata - WBPCB",2025-01-10,128.0,68.12,130.21,41.75,6.58,0.96,24.96,32.52,mean_of_source_observations,18.9,64,9.8,1018.6,180.0,158.0,167.0,168.33333333333334,152.42857142857142,157.0,4,1,0.17117705961019986,0.985240282501282
"Rabindra Bharati University, Kolkata - WBPCB",2025-01-11,157.0,77.01,122.09,34.51,6.27,0.94,23.2,31.97,mean_of_source_observations,19.2,67,6.7,1018.1,128.0,180.0,158.0,155.33333333333334,150.42857142857142,145.0,5,1,0.18809941761179758,0.9821499931752291
"Rabindra Bharati University, Kolkata - WBPCB",2025-01-12,145.0,73.31,116.68,37.43,9.71,0.95,20.32,27.98,mean_of_source_observations,20.6,67,5.2,1016.9,157.0,128.0,180.0,155.0,154.42857142857142,181.0,6,1,0.20496611396949532,0.9787690698649216
"Rabindra Bharati University, Kolkata - WBPCB",2025-01-13,181.0,84.17,136.95,29.84,8.51,0.93,27.46,27.8,mean_of_source_observations,21.7,64,7.3,1015.0,145.0,157.0,128.0,143.33333333333334,155.0,127.0,0,1,0.22177215755648186,0.975098513039961
"Rabindra Bharati University, Kolkata - WBPCB",2025-01-14,127.0,67.99,138.85,32.89,6.59,0.98,26.27,34.17,mean_of_source_observations,21.9,63,8.3,1017.3,181.0,145.0,157.0,161.0,159.42857142857142,127.0,1,1,0.23851257519407648,0.9711394088771653
"Rabindra Bharati University, Kolkata - WBPCB",2025-01-15,127.0,67.83,127.32,37.56,8.32,0.95,22.1,29.77,mean_of_source_observations,20.8,62,11.6,1018.1,127.0,181.0,145.0,151.0,153.71428571428572,131.0,2,1,0.2551824131233728,0.9668929289391521
"Rabindra Bharati University, Kolkata - WBPCB",2025-01-16,131.0,69.12,109.91,38.23,6.46,0.94,23.38,27.02,mean_of_source_observations,20.0,64,7.8,1017.4,127.0,127.0,181.0,145.0,149.28571428571428,119.0,3,1,0.2717767384711357,0.9623603298276545
"Rabindra Bharati University, Kolkata - WBPCB",2025-01-17,119.0,60.87,127.56,33.28,9.65,0.96,23.6,23.46,mean_of_source_observations,20.7,63,9.0,1016.2,131.0,127.0,127.0,128.33333333333334,142.28571428571428,132.0,4,1,0.2882906407095177,0.9575429528116719
"Rabindra Bharati University, Kolkata - WBPCB",2025-01-18,132.0,69.48,135.63,34.24,9.59,1.01,20.55,29.36,mean_of_source_observations,20.8,63,10.6,1015.6,119.0,131.0,127.0,125.66666666666667,141.0,128.0,5,1,0.3047192331091634,0.9524422234305676
"Rabindra Bharati University, Kolkata - WBPCB",2025-01-19,128.0,68.2,119.43,27.98,8.8,1.1,22.55,30.77,mean_of_source_observations,20.7,62,11.6,1014.5,132.0,119.0,131.0,127.33333333333333,137.42857142857142,144.0,6,1,0.321057654185271,0.9470596510722283
"Rabindra Bharati University, Kolkata - WBPCB",2025-01-20,144.0,73.07,133.73,32.98,8.54,0.92,21.6,26.03,mean_of_source_observations,20.0,62,10.7,1012.8,128.0,132.0,119.0,126.33333333333333,135.0,147.0,0,1,0.3373010691361842,0.9413968285264122
"Rabindra Bharati University, Kolkata - WBPCB",2025-01-21,147.0,74.06,131.95,38.35,10.64,1.07,23.76,29.02,mean_of_source_observations,21.1,66,10.1,1011.9,144.0,128.0,132.0,134.66666666666666,129.71428571428572,175.0,1,1,0.3534446712740877,0.9354554315134164
"Rabindra Bharati University, Kolkata - WBPCB",2025-01-22,175.0,82.3,137.01,36.97,8.0,1.09,22.78,26.9,mean_of_source_observations,22.3,63,8.9,1012.6,147.0,144.0,128.0,139.66666666666666,132.57142857142858,158.0,2,1,0.3694836834473831,0.9292372181882051
"Rabindra Bharati University, Kolkata - WBPCB",2025-01-23,158.0,77.24,132.95,36.62,6.23,0.97,20.12,27.48,mean_of_source_observations,22.3,71,6.7,1013.2,175.0,147.0,144.0,155.33333333333334,139.42857142857142,130.0,3,1,0.38541335945432564,0.9227440286201427
"Rabindra Bharati University, Kolkata - WBPCB",2025-01-24,130.0,68.92,123.41,34.65,8.67,1.0,31.07,20.02,mean_of_source_observations,22.7,75,6.3,1012.4,158.0,175.0,147.0,160.0,143.28571428571428,129.0,4,1,0.4012289854475009,0.9159777842484877
"Rabindra Bharati University, Kolkata - WBPCB",2025-01-25,129.0,67.11,142.04,34.43,11.13,0.96,28.76,27.36,mean_of_source_observations,22.2,75,10.4,1013.4,130.0,158.0,175.0,154.33333333333334,144.85714285714286,149.0,5,1,0.4169258813287287,0.908940487313808
"Rabindra Bharati University, Kolkata - WBPCB",2025-01-26,149.0,74.53,130.21,31.51,6.48,1.02,22.66,31.22,mean_of_source_observations,21.0,60,10.5,1013.5,129.0,130.0,158.0,139.0,144.42857142857142,122.0,6,1,0.4324994021339788,0.901634220265486
"Rabindra Bharati University, Kolkata - WBPCB",2025-01-27,122.0,64.66,131.2,37.35,7.46,1.06,25.82,26.03,mean_of_source_observations,20.2,58,9.9,1011.7,149.0,129.0,130.0,136.0,147.42857142857142,172.0,0,1,0.44794493940789115,0.8940611451454876
"Rabindra Bharati University, Kolkata - WBPCB",2025-01-28,172.0,81.58,123.23,36.11,8.62,1.06,26.25,28.25,mean_of_source_observations,21.1,64,8.7,1012.9,122.0,149.0,129.0,133.33333333333334,144.28571428571428,160.0,1,1,0.4632579225674917,0.88622350294858
"Rabindra Bharati University, Kolkata - WBPCB",2025-01-29,160.0,77.95,127.3,36.37,7.92,1.05,28.57,25.63,mean_of_source_observations,22.3,75,10.5,1014.6,172.0,122.0,149.0,147.66666666666666,147.85714285714286,130.0,2,1,0.4784338202547012,0.8781236129591848
"Rabindra Bharati University, Kolkata - WBPCB",2025-01-30,130.0,68.93,123.31,31.93,6.53,0.97,22.54,29.25,mean_of_source_observations,23.7,77,16.9,1011.0,160.0,172.0,122.0,151.33333333333334,145.71428571428572,120.0,3,1,0.49346814167723735,0.8697638720650646
"Rabindra Bharati University, Kolkata - WBPCB",2025-01-31,120.0,62.09,129.28,24.85,9.68,0.89,28.28,27.38,mean_of_source_observations,24.5,80,11.4,1010.8,130.0,160.0,172.0,154.0,141.71428571428572,162.0,4,1,0.5083564379375122,0.8611467540480452
"Rabindra Bharati University, Kolkata - WBPCB",2025-02-01,162.0,78.52,145.37,38.84,11.48,1.01,23.36,25.04,mean_of_source_observations,24.8,84,7.3,1011.7,120.0,130.0,160.0,136.66666666666666,140.28571428571428,136.0,5,2,0.5230943033491326,0.8522748088519838
"Rabindra Bharati University, Kolkata - WBPCB",2025-02-02,136.0,70.46,118.52,31.98,8.29,1.06,20.99,32.4,mean_of_source_observations,24.9,81,7.4,1011.8,162.0,120.0,130.0,137.33333333333334,145.0,159.0,6,2,0.5376773767406141,0.8431506618282
"Rabindra Bharati University, Kolkata - WBPCB",2025-02-03,159.0,77.61,116.21,30.26,6.64,0.94,27.17,31.09,mean_of_source_observations,25.0,68,8.1,1012.6,136.0,162.0,120.0,139.33333333333334,143.14285714285714,129.0,0,2,0.5521013427459208,0.8337770129585915
"Rabindra Bharati University, Kolkata - WBPCB",2025-02-04,129.0,62.17,142.64,36.92,5.68,0.91,28.87,26.12,mean_of_source_observations,24.2,54,9.2,1012.8,159.0,136.0,162.0,152.33333333333334,148.42857142857142,125.0,1,2,0.5663619330814524,0.8241566360566663
"Rabindra Bharati University, Kolkata - WBPCB",2025-02-05,125.0,67.38,127.88,32.17,8.39,0.99,32.76,29.69,mean_of_source_observations,24.9,61,9.1,1011.0,129.0,159.0,136.0,141.33333333333334,142.28571428571428,136.0,2,2,0.580454927809098,0.8142923779467267
"Rabindra Bharati University, Kolkata - WBPCB",2025-02-06,136.0,70.48,123.65,38.37,9.66,0.94,21.4,29.82,mean_of_source_observations,25.8,64,11.2,1011.7,125.0,129.0,159.0,137.66666666666666,137.28571428571428,136.0,3,2,0.5943761565849831,0.804187157621448
"Rabindra Bharati University, Kolkata - WBPCB",2025-02-07,136.0,70.53,138.16,36.39,8.71,0.95,27.1,30.16,mean_of_source_observations,23.0,41,9.5,1013.9,136.0,125.0,129.0,130.0,138.14285714285714,126.0,4,2,0.6081214998935418,0.7938439653781019
"Rabindra Bharati University, Kolkata - WBPCB",2025-02-08,126.0,67.66,123.66,36.61,8.0,0.96,23.77,22.59,mean_of_source_observations,22.0,48,10.9,1014.2,136.0,136.0,125.0,132.33333333333334,140.42857142857142,145.0,5,2,0.6216868902665479,0.7832658619336791
"Rabindra Bharati University, Kolkata - WBPCB",2025-02-09,145.0,73.26,144.39,27.68,7.12,0.93,27.35,31.34,mean_of_source_observations,22.3,49,9.1,1013.5,126.0,136.0,136.0,132.66666666666666,135.28571428571428,124.0,6,2,0.6350683134867438,0.7724559775191742
"Rabindra Bharati University, Kolkata - WBPCB",2025-02-10,124.0,63.94,134.17,38.73,6.36,0.92,20.59,26.23,mean_of_source_observations,23.6,69,9.9,1013.5,145.0,126.0,136.0,135.66666666666666,136.57142857142858,130.0,0,2,0.6482618097757122,0.7614175109532997
"Rabindra Bharati University, Kolkata - WBPCB",2025-02-11,130.0,68.73,123.79,34.54,9.25,1.03,21.21,26.92,mean_of_source_observations,25.2,73,10.4,1012.2,124.0,145.0,126.0,131.66666666666666,131.57142857142858,134.0,1,2,0.6612634749656386,0.7501537286959042
"Rabindra Bharati University, Kolkata - WBPCB",2025-02-12,134.0,69.94,146.33,31.74,9.37,0.92,22.67,36.63,mean_of_source_observations,25.8,71,8.7,1011.9,130.0,124.0,145.0,133.0,131.71428571428572,140.0,2,2,0.6740694616546161,0.7386679638813748
"Rabindra Bharati University, Kolkata - WBPCB",2025-02-13,140.0,71.85,122.13,33.86,5.68,0.91,25.24,29.06,mean_of_source_observations,26.2,69,9.7,1011.1,134.0,130.0,124.0,129.33333333333334,133.0,143.0,3,2,0.6866759803451553,0.726963615332308
"Rabindra Bharati University, Kolkata - WBPCB",2025-02-14,143.0,72.69,133.44,25.48,10.38,0.97,23.08,26.83,mean_of_source_observations,24.2,39,11.6,1011.9,140.0,134.0,130.0,134.66666666666666,133.57142857142858,120.0,4,2,0.6990793005655562,0.7150441465537444
"Rabindra Bharati University, Kolkata - WBPCB",2025-02-15,120.0,62.54,129.26,34.83,8.86,1.01,26.98,20.93,mean_of_source_observations,24.4,45,11.3,1011.5,143.0,140.0,134.0,139.0,134.57142857142858,126.0,5,2,0.7112757519738152,0.7029130847082615
"Rabindra Bharati University, Kolkata - WBPCB",2025-02-16,126.0,60.09,137.56,28.52,10.1,0.95,28.08,32.58,mean_of_source_observations,24.9,66,11.6,1011.7,120.0,143.0,140.0,134.33333333333334,133.71428571428572,151.0,6,2,0.7232617254437388,0.6905740195722294
"Rabindra Bharati University, Kolkata - WBPCB",2025-02-17,151.0,75.02,139.44,27.02,5.99,0.98,26.8,23.72,mean_of_source_observations,26.1,72,12.1,1013.1,126.0,120.0,143.0,129.66666666666666,131.0,133.0,0,2,0.7350336741329412,0.6780306024735382
"Rabindra Bharati University, Kolkata - WBPCB",2025-02-18,133.0,69.67,125.84,26.19,5.95,0.99,29.86,24.83,mean_of_source_observations,25.4,73,13.2,1012.9,151.0,126.0,120.0,132.33333333333334,134.85714285714286,113.0,1,2,0.746588114532413,0.6652865452111116
"Rabindra Bharati University, Kolkata - WBPCB",2025-02-19,113.0,63.57,118.67,37.47,7.78,0.88,26.25,27.01,mean_of_source_observations,23.4,82,10.5,1012.6,133.0,151.0,126.0,136.66666666666666,135.28571428571428,153.0,2,2,0.7579216274973472,0.6523456189565257
"Rabindra Bharati University, Kolkata - WBPCB",2025-02-20,153.0,75.72,128.75,29.84,8.75,1.04,21.35,32.67,mean_of_source_observations,22.8,86,8.0,1014.0,113.0,133.0,151.0,132.33333333333334,132.28571428571428,126.0,3,2,0.7690308592589181,0.6392116531380588
"Rabindra Bharati University, Kolkata - WBPCB",2025-02-21,126.0,67.7,118.51,39.07,10.69,1.01,29.09,30.59,mean_of_source_observations,23.9,79,8.8,1014.2,153.0,113.0,133.0,133.0,134.14285714285714,144.0,4,2,0.7799125224167177,0.6258885343075018
"Rabindra Bharati University, Kolkata - WBPCB",2025-02-22,144.0,73.16,141.35,30.02,9.06,0.98,23.18,27.57,mean_of_source_observations,23.2,85,12.5,1014.7,126.0,153.0,113.0,130.66666666666666,131.71428571428572,124.0,5,2,0.7905633969115482,0.612380204990065
"Rabindra Bharati University, Kolkata - WBPCB",2025-02-23,124.0,66.87,124.7,24.84,7.64,1.04,27.73,29.08,mean_of_source_observations,22.9,82,8.1,1015.4,144.0,126.0,153.0,141.0,135.14285714285714,158.0,6,2,0.8009803309782905,0.5986906625177214
"Rabindra Bharati University, Kolkata - WBPCB",2025-02-24,158.0,77.34,119.93,27.28,6.46,0.96,29.72,26.13,mean_of_source_observations,24.0,74,6.9,1016.3,124.0,144.0,126.0,131.33333333333334,134.85714285714286,152.0,0,2,0.8111602420785621,0.5848239578463322
"Rabindra Bharati University, Kolkata - WBPCB",2025-02-25,152.0,75.4,124.23,37.32,9.85,1.07,26.37,28.53,mean_of_source_observations,24.4,70,8.5,1017.4,158.0,124.0,144.0,142.0,135.85714285714286,115.0,1,2,0.8211001178128892,0.5707841943569036
"Rabindra Bharati University, Kolkata - WBPCB",2025-02-26,115.0,64.27,110.54,31.19,6.55,0.98,20.51,28.32,mean_of_source_observations,24.2,70,7.3,1017.3,152.0,158.0,124.0,144.66666666666666,138.57142857142858,136.0,2,2,0.8307970168121247,0.5565755266413303
"Rabindra Bharati University, Kolkata - WBPCB",2025-02-27,136.0,70.55,113.32,29.37,10.44,0.98,22.25,31.22,mean_of_source_observations,24.9,69,11.2,1014.9,115.0,152.0,158.0,141.66666666666666,138.85714285714286,129.0,3,2,0.8402480696078469,0.5422021592729844
"Rabindra Bharati University, Kolkata - WBPCB",2025-02-28,129.0,68.47,131.61,32.3,7.57,0.99,28.97,31.21,mean_of_source_observations,26.1,69,7.7,1013.5,136.0,115.0,152.0,134.33333333333334,136.42857142857142,141.0,4,2,0.8494504794814806,0.527668345562516
"Rabindra Bharati University, Kolkata - WBPCB",2025-03-01,141.0,72.06,115.08,33.65,10.39,0.99,24.49,29.68,mean_of_source_observations,27.6,68,13.5,1010.8,129.0,136.0,115.0,126.66666666666667,136.85714285714286,108.0,5,3,0.8584015232918917,0.512978386299228
"Rabindra Bharati University, Kolkata - WBPCB",2025-03-03,,,,37.48,7.79,0.93,27.28,30.48,mean_of_source_observations,29.0,56,11.1,1009.5,108.0,141.0,129.0,126.0,134.14285714285714,132.0,0,3,0.8755389928586302,0.4831474640149687
"Rabindra Bharati University, Kolkata - WBPCB",2025-03-11,110.0,61.55,113.32,29.87,4.81,0.9,28.25,28.26,mean_of_source_observations,28.2,50,13.1,1012.3,133.0,121.0,104.0,119.33333333333333,119.14285714285714,133.0,1,3,0.9335418911179212,0.35846832151248087
"Rabindra Bharati University, Kolkata - WBPCB",2025-03-12,133.0,69.57,126.39,30.07,8.69,1.03,24.61,28.45,mean_of_source_observations,28.7,55,13.0,1008.5,110.0,133.0,121.0,121.33333333333333,116.0,114.0,2,3,0.9395699859530622,0.342356891994542
"Rabindra Bharati University, Kolkata - WBPCB",2025-03-13,114.0,52.93,119.15,26.49,6.53,0.95,22.45,28.68,mean_of_source_observations,29.9,59,13.2,1006.6,133.0,110.0,133.0,125.33333333333333,118.28571428571429,113.0,3,3,0.945320046913132,0.3261441535642696
"Rabindra Bharati University, Kolkata - WBPCB",2025-03-14,113.0,50.8,117.7,28.62,6.27,0.95,22.72,31.06,mean_of_source_observations,30.3,68,10.3,1008.0,114.0,133.0,110.0,119.0,117.57142857142857,122.0,4,3,0.9507903724625832,0.3098349038318025
"Rabindra Bharati University, Kolkata - WBPCB",2025-03-15,122.0,59.31,131.88,25.47,5.47,0.92,22.06,31.38,mean_of_source_observations,31.0,68,12.4,1009.3,113.0,114.0,133.0,120.0,118.28571428571429,106.0,5,3,0.9559793438440766,0.2934339689665273
"Rabindra Bharati University, Kolkata - WBPCB",2025-03-16,106.0,61.28,107.02,33.15,5.31,0.87,24.18,26.15,mean_of_source_observations,30.7,68,18.4,1008.9,122.0,113.0,114.0,116.33333333333333,120.85714285714286,114.0,6,3,0.9608854255574977,0.27694620226893646
"Rabindra Bharati University, Kolkata - WBPCB",2025-03-17,114.0,58.63,119.99,33.61,5.97,0.98,28.7,26.08,mean_of_source_observations,28.7,72,19.5,1008.7,106.0,122.0,113.0,113.66666666666667,118.71428571428571,109.0,0,3,0.9655071658143364,0.2603764827344581
"Rabindra Bharati University, Kolkata - WBPCB",2025-03-18,109.0,47.24,111.86,21.0,6.94,0.8,22.58,24.71,mean_of_source_observations,30.2,54,11.2,1009.6,114.0,106.0,122.0,114.0,116.0,110.0,1,3,0.969843196967294,0.24372971360968387
"Rabindra Bharati University, Kolkata - WBPCB",2025-03-19,110.0,57.52,113.08,24.8,10.93,0.93,25.57,30.34,mean_of_source_observations,29.6,64,12.8,1012.5,109.0,114.0,106.0,109.66666666666667,115.85714285714286,116.0,2,3,0.9738922359149924,0.22701082094141847
"Rabindra Bharati University, Kolkata - WBPCB",2025-03-20,116.0,50.54,123.34,22.18,7.21,0.98,23.03,32.77,mean_of_source_observations,29.3,66,13.2,1013.8,110.0,109.0,114.0,111.0,112.57142857142857,110.0,3,3,0.9776530844816641,0.2102247521189836
"Rabindra Bharati University, Kolkata - WBPCB",2025-03-21,110.0,60.78,113.9,25.68,8.27,0.97,24.22,27.06,mean_of_source_observations,27.8,61,12.1,1014.8,116.0,110.0,109.0,111.66666666666667,112.85714285714286,110.0,4,3,0.981124629771712,0.19337647441020586
"Rabindra Bharati University, Kolkata - WBPCB",2025-03-22,110.0,58.73,113.53,27.96,8.6,1.06,20.47,27.3,mean_of_source_observations,23.2,81,15.0,1014.7,110.0,116.0,110.0,112.0,112.42857142857143,113.0,5,3,0.984305844499033,0.17647097349152166
"Rabindra Bharati University, Kolkata - WBPCB",2025-03-23,113.0,51.25,117.52,21.88,8.2,0.98,24.34,32.83,mean_of_source_observations,24.5,75,9.0,1014.6,110.0,110.0,116.0,112.0,110.71428571428571,104.0,6,3,0.9871957872910085,0.15951325197263655
"Rabindra Bharati University, Kolkata - WBPCB",2025-03-24,104.0,53.13,104.46,23.99,7.88,0.9,24.42,29.72,mean_of_source_observations,27.0,59,9.9,1013.3,113.0,110.0,110.0,111.0,111.71428571428571,100.0,0,3,0.9897936029670716,0.14250832791617088
"Rabindra Bharati University, Kolkata - WBPCB",2025-03-25,100.0,49.75,99.72,23.47,6.21,0.93,26.62,29.49,mean_of_source_observations,28.3,54,10.4,1009.1,104.0,113.0,110.0,109.0,110.28571428571429,97.0,1,3,0.992098522791769,0.12546123335273648
"Rabindra Bharati University, Kolkata - WBPCB",2025-03-26,97.0,54.7,97.29,28.53,10.18,0.94,25.67,24.22,mean_of_source_observations,29.5,59,12.5,1006.6,100.0,104.0,113.0,105.66666666666667,109.0,100.0,2,3,0.9941098647022418,0.10837701279187609
"Rabindra Bharati University, Kolkata - WBPCB",2025-03-27,100.0,59.76,88.68,27.76,10.71,0.87,21.4,30.28,mean_of_source_observations,30.8,54,14.1,1004.8,97.0,100.0,104.0,100.33333333333333,107.14285714285714,116.0,3,3,0.9958270335100595,0.09126072172931188
"Rabindra Bharati University, Kolkata - WBPCB",2025-03-28,116.0,48.84,122.77,24.16,5.48,0.87,28.25,25.07,mean_of_source_observations,31.7,50,13.2,1004.1,100.0,97.0,100.0,99.0,104.85714285714286,95.0,4,3,0.9972495210773451,0.07411742515094437
"Rabindra Bharati University, Kolkata - WBPCB",2025-03-29,95.0,56.45,94.82,27.87,6.46,0.92,25.63,24.41,mean_of_source_observations,31.8,54,12.0,1005.8,116.0,100.0,97.0,104.33333333333333,105.71428571428571,102.0,5,3,0.998376906467142,0.056952196034039754
"Rabindra Bharati University, Kolkata - WBPCB",2025-03-30,102.0,50.42,101.77,24.57,7.58,0.82,25.6,26.96,mean_of_source_observations,30.8,69,12.1,1008.5,95.0,116.0,100.0,103.66666666666667,103.57142857142857,101.0,6,3,0.9992088560679753,0.03977011384605572
"Rabindra Bharati University, Kolkata - WBPCB",2025-03-31,101.0,48.56,100.62,25.58,6.55,0.92,24.97,26.18,mean_of_source_observations,30.4,69,14.2,1008.6,102.0,95.0,116.0,104.33333333333333,102.0,104.0,0,3,0.9997451236925734,0.022576263041545485
"Rabindra Bharati University, Kolkata - WBPCB",2025-04-01,104.0,51.81,105.0,33.8,8.76,0.92,23.45,27.36,mean_of_source_observations,30.2,68,14.5,1008.4,101.0,102.0,95.0,99.33333333333333,101.57142857142857,107.0,1,4,0.9999855506507186,0.005375731557583884
"Rabindra Bharati University, Kolkata - WBPCB",2025-04-02,107.0,46.35,108.72,32.18,6.91,0.82,25.65,23.41,mean_of_source_observations,30.5,66,16.7,1009.7,104.0,101.0,102.0,102.33333333333333,102.14285714285714,107.0,2,4,0.9999300657962057,-0.011826390691832589
"Rabindra Bharati University, Kolkata - WBPCB",2025-04-03,107.0,48.5,108.43,20.6,11.25,0.94,26.43,31.19,mean_of_source_observations,30.8,64,10.2,1010.7,107.0,104.0,101.0,104.0,103.57142857142857,95.0,3,4,0.9995786855478958,-0.029025013321975237
"Rabindra Bharati University, Kolkata - WBPCB",2025-04-04,95.0,44.57,95.28,29.61,9.79,0.95,19.76,31.73,mean_of_source_observations,29.8,68,9.0,1009.9,107.0,107.0,104.0,106.0,104.57142857142857,105.0,4,4,0.9989315138848577,-0.046215046983708354
"Rabindra Bharati University, Kolkata - WBPCB",2025-04-05,105.0,61.19,98.19,29.35,8.32,0.97,23.38,21.77,mean_of_source_observations,31.4,59,12.4,1007.8,95.0,107.0,107.0,103.0,101.57142857142857,102.0,5,4,0.9979887423155984,-0.06339140486951038
"Rabindra Bharati University, Kolkata - WBPCB",2025-04-06,102.0,50.32,101.39,20.71,9.54,0.91,24.24,31.25,mean_of_source_observations,30.9,67,17.8,1007.5,105.0,95.0,107.0,102.33333333333333,103.0,96.0,6,4,0.9967506498213929,-0.08054900421874167
"Rabindra Bharati University, Kolkata - WBPCB",2025-04-07,96.0,45.89,96.11,29.02,9.66,0.94,25.77,25.45,mean_of_source_observations,30.0,68,16.4,1010.1,102.0,105.0,95.0,100.66666666666667,103.0,109.0,0,4,0.9952176027737294,-0.09768276782171598
"Rabindra Bharati University, Kolkata - WBPCB",2025-04-08,109.0,50.36,111.46,31.94,7.15,0.96,28.58,30.86,mean_of_source_observations,29.4,69,10.6,1012.7,96.0,102.0,105.0,101.0,102.28571428571429,102.0,1,4,0.9933900548258936,-0.11478762552212701
"Rabindra Bharati University, Kolkata - WBPCB",2025-04-09,102.0,48.14,101.12,20.27,6.78,0.94,22.68,27.86,mean_of_source_observations,29.9,63,15.2,1010.4,109.0,96.0,102.0,102.33333333333333,103.0,103.0,2,4,0.9912685467787256,-0.13185851571739118
"Rabindra Bharati University, Kolkata - WBPCB",2025-04-10,103.0,47.09,102.54,20.97,8.12,0.87,23.51,28.17,mean_of_source_observations,29.2,64,13.4,1006.5,102.0,109.0,96.0,102.33333333333333,102.28571428571429,102.0,3,4,0.9888537064205885,-0.1488903868564548
"Rabindra Bharati University, Kolkata - WBPCB",2025-04-11,102.0,51.14,101.22,29.14,9.29,0.94,23.46,27.48,mean_of_source_observations,28.1,71,9.4,1004.9,103.0,102.0,109.0,104.66666666666667,101.71428571428571,104.0,4,4,0.986146248341595,-0.16587819893463143
"Rabindra Bharati University, Kolkata - WBPCB",2025-04-12,104.0,51.45,104.94,25.73,8.21,0.99,22.6,32.01,mean_of_source_observations,28.9,74,10.3,1006.3,102.0,103.0,102.0,102.33333333333333,102.71428571428571,96.0,5,4,0.9831469737221499,-0.1828169249850199
"Rabindra Bharati University, Kolkata - WBPCB",2025-04-13,96.0,44.03,95.67,26.76,5.63,0.87,23.96,24.06,mean_of_source_observations,28.8,76,9.7,1008.1,104.0,102.0,103.0,103.0,102.57142857142857,83.0,6,4,0.9798567700958665,-0.1997015525660636
"Rabindra Bharati University, Kolkata - WBPCB",2025-04-14,83.0,43.32,82.21,25.66,6.8,1.02,27.31,30.05,mean_of_source_observations,28.6,75,18.8,1008.8,96.0,104.0,102.0,100.66666666666667,101.71428571428571,96.0,0,4,0.9762766110869321,-0.21652708524481437
"Rabindra Bharati University, Kolkata - WBPCB",2025-04-15,96.0,44.48,96.17,25.69,7.89,0.88,21.84,31.65,mean_of_source_observations,28.2,69,9.4,1009.5,83.0,96.0,104.0,94.33333333333333,99.85714285714286,87.0,1,4,0.9724075561219968,-0.23328854407545518
"Rabindra Bharati University, Kolkata - WBPCB",2025-04-16,87.0,33.07,86.39,18.09,7.89,0.87,26.28,30.4,mean_of_source_observations,29.1,71,14.6,1008.6,96.0,83.0,96.0,91.66666666666667,98.0,87.0,2,4,0.9682507501166718,-0.2499809690726521
"Rabindra Bharati University, Kolkata - WBPCB",2025-04-17,87.0,36.86,86.75,28.16,10.96,0.84,19.89,35.61,mean_of_source_observations,27.1,80,17.0,1007.2,87.0,96.0,83.0,88.66666666666667,95.85714285714286,96.0,3,4,0.9638074231367307,-0.26659942067929354
"Rabindra Bharati University, Kolkata - WBPCB",2025-04-18,96.0,51.96,95.69,28.5,5.92,0.94,23.32,26.37,mean_of_source_observations,26.9,81,13.0,1006.4,87.0,87.0,96.0,90.0,93.57142857142857,101.0,4,4,0.9590788900341131,-0.28313898122818354
"Rabindra Bharati University, Kolkata - WBPCB",2025-04-19,101.0,53.0,100.63,22.27,8.76,0.84,24.01,31.18,mean_of_source_observations,27.7,81,8.2,1005.4,96.0,87.0,87.0,90.0,92.71428571428571,90.0,5,4,0.9540665500578387,-0.2995947563972602
"Rabindra Bharati University, Kolkata - WBPCB",2025-04-20,90.0,42.3,89.42,22.89,10.23,0.87,30.02,27.74,mean_of_source_observations,30.0,80,12.8,1005.5,101.0,96.0,87.0,94.66666666666667,92.28571428571429,91.0,6,4,0.9487718864399473,-0.31596187665790293
"Rabindra Bharati University, Kolkata - WBPCB",2025-04-21,91.0,46.3,91.21,16.28,11.41,0.85,24.18,32.08,mean_of_source_observations,31.0,80,17.3,1006.8,90.0,101.0,96.0,95.66666666666667,91.42857142857143,103.0,0,4,0.9431964659565866,-0.33223549871590435
"Rabindra Bharati University, Kolkata - WBPCB",2025-04-22,103.0,44.4,102.55,24.93,7.39,0.91,18.4,28.06,mean_of_source_observations,31.2,77,17.3,1006.8,91.0,90.0,101.0,94.0,92.57142857142857,98.0,1,4,0.9373419384643772,-0.3484108069446808
"Rabindra Bharati University, Kolkata - WBPCB",2025-04-23,98.0,58.89,89.23,24.99,8.74,1.01,19.0,26.82,mean_of_source_observations,32.7,69,16.2,1004.2,103.0,91.0,90.0,94.66666666666667,93.57142857142857,107.0,2,4,0.9312100364121947,-0.3644830148102912
"Rabindra Bharati University, Kolkata - WBPCB",2025-04-24,107.0,47.85,108.94,22.07,8.85,0.95,25.1,32.31,mean_of_source_observations,32.2,73,19.8,1004.2,98.0,103.0,91.0,97.33333333333333,95.14285714285714,91.0,3,4,0.9248025743285089,-0.38044736628785164
"Rabindra Bharati University, Kolkata - WBPCB",2025-04-25,91.0,40.65,90.66,27.01,8.29,0.77,26.84,26.49,mean_of_source_observations,32.3,73,20.0,1004.9,107.0,98.0,103.0,102.66666666666667,98.0,70.0,4,4,0.9181214482844365,-0.39629913726891813
"Rabindra Bharati University, Kolkata - WBPCB",2025-04-26,70.0,35.72,69.87,20.53,7.85,0.99,26.13,23.5,mean_of_source_observations,31.4,72,19.6,1005.7,91.0,107.0,98.0,98.66666666666667,97.28571428571429,91.0,5,4,0.9111686353326631,-0.41203363695942635
"Rabindra Bharati University, Kolkata - WBPCB",2025-04-27,91.0,31.75,90.9,24.22,8.65,0.88,25.5,26.41,mean_of_source_observations,32.1,62,13.7,1007.2,70.0,91.0,107.0,89.33333333333333,92.85714285714286,87.0,6,4,0.9039461929224011,-0.42764620926777464
"Rabindra Bharati University, Kolkata - WBPCB",2025-04-28,87.0,41.07,87.01,17.2,4.2,0.85,28.49,30.09,mean_of_source_observations,29.1,75,9.8,1007.5,91.0,70.0,91.0,84.0,93.0,94.0,0,4,0.8964562582905575,-0.44313223418263453
"Rabindra Bharati University, Kolkata - WBPCB",2025-04-29,94.0,35.43,94.17,21.32,9.02,0.88,23.38,32.59,mean_of_source_observations,26.8,76,15.8,1007.9,87.0,91.0,70.0,82.66666666666667,92.42857142857143,88.0,1,4,0.8887010478292915,-0.45848712914008766
"Rabindra Bharati University, Kolkata - WBPCB",2025-04-30,88.0,31.38,88.17,20.49,8.19,0.87,27.68,28.44,mean_of_source_observations,26.9,77,9.8,1008.7,94.0,87.0,91.0,90.66666666666667,91.14285714285714,81.0,2,4,0.8806828564301475,-0.47370635037968
"Rabindra Bharati University, Kolkata - WBPCB",2025-05-01,81.0,35.12,80.48,22.03,7.67,0.84,20.1,32.35,mean_of_source_observations,26.7,78,15.9,1010.0,88.0,94.0,87.0,89.66666666666667,89.71428571428571,71.0,3,5,0.8724040568049612,-0.48878539428899265
"Rabindra Bharati University, Kolkata - WBPCB",2025-05-02,71.0,32.32,70.42,19.28,11.07,0.88,22.29,23.68,mean_of_source_observations,26.7,78,8.0,1008.7,81.0,88.0,94.0,87.66666666666667,86.0,79.0,4,5,0.8638670987837349,-0.503719798736334
"Rabindra Bharati University, Kolkata - WBPCB",2025-05-03,79.0,46.83,78.53,20.13,6.99,0.88,19.58,26.64,mean_of_source_observations,27.6,78,12.7,1007.0,71.0,81.0,88.0,80.0,83.14285714285714,73.0,5,5,0.8550745085896932,-0.518505144391157
"Rabindra Bharati University, Kolkata - WBPCB",2025-05-04,73.0,42.03,72.32,24.09,7.4,0.88,24.18,27.15,mean_of_source_observations,27.2,82,14.5,1006.0,79.0,71.0,81.0,77.0,84.42857142857143,75.0,6,5,0.8460288880917339,-0.533137056031809
"Rabindra Bharati University, Kolkata - WBPCB",2025-05-05,75.0,36.79,73.99,18.46,10.99,0.84,24.86,27.71,mean_of_source_observations,29.2,74,8.7,1006.1,73.0,79.0,71.0,74.33333333333333,81.85714285714286,84.0,0,5,0.8367329140344921,-0.5476112038402312
"Rabindra Bharati University, Kolkata - WBPCB",2025-05-06,84.0,44.38,83.43,13.23,6.75,0.83,25.34,28.35,mean_of_source_observations,29.0,79,9.1,1006.7,75.0,73.0,79.0,75.66666666666667,80.14285714285714,92.0,1,5,0.8271893372462497,-0.5619233046832195
"Rabindra Bharati University, Kolkata - WBPCB",2025-05-07,92.0,36.37,92.12,27.56,7.17,0.89,25.19,30.32,mean_of_source_observations,30.2,73,10.6,1005.4,84.0,75.0,73.0,77.33333333333333,78.71428571428571,81.0,2,5,0.8174009818249189,-0.5760691233798758
"Rabindra Bharati University, Kolkata - WBPCB",2025-05-08,81.0,30.87,80.45,25.79,7.78,0.89,22.22,26.64,mean_of_source_observations,32.5,63,10.5,1005.6,92.0,84.0,75.0,83.66666666666667,79.28571428571429,73.0,3,5,0.8073707443023492,-0.5900444739548627
"Rabindra Bharati University, Kolkata - WBPCB",2025-05-09,73.0,43.31,66.06,14.07,9.26,0.93,24.43,28.53,mean_of_source_observations,33.2,61,12.0,1005.9,81.0,92.0,84.0,85.66666666666667,79.28571428571429,80.0,4,5,0.7971015927871943,-0.6038452208771035
"Rabindra Bharati University, Kolkata - WBPCB",2025-05-10,80.0,37.57,79.59,22.46,8.31,0.93,20.51,27.93,mean_of_source_observations,33.7,56,10.8,1005.6,73.0,81.0,92.0,82.0,79.57142857142857,86.0,5,5,0.7865965660866021,-0.6174672802835514
"Rabindra Bharati University, Kolkata - WBPCB",2025-05-11,86.0,28.63,85.45,17.14,6.06,0.87,29.09,25.08,mean_of_source_observations,34.4,53,12.0,1003.7,80.0,73.0,81.0,78.0,79.71428571428571,70.0,6,5,0.7758587728069828,-0.6309066211876704
"Rabindra Bharati University, Kolkata - WBPCB",2025-05-12,70.0,32.79,69.21,20.28,7.2,0.84,24.09,27.71,mean_of_source_observations,33.7,55,16.1,1002.5,86.0,80.0,73.0,79.66666666666667,81.57142857142857,73.0,0,5,0.7648913904341226,-0.6441592666722685
"Rabindra Bharati University, Kolkata - WBPCB",2025-05-13,73.0,28.67,72.7,20.25,7.09,0.9,23.53,27.61,mean_of_source_observations,32.4,70,15.8,1003.2,70.0,86.0,80.0,78.66666666666667,80.85714285714286,74.0,1,5,0.753697664392914,-0.6572212950663319
"Rabindra Bharati University, Kolkata - WBPCB",2025-05-14,74.0,25.51,73.36,17.8,7.88,0.77,29.77,27.55,mean_of_source_observations,32.4,72,15.0,1004.4,73.0,70.0,86.0,76.33333333333333,79.28571428571429,67.0,2,5,0.742280907086982,-0.6700888411055113
"Rabindra Bharati University, Kolkata - WBPCB",2025-05-15,67.0,37.57,65.83,15.26,8.64,0.83,21.27,28.18,mean_of_source_observations,32.3,71,17.7,1004.7,74.0,73.0,70.0,72.33333333333333,76.71428571428571,78.0,3,5,0.7306444969184916,-0.6827580970759147
"Rabindra Bharati University, Kolkata - WBPCB",2025-05-16,78.0,42.47,77.61,15.5,8.63,0.85,21.62,28.33,mean_of_source_observations,31.9,73,15.7,1004.6,67.0,74.0,73.0,71.33333333333333,74.71428571428571,71.0,4,5,0.7187918772884232,-0.6952253139408722
"Rabindra Bharati University, Kolkata - WBPCB",2025-05-17,71.0,24.21,70.35,14.36,5.34,0.9,21.71,26.68,mean_of_source_observations,31.6,72,20.7,1005.0,78.0,67.0,74.0,73.0,75.42857142857143,75.0,5,5,0.7067265555776158,-0.7074868024503348
"Rabindra Bharati University, Kolkata - WBPCB",2025-05-18,75.0,34.4,74.43,14.57,9.6,0.92,24.8,32.2,mean_of_source_observations,29.8,77,15.2,1005.9,71.0,78.0,67.0,72.0,74.14285714285714,63.0,6,5,0.6944521021088763,-0.719538934232584
"Rabindra Bharati University, Kolkata - WBPCB",2025-05-19,63.0,27.45,62.54,17.71,8.38,0.87,26.29,24.29,mean_of_source_observations,31.1,68,14.3,1005.4,75.0,71.0,78.0,74.66666666666667,72.57142857142857,67.0,0,5,0.6819721490904629,-0.7313781428679254
"Rabindra Bharati University, Kolkata - WBPCB",2025-05-20,67.0,27.94,65.84,14.75,10.08,0.91,27.22,25.74,mean_of_source_observations,31.6,69,16.5,1003.8,63.0,75.0,71.0,69.66666666666667,71.57142857142857,76.0,1,5,0.6692903895412567,-0.7430009249440493
"Rabindra Bharati University, Kolkata - WBPCB",2025-05-21,76.0,26.99,75.28,20.64,8.67,0.8,32.72,37.09,mean_of_source_observations,31.9,70,14.8,1004.5,67.0,63.0,75.0,68.33333333333333,70.71428571428571,66.0,2,5,0.6564105761979381,-0.7544038410927472
"Rabindra Bharati University, Kolkata - WBPCB",2025-05-22,66.0,25.14,65.25,23.96,9.65,0.86,18.25,24.72,mean_of_source_observations,29.8,77,12.0,1003.9,76.0,67.0,63.0,68.66666666666667,71.0,83.0,3,5,0.6433365204044917,-0.765583517007675
"Rabindra Bharati University, Kolkata - WBPCB",2025-05-23,83.0,29.69,82.82,14.88,8.7,0.85,26.83,23.69,mean_of_source_observations,28.6,82,10.5,1002.4,66.0,76.0,67.0,69.66666666666667,70.85714285714286,65.0,4,5,0.6300720909843687,-0.7765366444428655
"Rabindra Bharati University, Kolkata - WBPCB",2025-05-24,65.0,24.57,63.89,18.27,10.02,0.88,23.33,30.46,mean_of_source_observations,29.4,79,7.4,1002.3,83.0,66.0,76.0,75.0,71.57142857142857,69.0,5,5,0.6166212130956382,-0.7872599821916922
"Rabindra Bharati University, Kolkata - WBPCB",2025-05-25,69.0,30.15,68.73,19.25,8.78,0.85,23.24,21.35,mean_of_source_observations,28.6,84,10.8,1003.1,65.0,83.0,66.0,71.33333333333333,70.71428571428571,75.0,6,5,0.6029878670694714,-0.7977503570459932
"Rabindra Bharati University, Kolkata - WBPCB",2025-05-26,75.0,28.05,74.31,18.99,7.85,0.83,23.14,27.32,mean_of_source_observations,27.9,88,10.6,1002.0,69.0,65.0,83.0,72.33333333333333,69.85714285714286,54.0,0,5,0.5891760872322963,-0.8080046647350754
"Rabindra Bharati University, Kolkata - WBPCB",2025-05-27,54.0,26.68,53.46,17.13,11.41,0.88,22.27,35.03,mean_of_source_observations,28.2,87,16.0,998.9,75.0,69.0,65.0,69.66666666666667,71.57142857142857,50.0,1,5,0.5751899607119775,-0.8180198708443175
"Rabindra Bharati University, Kolkata - WBPCB",2025-05-28,50.0,22.71,49.97,19.87,9.33,0.88,30.05,23.07,mean_of_source_observations,28.1,87,20.0,995.7,54.0,75.0,69.0,66.0,69.71428571428571,52.0,2,5,0.5610336262283677,-0.8277930117131022
"Rabindra Bharati University, Kolkata - WBPCB",2025-05-29,52.0,24.15,51.48,18.61,8.86,0.8,27.53,21.66,mean_of_source_observations,27.2,89,17.2,991.5,50.0,54.0,75.0,59.666666666666664,66.0,76.0,3,5,0.5467112728685939,-0.8373211953118121
"Rabindra Bharati University, Kolkata - WBPCB",2025-05-30,76.0,31.0,75.06,11.04,6.09,0.86,25.07,23.22,mean_of_source_observations,29.3,81,16.9,995.4,52.0,50.0,54.0,52.0,64.0,60.0,4,5,0.5322271388474397,-0.8466016020976267
"Rabindra Bharati University, Kolkata - WBPCB",2025-05-31,60.0,29.29,58.88,20.01,6.07,0.8,29.05,30.99,mean_of_source_observations,28.9,89,13.6,999.3,76.0,52.0,50.0,59.333333333333336,63.0,86.0,5,5,0.5175855102531889,-0.8556314858488706
"Rabindra Bharati University, Kolkata - WBPCB",2025-06-01,86.0,20.98,85.25,19.95,8.44,0.69,20.46,31.72,mean_of_source_observations,28.7,91,12.4,999.2,60.0,76.0,52.0,62.666666666666664,62.285714285714285,59.0,6,6,0.5027907197793043,-0.8644081744776648
"Rabindra Bharati University, Kolkata - WBPCB",2025-06-02,59.0,26.47,57.78,12.69,8.22,0.86,21.01,26.42,mean_of_source_observations,30.7,75,16.3,999.3,86.0,60.0,76.0,74.0,64.71428571428571,64.0,0,6,0.4878471454423119,-0.8729290708206411
"Rabindra Bharati University, Kolkata - WBPCB",2025-06-03,64.0,29.67,63.77,16.03,7.08,0.89,18.47,30.29,mean_of_source_observations,30.7,73,12.2,1001.1,59.0,86.0,60.0,68.33333333333333,62.42857142857143,76.0,1,6,0.47275920928627757,-0.881191653407483
"Rabindra Bharati University, Kolkata - WBPCB",2025-06-04,76.0,16.28,75.03,18.69,8.21,0.83,22.9,32.58,mean_of_source_observations,29.7,82,10.7,1003.4,64.0,59.0,86.0,69.66666666666667,63.857142857142854,79.0,2,6,0.4575313760742512,-0.8891934772070711
"Rabindra Bharati University, Kolkata - WBPCB",2025-06-05,79.0,27.93,78.58,14.71,10.38,0.74,25.49,33.87,mean_of_source_observations,28.9,86,8.1,1005.4,76.0,64.0,59.0,66.33333333333333,67.57142857142857,79.0,3,6,0.44216815196707204,-0.8969321743510065
"Rabindra Bharati University, Kolkata - WBPCB",2025-06-06,79.0,21.11,78.61,20.13,9.04,0.81,25.31,27.28,mean_of_source_observations,29.3,82,14.7,1005.7,79.0,76.0,64.0,73.0,71.42857142857143,71.0,4,6,0.42667408318992467,-0.9044054548343001
"Rabindra Bharati University, Kolkata - WBPCB",2025-06-07,71.0,27.47,70.79,25.59,6.29,0.73,25.45,20.62,mean_of_source_observations,30.1,77,7.0,1004.7,79.0,79.0,76.0,78.0,71.85714285714286,69.0,5,6,0.4110537546870351,-0.9116111071930239
"Rabindra Bharati University, Kolkata - WBPCB",2025-06-08,69.0,19.98,68.76,11.86,7.83,0.9,20.77,25.42,mean_of_source_observations,30.8,77,8.3,1003.1,71.0,79.0,79.0,76.33333333333333,73.42857142857143,65.0,6,6,0.3953117887649151,-0.9185469991587165
"Rabindra Bharati University, Kolkata - WBPCB",2025-06-09,65.0,14.07,64.61,9.18,6.79,0.74,27.41,26.7,mean_of_source_observations,31.3,71,10.6,1001.7,69.0,71.0,79.0,73.0,71.0,66.0,0,6,0.37945284372454435,-0.925211078289358
"Rabindra Bharati University, Kolkata - WBPCB",2025-06-10,66.0,14.76,65.8,16.35,7.42,0.87,25.72,27.24,mean_of_source_observations,31.6,70,11.8,1001.0,65.0,69.0,71.0,68.33333333333333,71.85714285714286,55.0,1,6,0.36348161248290634,-0.9316013725767187
"Rabindra Bharati University, Kolkata - WBPCB",2025-06-11,55.0,23.53,53.91,18.04,7.38,0.89,27.2,27.47,mean_of_source_observations,30.7,73,13.6,1001.7,66.0,65.0,69.0,66.66666666666667,72.14285714285714,52.0,2,6,0.3474028211842774,-0.9377159910299093
"Rabindra Bharati University, Kolkata - WBPCB",2025-06-12,52.0,24.41,51.21,13.82,7.28,0.79,19.32,31.71,mean_of_source_observations,31.3,69,11.8,1002.1,55.0,66.0,65.0,62.0,69.14285714285714,59.0,3,6,0.3312212278016865,-0.9435531242349544
"Rabindra Bharati University, Kolkata - WBPCB",2025-06-13,59.0,17.87,57.86,21.0,6.12,0.76,25.93,32.21,mean_of_source_observations,31.2,72,10.7,1002.3,52.0,55.0,66.0,57.666666666666664,65.28571428571429,57.0,4,6,0.31494162072895193,-0.9491110448902284
"Rabindra Bharati University, Kolkata - WBPCB",2025-06-14,57.0,25.95,56.04,8.83,7.81,0.86,21.44,27.52,mean_of_source_observations,31.2,72,13.7,1001.1,59.0,52.0,55.0,55.333333333333336,62.42857142857143,54.0,5,6,0.2985688173637202,-0.9543881083175908
"Rabindra Bharati University, Kolkata - WBPCB",2025-06-15,54.0,13.29,53.23,17.51,7.16,0.76,23.81,31.64,mean_of_source_observations,28.8,84,10.5,1000.1,57.0,59.0,52.0,56.0,60.42857142857143,64.0,6,6,0.2821076626819194,-0.9593827529490743
"Rabindra Bharati University, Kolkata - WBPCB",2025-06-16,64.0,21.66,62.81,11.81,3.61,0.83,26.6,29.24,mean_of_source_observations,28.3,87,11.9,998.9,54.0,57.0,59.0,56.666666666666664,58.285714285714285,65.0,0,6,0.26556302780405594,-0.9640935007889755
"Rabindra Bharati University, Kolkata - WBPCB",2025-06-17,65.0,15.25,64.7,21.76,11.08,0.78,25.27,28.29,mean_of_source_observations,26.9,94,14.8,997.8,64.0,54.0,57.0,58.333333333333336,58.142857142857146,58.0,1,6,0.24893980855376657,-0.9685189578512204
"Rabindra Bharati University, Kolkata - WBPCB",2025-06-18,58.0,18.05,56.88,22.85,9.63,0.72,22.45,31.02,mean_of_source_observations,26.9,91,19.4,996.4,65.0,64.0,54.0,61.0,58.0,69.0,2,6,0.23224292400907015,-0.9726578145718654
"Rabindra Bharati University, Kolkata - WBPCB",2025-06-19,69.0,21.61,68.55,10.84,7.44,0.71,25.02,28.31,mean_of_source_observations,27.4,83,26.6,997.9,58.0,65.0,64.0,62.333333333333336,58.42857142857143,46.0,3,6,0.21547731504673012,-0.976508846196619
"Rabindra Bharati University, Kolkata - WBPCB",2025-06-20,46.0,16.5,45.61,11.7,8.03,0.82,20.41,34.75,mean_of_source_observations,28.8,83,17.1,1000.3,69.0,58.0,65.0,64.0,60.857142857142854,54.0,4,6,0.19864794288017112,-0.9800709131432666
"Rabindra Bharati University, Kolkata - WBPCB",2025-06-21,54.0,18.86,53.5,17.71,6.24,0.79,28.45,23.42,mean_of_source_observations,29.8,81,13.4,1000.4,46.0,69.0,58.0,57.666666666666664,59.0,49.0,5,6,0.18175978759137534,-0.9833429613388902
"Rabindra Bharati University, Kolkata - WBPCB",2025-06-22,49.0,26.18,48.69,12.24,10.54,0.81,24.38,26.41,mean_of_source_observations,28.6,89,10.5,999.9,54.0,46.0,69.0,56.333333333333336,58.57142857142857,42.0,6,6,0.16481784665719793,-0.9863240225317866
"Rabindra Bharati University, Kolkata - WBPCB",2025-06-23,42.0,17.44,38.47,13.64,10.85,0.85,28.36,27.67,mean_of_source_observations,28.3,88,13.0,998.1,49.0,54.0,46.0,49.666666666666664,57.857142857142854,55.0,0,6,0.14782713347053048,-0.9890132145779883
"Rabindra Bharati University, Kolkata - WBPCB",2025-06-24,55.0,24.89,53.61,13.88,8.24,0.9,23.42,29.5,mean_of_source_observations,29.0,84,9.1,997.1,42.0,49.0,54.0,48.333333333333336,54.714285714285715,54.0,1,6,0.13079267585675922,-0.9914097417023038
"Rabindra Bharati University, Kolkata - WBPCB",2025-06-25,54.0,14.11,53.02,5.41,9.54,0.79,23.43,32.19,mean_of_source_observations,28.5,86,16.2,998.5,55.0,42.0,49.0,48.666666666666664,53.285714285714285,68.0,2,6,0.11371951458594969,-0.9935128947338007
"Rabindra Bharati University, Kolkata - WBPCB",2025-06-26,68.0,22.9,66.9,13.57,8.26,0.81,22.71,28.0,mean_of_source_observations,28.5,84,16.7,1000.0,54.0,55.0,42.0,50.333333333333336,52.714285714285715,60.0,3,6,0.0966127018812031,-0.9953220513156602
"Rabindra Bharati University, Kolkata - WBPCB",2025-06-27,60.0,27.67,59.04,10.59,5.99,0.88,27.63,23.47,mean_of_source_observations,27.8,88,13.3,1000.3,68.0,54.0,55.0,59.0,52.57142857142857,45.0,4,6,0.07947729992362097,-0.9968366760893436
"Rabindra Bharati University, Kolkata - WBPCB",2025-06-28,45.0,8.0,44.51,11.38,7.38,0.71,22.87,30.81,mean_of_source_observations,27.6,89,9.7,998.1,60.0,68.0,54.0,60.666666666666664,54.57142857142857,70.0,5,6,0.062318379354325076,-0.998056320853012
"Rabindra Bharati University, Kolkata - WBPCB",2025-06-29,70.0,15.29,69.17,19.69,8.2,0.82,26.93,30.53,mean_of_source_observations,27.5,90,7.8,995.3,45.0,60.0,68.0,57.666666666666664,53.285714285714285,64.0,6,6,0.04514101777397193,-0.9989806246941579
"Rabindra Bharati University, Kolkata - WBPCB",2025-06-30,64.0,22.57,63.49,7.97,7.32,0.86,23.85,21.79,mean_of_source_observations,27.8,88,14.7,995.5,70.0,45.0,60.0,58.333333333333336,56.285714285714285,59.0,0,6,0.02795029824021032,-0.999609314096404
"Rabindra Bharati University, Kolkata - WBPCB",2025-07-01,59.0,18.23,57.78,16.86,7.67,0.85,19.07,28.07,mean_of_source_observations,28.2,86,13.8,997.4,64.0,70.0,45.0,59.666666666666664,59.42857142857143,52.0,1,7,0.01075130776352193,-0.9999422030204416
"Rabindra Bharati University, Kolkata - WBPCB",2025-07-02,52.0,21.21,50.62,12.09,7.86,0.72,23.29,22.93,mean_of_source_observations,28.0,88,11.2,998.3,59.0,64.0,70.0,64.33333333333333,60.0,44.0,2,7,-0.00645086419810515,-0.9999791929590823
"Rabindra Bharati University, Kolkata - WBPCB",2025-07-03,44.0,15.84,44.12,12.05,7.88,0.77,21.46,25.93,mean_of_source_observations,28.0,89,11.5,999.1,52.0,59.0,64.0,58.333333333333336,59.714285714285715,49.0,3,7,-0.023651127245231586,-0.9997202729664083
"Rabindra Bharati University, Kolkata - WBPCB",2025-07-04,49.0,19.46,49.04,16.63,8.08,0.77,25.1,25.15,mean_of_source_observations,27.6,90,13.0,999.3,44.0,52.0,59.0,51.666666666666664,56.285714285714285,62.0,4,7,-0.04084439154329611,-0.9991655196610109
"Rabindra Bharati University, Kolkata - WBPCB",2025-07-05,62.0,18.06,61.51,14.64,6.41,0.82,21.43,30.7,mean_of_source_observations,27.7,89,10.0,997.9,49.0,44.0,52.0,48.333333333333336,54.714285714285715,69.0,5,7,-0.05802556932878035,-0.9983150972033183
"Rabindra Bharati University, Kolkata - WBPCB",2025-07-06,69.0,25.12,68.26,15.6,6.92,0.87,27.78,28.46,mean_of_source_observations,27.1,89,8.9,996.5,62.0,49.0,44.0,51.666666666666664,57.142857142857146,66.0,6,7,-0.07518957641475855,-0.9971692572470178
"Rabindra Bharati University, Kolkata - WBPCB",2025-07-07,66.0,20.1,65.19,17.29,6.07,0.9,24.73,23.91,mean_of_source_observations,26.6,93,12.7,996.3,69.0,62.0,49.0,60.0,57.0,48.0,0,7,-0.09233133369539122,-0.9957283388645872
"Rabindra Bharati University, Kolkata - WBPCB",2025-07-08,48.0,20.48,47.52,11.65,9.47,0.8,24.47,30.93,mean_of_source_observations,26.0,94,11.4,996.6,66.0,69.0,62.0,65.66666666666667,57.285714285714285,42.0,1,7,-0.10944576864891556,-0.993992768446958
"Rabindra Bharati University, Kolkata - WBPCB",2025-07-09,42.0,16.37,41.97,10.41,4.84,0.78,26.97,23.43,mean_of_source_observations,27.0,88,16.8,998.5,48.0,66.0,69.0,61.0,55.714285714285715,54.0,2,7,-0.12652781683868314,-0.9919630595773397
"Rabindra Bharati University, Kolkata - WBPCB",2025-07-10,54.0,15.9,52.78,8.34,9.73,0.87,27.89,29.15,mean_of_source_observations,27.8,87,13.9,999.9,42.0,48.0,66.0,52.0,54.285714285714285,42.0,3,7,-0.1435724234118113,-0.9896398128792412
"Rabindra Bharati University, Kolkata - WBPCB",2025-07-11,42.0,16.15,36.21,9.44,10.08,0.83,24.94,25.44,mean_of_source_observations,28.4,86,9.7,999.9,54.0,42.0,48.0,48.0,55.714285714285715,55.0,4,7,-0.16057454459499376,-0.9870237158387383
"Rabindra Bharati University, Kolkata - WBPCB",2025-07-12,55.0,20.58,54.22,25.73,7.55,0.89,22.69,26.9,mean_of_source_observations,28.8,88,13.1,1000.2,42.0,54.0,42.0,46.0,54.714285714285715,51.0,5,7,-0.17752914918703497,-0.984115542601034
"Rabindra Bharati University, Kolkata - WBPCB",2025-07-13,51.0,16.14,50.1,18.36,4.1,0.83,19.68,29.71,mean_of_source_observations,28.5,88,11.5,1000.4,55.0,42.0,54.0,50.333333333333336,53.714285714285715,47.0,6,7,-0.19443122004766195,-0.9809161537413774
"Rabindra Bharati University, Kolkata - WBPCB",2025-07-14,47.0,19.95,47.31,7.13,7.46,0.76,22.94,29.77,mean_of_source_observations,26.3,94,22.9,998.9,51.0,55.0,42.0,49.333333333333336,51.142857142857146,49.0,0,7,-0.2112757555821793,-0.9774264960104055
"Rabindra Bharati University, Kolkata - WBPCB",2025-07-15,49.0,29.58,37.54,7.25,7.9,0.78,23.15,32.41,mean_of_source_observations,27.6,89,13.9,1000.0,47.0,51.0,55.0,51.0,48.42857142857143,57.0,1,7,-0.2280577712215198,-0.9736476020539838
"Rabindra Bharati University, Kolkata - WBPCB",2025-07-16,57.0,23.07,55.74,15.04,6.48,0.75,25.32,27.81,mean_of_source_observations,28.4,87,14.2,1002.5,49.0,47.0,51.0,49.0,48.57142857142857,47.0,2,7,-0.24477230089725957,-0.9695805901076308
"Rabindra Bharati University, Kolkata - WBPCB",2025-07-17,47.0,16.6,46.7,15.32,7.23,0.85,23.96,29.07,mean_of_source_observations,29.4,82,13.9,1003.9,57.0,49.0,47.0,51.0,50.714285714285715,45.0,3,7,-0.2614143985111562,-0.965226663665613
"Rabindra Bharati University, Kolkata - WBPCB",2025-07-18,45.0,24.85,41.2,15.33,10.3,0.9,27.06,26.66,mean_of_source_observations,29.0,86,8.7,1003.0,47.0,57.0,49.0,51.0,49.714285714285715,46.0,4,7,-0.2779791393987801,-0.9605871111248129
"Rabindra Bharati University, Kolkata - WBPCB",2025-07-19,46.0,16.18,26.52,11.87,9.0,0.91,23.16,28.67,mean_of_source_observations,29.9,81,11.6,999.5,45.0,47.0,57.0,49.666666666666664,50.142857142857146,52.0,5,7,-0.2944616217868012,-0.9556633054034704
"Rabindra Bharati University, Kolkata - WBPCB",2025-07-20,52.0,8.0,51.13,12.44,6.61,0.83,24.83,29.5,mean_of_source_observations,29.7,83,8.8,999.4,46.0,45.0,47.0,46.0,48.857142857142854,67.0,6,7,-0.3108569682435036,-0.9504567035349151
"Rabindra Bharati University, Kolkata - WBPCB",2025-07-21,67.0,12.99,66.73,14.41,5.6,0.86,28.55,27.76,mean_of_source_observations,29.1,84,9.8,1000.4,52.0,46.0,45.0,47.666666666666664,49.0,67.0,0,7,-0.3271603271220951,-0.9449688462364056
"Rabindra Bharati University, Kolkata - WBPCB",2025-07-22,67.0,8.37,65.83,13.38,7.51,0.75,26.03,22.24,mean_of_source_observations,29.8,81,11.1,998.9,67.0,52.0,46.0,55.0,51.857142857142854,48.0,1,7,-0.34336687399638804,-0.939201357453208
"Rabindra Bharati University, Kolkata - WBPCB",2025-07-23,48.0,16.62,47.59,5.0,7.68,0.75,24.82,29.15,mean_of_source_observations,30.7,76,11.3,995.6,67.0,67.0,52.0,62.0,54.42857142857143,46.0,2,7,-0.3594718130884232,-0.9331559438780432
"Rabindra Bharati University, Kolkata - WBPCB",2025-07-24,46.0,18.68,46.42,12.05,8.74,0.86,23.19,29.26,mean_of_source_observations,29.9,83,10.8,993.2,48.0,67.0,67.0,60.666666666666664,53.142857142857146,57.0,3,7,-0.3754703786876202,-0.9268343944460494
"Rabindra Bharati University, Kolkata - WBPCB",2025-07-25,57.0,27.69,55.77,9.39,7.2,0.87,23.1,25.88,mean_of_source_observations,27.7,90,19.9,991.0,46.0,48.0,67.0,53.666666666666664,53.0,43.0,4,7,-0.3913578365610259,-0.9202385798054075
"Rabindra Bharati University, Kolkata - WBPCB",2025-07-26,43.0,20.48,43.2,13.86,8.77,0.83,22.45,23.92,mean_of_source_observations,28.3,86,19.5,996.7,57.0,46.0,48.0,50.333333333333336,54.714285714285715,55.0,5,7,-0.4071294853542516,-0.9133704517637858
"Rabindra Bharati University, Kolkata - WBPCB",2025-07-27,55.0,17.61,54.55,26.03,10.9,0.84,23.38,32.86,mean_of_source_observations,29.3,84,10.4,997.8,43.0,57.0,46.0,48.666666666666664,54.285714285714285,60.0,6,7,-0.4227806579826773,-0.9062320427107697
"Rabindra Bharati University, Kolkata - WBPCB",2025-07-28,60.0,23.35,58.69,14.75,9.22,0.85,27.27,29.67,mean_of_source_observations,28.3,88,9.6,998.3,55.0,43.0,57.0,51.666666666666664,54.714285714285715,64.0,0,7,-0.4383067230125192,-0.898825465016444
"Rabindra Bharati University, Kolkata - WBPCB",2025-07-29,64.0,8.0,62.81,11.85,7.93,0.85,24.33,27.34,mean_of_source_observations,27.4,92,11.9,998.9,60.0,55.0,43.0,52.666666666666664,53.714285714285715,52.0,1,7,-0.45370308603134424,-0.8911529104063088
"Rabindra Bharati University, Kolkata - WBPCB",2025-07-30,52.0,20.34,51.5,17.23,7.73,0.89,20.95,24.4,mean_of_source_observations,27.1,91,13.4,999.4,64.0,60.0,55.0,59.666666666666664,53.285714285714285,52.0,2,7,-0.46896519100763184,-0.8832166493127127
"Rabindra Bharati University, Kolkata - WBPCB",2025-07-31,52.0,23.34,50.77,15.37,7.46,0.86,30.3,25.42,mean_of_source_observations,27.4,92,10.8,1000.0,52.0,64.0,60.0,58.666666666666664,53.857142857142854,45.0,3,7,-0.48408852163897587,-0.8750190302029955
"Rabindra Bharati University, Kolkata - WBPCB",2025-08-01,45.0,11.31,45.12,15.15,9.77,0.84,25.96,32.3,mean_of_source_observations,28.6,88,11.1,1000.3,52.0,52.0,64.0,56.0,54.714285714285715,46.0,4,8,-0.4990686026885319,-0.8665624788845385
"Rabindra Bharati University, Kolkata - WBPCB",2025-08-02,46.0,25.6,45.75,16.01,7.06,0.87,20.78,28.53,mean_of_source_observations,28.9,88,11.8,1001.4,45.0,52.0,52.0,49.666666666666664,53.0,52.0,5,8,-0.5139010013093103,-0.8578494977869301
"Rabindra Bharati University, Kolkata - WBPCB",2025-08-03,52.0,21.38,51.14,22.32,8.07,0.8,23.67,26.3,mean_of_source_observations,29.0,87,17.8,1004.1,46.0,45.0,52.0,47.666666666666664,53.42857142857143,57.0,6,8,-0.5285813283559292,-0.8488826652214553
"Rabindra Bharati University, Kolkata - WBPCB",2025-08-04,57.0,17.46,56.48,8.61,8.08,0.86,25.33,29.73,mean_of_source_observations,29.0,86,12.6,1005.3,52.0,46.0,45.0,47.666666666666664,53.0,62.0,0,8,-0.5431052396834317,-0.8396646346181327
"Rabindra Bharati University, Kolkata - WBPCB",2025-08-05,62.0,23.26,61.42,15.6,7.25,0.76,30.11,25.44,mean_of_source_observations,28.4,89,15.4,1005.5,57.0,52.0,46.0,51.666666666666664,52.57142857142857,55.0,1,8,-0.5574684374327892,-0.8301981337405212
"Rabindra Bharati University, Kolkata - WBPCB",2025-08-06,55.0,32.26,46.82,9.61,5.94,0.92,21.68,32.94,mean_of_source_observations,27.5,89,9.0,1004.3,62.0,57.0,52.0,57.0,52.285714285714285,68.0,2,8,-0.5716666713027052,-0.8204859638785327
"Rabindra Bharati University, Kolkata - WBPCB",2025-08-07,68.0,21.15,66.9,16.08,8.48,0.76,27.93,32.46,mean_of_source_observations,27.3,91,11.0,1003.4,55.0,62.0,57.0,58.0,52.714285714285715,53.0,3,8,-0.5856957398073508,-0.8105309990194823
"Rabindra Bharati University, Kolkata - WBPCB",2025-08-08,53.0,21.68,51.92,9.78,7.91,0.84,29.2,26.57,mean_of_source_observations,27.3,87,11.9,1005.8,68.0,55.0,62.0,61.666666666666664,55.0,55.0,4,8,-0.5995514915196489,-0.8003361849976323
"Rabindra Bharati University, Kolkata - WBPCB",2025-08-09,55.0,18.03,54.35,12.02,8.75,0.77,23.11,26.04,mean_of_source_observations,27.9,84,15.3,1007.4,53.0,68.0,55.0,58.666666666666664,56.142857142857146,48.0,5,8,-0.6132298262997502,-0.7899045386224707
"Rabindra Bharati University, Kolkata - WBPCB",2025-08-10,48.0,16.11,48.35,12.62,7.2,0.84,24.17,19.6,mean_of_source_observations,29.6,79,14.4,1005.4,55.0,53.0,68.0,58.666666666666664,57.42857142857143,42.0,6,8,-0.6267266965083301,-0.7792391467859886
"Rabindra Bharati University, Kolkata - WBPCB",2025-08-11,42.0,25.38,34.15,18.19,9.83,0.84,21.89,23.28,mean_of_source_observations,29.2,85,9.3,1003.8,48.0,55.0,53.0,52.0,56.857142857142854,64.0,0,8,-0.6400381082043503,-0.7683431655492202
"Rabindra Bharati University, Kolkata - WBPCB",2025-08-12,64.0,16.47,63.04,18.02,6.68,0.73,24.39,23.74,mean_of_source_observations,29.7,83,9.5,1001.9,42.0,48.0,55.0,48.333333333333336,54.714285714285715,63.0,1,8,-0.65316012232693,-0.7572198192083127
"Rabindra Bharati University, Kolkata - WBPCB",2025-08-13,63.0,21.69,62.07,8.75,10.57,0.85,24.89,28.52,mean_of_source_observations,28.2,87,9.5,1003.4,64.0,42.0,48.0,51.333333333333336,55.0,55.0,2,8,-0.666088855860977,-0.7458723993404063
"Rabindra Bharati University, Kolkata - WBPCB",2025-08-14,55.0,18.93,53.6,14.46,5.38,0.79,26.98,27.02,mean_of_source_observations,27.8,87,14.3,1003.9,63.0,64.0,42.0,56.333333333333336,56.142857142857146,58.0,3,8,-0.6788204829862355,-0.734304263829602
"Rabindra Bharati University, Kolkata - WBPCB",2025-08-15,58.0,24.32,56.94,11.24,8.65,0.89,28.27,23.72,mean_of_source_observations,28.1,86,12.2,1002.1,55.0,63.0,64.0,60.666666666666664,54.285714285714285,62.0,4,8,-0.6913512362094071,-0.722518835873311
"Rabindra Bharati University, Kolkata - WBPCB",2025-08-16,62.0,23.76,61.16,8.96,8.71,0.84,22.76,27.17,mean_of_source_observations,28.8,84,9.5,1001.0,58.0,55.0,63.0,58.666666666666664,55.0,46.0,5,8,-0.7036774074790128,-0.7105196029692745
"Rabindra Bharati University, Kolkata - WBPCB",2025-08-17,46.0,27.8,43.56,13.56,6.81,0.87,19.1,29.72,mean_of_source_observations,28.8,83,13.7,1001.9,62.0,58.0,55.0,58.333333333333336,56.0,54.0,6,8,-0.7157953492826642,-0.6983101158835584
"Rabindra Bharati University, Kolkata - WBPCB",2025-08-18,54.0,19.69,52.85,13.26,8.64,0.77,24.94,29.79,mean_of_source_observations,28.2,84,17.8,1003.0,46.0,62.0,58.0,55.333333333333336,55.714285714285715,65.0,0,8,-0.7277014757264236,-0.6858939875998223
"Rabindra Bharati University, Kolkata - WBPCB",2025-08-19,65.0,21.23,64.66,25.18,9.92,0.8,25.88,21.93,mean_of_source_observations,27.7,86,19.1,1002.4,54.0,46.0,62.0,54.0,57.42857142857143,47.0,1,8,-0.7393922635959241,-0.673274892250183
"Rabindra Bharati University, Kolkata - WBPCB",2025-08-20,47.0,17.66,47.34,16.66,4.67,0.79,25.75,27.66,mean_of_source_observations,27.8,86,17.1,1003.0,65.0,54.0,46.0,55.0,57.57142857142857,62.0,2,8,-0.7508642533989489,-0.6604565640279754
"Rabindra Bharati University, Kolkata - WBPCB",2025-08-21,62.0,20.81,61.11,8.95,8.75,0.87,24.02,23.6,mean_of_source_observations,26.7,93,13.3,1003.5,47.0,65.0,54.0,55.333333333333336,55.285714285714285,47.0,3,8,-0.7621140503891487,-0.6474427960827475
"Rabindra Bharati University, Kolkata - WBPCB",2025-08-22,47.0,25.51,47.25,12.57,4.26,0.93,25.37,31.0,mean_of_source_observations,26.5,92,13.3,1000.8,62.0,47.0,65.0,58.0,56.285714285714285,64.0,4,8,-0.7731383255706026,-0.6342374393978054
"Rabindra Bharati University, Kolkata - WBPCB",2025-08-23,64.0,27.84,63.42,19.53,6.55,0.81,29.55,30.62,mean_of_source_observations,26.5,90,13.9,1000.1,47.0,62.0,47.0,52.0,54.714285714285715,60.0,5,8,-0.7839338166829201,-0.620844401650647
"Rabindra Bharati University, Kolkata - WBPCB",2025-08-24,60.0,19.05,59.5,24.25,10.44,0.88,26.15,25.17,mean_of_source_observations,27.4,86,17.8,1002.7,64.0,47.0,62.0,57.666666666666664,55.0,48.0,6,8,-0.7944973291665992,-0.6072676460566135
"Rabindra Bharati University, Kolkata - WBPCB",2025-08-26,,,,7.34,6.24,0.8,23.5,26.59,mean_of_source_observations,28.7,83,10.3,1003.4,48.0,60.0,64.0,57.333333333333336,56.142857142857146,56.0,1,8,-0.8149159841660791,-0.5795791048257612
"Rabindra Bharati University, Kolkata - WBPCB",2025-09-03,71.0,26.88,70.52,20.48,6.14,0.86,26.35,24.83,mean_of_source_observations,27.0,88,21.9,1002.1,68.0,65.0,55.0,62.666666666666664,63.142857142857146,67.0,2,9,-0.886721063082993,-0.46230483047981086
"Rabindra Bharati University, Kolkata - WBPCB",2025-09-04,67.0,29.04,66.58,12.25,11.14,0.89,25.25,24.25,mean_of_source_observations,27.5,88,15.2,1004.0,71.0,68.0,65.0,68.0,65.28571428571429,63.0,3,9,-0.8945422369764496,-0.4469834295196741
"Rabindra Bharati University, Kolkata - WBPCB",2025-09-05,63.0,21.8,62.41,17.14,10.39,0.83,25.11,31.31,mean_of_source_observations,28.2,86,11.2,1005.4,67.0,71.0,68.0,68.66666666666667,66.28571428571429,70.0,4,9,-0.9020987014301837,-0.43152975897147144
"Rabindra Bharati University, Kolkata - WBPCB",2025-09-06,70.0,41.44,58.96,12.91,9.02,0.83,17.85,25.82,mean_of_source_observations,28.9,84,8.5,1006.4,63.0,67.0,71.0,67.0,66.0,68.0,5,9,-0.9093882203647925,-0.4159483918249421
"Rabindra Bharati University, Kolkata - WBPCB",2025-09-07,68.0,29.29,67.4,18.16,6.78,0.91,27.24,28.48,mean_of_source_observations,29.1,80,10.8,1005.6,70.0,63.0,67.0,66.66666666666667,65.57142857142857,59.0,6,9,-0.9164086366943458,-0.4002439388573056
"Rabindra Bharati University, Kolkata - WBPCB",2025-09-08,59.0,29.55,57.94,13.33,7.93,0.82,25.4,26.85,mean_of_source_observations,29.2,80,7.7,1005.4,68.0,70.0,63.0,67.0,67.42857142857143,56.0,0,9,-0.9231578729647039,-0.38442104726885545
"Rabindra Bharati University, Kolkata - WBPCB",2025-09-09,56.0,33.25,42.52,15.59,7.76,0.82,26.29,23.97,mean_of_source_observations,29.7,78,11.0,1006.0,59.0,68.0,70.0,65.66666666666667,66.57142857142857,73.0,1,9,-0.9296339319682695,-0.3684843993077793
"Rabindra Bharati University, Kolkata - WBPCB",2025-09-10,73.0,32.31,72.1,13.2,8.5,0.86,22.87,27.53,mean_of_source_observations,30.4,76,11.2,1005.2,56.0,59.0,68.0,61.0,64.85714285714286,77.0,2,9,-0.9358348973349941,-0.35243871088460327
"Rabindra Bharati University, Kolkata - WBPCB",2025-09-11,77.0,31.3,76.71,20.47,10.18,0.81,23.85,30.02,mean_of_source_observations,29.5,81,16.2,1005.1,73.0,56.0,59.0,62.666666666666664,65.14285714285714,49.0,3,9,-0.9417589340994617,-0.33628873017668287
"Rabindra Bharati University, Kolkata - WBPCB",2025-09-12,49.0,26.21,49.06,21.52,9.32,0.82,23.77,24.17,mean_of_source_observations,28.3,86,15.3,1006.3,77.0,73.0,56.0,68.66666666666667,66.57142857142857,62.0,4,9,-0.9474042892438845,-0.32003923622313857
"Rabindra Bharati University, Kolkata - WBPCB",2025-09-13,62.0,33.41,61.34,16.95,6.38,0.89,28.06,30.7,mean_of_source_observations,28.0,86,13.9,1007.2,49.0,77.0,73.0,66.33333333333333,64.57142857142857,76.0,5,9,-0.9527692922168511,-0.30369503751065885
"Rabindra Bharati University, Kolkata - WBPCB",2025-09-14,76.0,41.42,76.0,18.29,10.06,0.91,23.86,25.33,mean_of_source_observations,27.8,88,14.1,1007.3,62.0,49.0,77.0,62.666666666666664,63.42857142857143,89.0,6,9,-0.9578523554276669,-0.28726097055059635
"Rabindra Bharati University, Kolkata - WBPCB",2025-09-15,89.0,38.92,89.03,12.02,8.47,0.84,31.25,26.52,mean_of_source_observations,26.3,92,11.0,1006.5,76.0,62.0,49.0,62.333333333333336,64.57142857142857,73.0,0,9,-0.9626519747161487,-0.2707418984477642
"Rabindra Bharati University, Kolkata - WBPCB",2025-09-16,73.0,40.66,72.03,17.15,9.03,0.87,26.29,29.8,mean_of_source_observations,26.9,89,14.0,1006.7,89.0,76.0,62.0,75.66666666666667,68.85714285714286,67.0,1,9,-0.9671667297977312,-0.2541427094613622
"Rabindra Bharati University, Kolkata - WBPCB",2025-09-17,67.0,29.71,66.17,18.39,10.2,0.91,21.17,25.93,mean_of_source_observations,27.6,87,13.6,1006.8,73.0,89.0,76.0,79.33333333333333,71.28571428571429,72.0,2,9,-0.97139528468375,-0.23746831555846842
"Rabindra Bharati University, Kolkata - WBPCB",2025-09-18,72.0,27.53,71.5,30.09,6.33,0.88,24.61,28.2,mean_of_source_observations,28.8,84,10.4,1006.1,67.0,73.0,89.0,76.33333333333333,70.42857142857143,86.0,3,9,-0.9753363880767837,-0.2207236509605022
"Rabindra Bharati University, Kolkata - WBPCB",2025-09-19,86.0,32.61,85.58,14.13,7.95,0.98,23.04,27.06,mean_of_source_observations,28.5,89,7.8,1006.0,72.0,67.0,73.0,70.66666666666667,69.71428571428571,69.0,4,9,-0.9789888737409319,-0.20391367068311472
"Rabindra Bharati University, Kolkata - WBPCB",2025-09-20,69.0,34.01,68.74,25.42,7.2,0.93,18.42,28.5,mean_of_source_observations,29.0,88,5.5,1004.5,86.0,72.0,67.0,75.0,75.0,69.0,5,9,-0.9823516608469237,-0.18704334906991657
"Rabindra Bharati University, Kolkata - WBPCB",2025-09-21,69.0,40.04,68.05,23.57,5.65,0.95,29.8,20.37,mean_of_source_observations,28.9,87,8.3,1003.3,69.0,86.0,72.0,75.66666666666667,76.0,72.0,6,9,-0.9854237542919524,-0.17011767832049052
"Rabindra Bharati University, Kolkata - WBPCB",2025-09-22,72.0,25.41,71.42,20.65,8.52,0.77,27.11,22.15,mean_of_source_observations,27.6,90,6.4,1003.5,69.0,69.0,86.0,74.66666666666667,75.0,73.0,0,9,-0.9882042449941422,-0.15314166701312007
"Rabindra Bharati University, Kolkata - WBPCB",2025-09-23,73.0,43.24,67.99,27.21,11.77,0.94,26.6,30.08,mean_of_source_observations,27.0,89,12.5,1002.5,72.0,69.0,69.0,70.0,72.57142857142857,78.0,1,9,-0.9906923101615609,-0.13612033862266704
"Rabindra Bharati University, Kolkata - WBPCB",2025-09-24,78.0,34.56,77.94,21.39,5.24,0.87,25.5,31.44,mean_of_source_observations,27.8,89,9.9,1001.1,73.0,72.0,69.0,71.33333333333333,72.57142857142857,92.0,2,9,-0.9928872135356962,-0.11905873003404988
"Rabindra Bharati University, Kolkata - WBPCB",2025-09-25,92.0,33.54,91.56,21.63,7.95,0.84,20.85,25.13,mean_of_source_observations,28.6,85,8.0,1001.1,78.0,73.0,72.0,74.33333333333333,74.14285714285714,81.0,3,9,-0.994788305609327,-0.10196189005174576
"Rabindra Bharati University, Kolkata - WBPCB",2025-09-26,81.0,30.81,80.97,19.9,8.96,0.87,23.55,27.29,mean_of_source_observations,28.0,87,21.0,1002.5,92.0,78.0,73.0,81.0,77.0,77.0,4,9,-0.9963950238187231,-0.08483487790576538
"Rabindra Bharati University, Kolkata - WBPCB",2025-09-27,77.0,27.78,76.66,25.59,8.18,0.9,27.53,29.03,mean_of_source_observations,27.9,86,20.1,1006.5,81.0,92.0,78.0,83.66666666666667,76.28571428571429,77.0,5,9,-0.9977068927101168,-0.06768276175455162
"Rabindra Bharati University, Kolkata - WBPCB",2025-09-28,77.0,41.61,76.98,25.22,7.83,0.92,21.85,30.33,mean_of_source_observations,28.0,87,7.6,1006.6,77.0,81.0,92.0,83.33333333333333,77.42857142857143,67.0,6,9,-0.9987235240803972,-0.050510617185222886
"Rabindra Bharati University, Kolkata - WBPCB",2025-09-29,67.0,38.0,66.66,17.95,6.05,0.84,17.4,21.51,mean_of_source_observations,29.4,81,7.0,1004.5,77.0,77.0,81.0,78.33333333333333,78.57142857142857,89.0,0,9,-0.9994446170919858,-0.033323525711631344
"Rabindra Bharati University, Kolkata - WBPCB",2025-09-30,89.0,31.08,88.47,15.14,8.35,0.9,24.32,25.21,mean_of_source_observations,29.3,84,7.5,1002.4,67.0,77.0,77.0,73.66666666666667,77.85714285714286,81.0,1,9,-0.9998699583618592,-0.016126573270657762
"Rabindra Bharati University, Kolkata - WBPCB",2025-10-01,81.0,31.5,80.83,20.14,6.86,0.83,24.57,27.0,mean_of_source_observations,28.6,84,12.1,1003.3,89.0,67.0,77.0,77.66666666666667,80.14285714285714,81.0,2,10,-0.9999994220246925,0.001075151282798226
"Rabindra Bharati University, Kolkata - WBPCB",2025-10-02,81.0,37.14,80.62,17.74,4.72,0.89,25.41,30.36,mean_of_source_observations,26.4,92,15.2,1006.4,81.0,89.0,67.0,79.0,80.57142857142857,108.0,3,10,-0.999832969770105,0.018276557681691223
"Rabindra Bharati University, Kolkata - WBPCB",2025-10-03,108.0,48.41,110.45,21.1,9.79,0.9,27.19,36.17,mean_of_source_observations,27.4,88,17.1,1008.3,81.0,81.0,89.0,83.66666666666667,79.0,86.0,4,10,-0.9993706508539969,0.03547255575312556
"Rabindra Bharati University, Kolkata - WBPCB",2025-10-04,86.0,38.45,86.12,26.9,9.44,0.87,26.91,27.34,mean_of_source_observations,28.0,86,18.4,1008.2,108.0,81.0,81.0,90.0,82.85714285714286,78.0,5,10,-0.9986126020839734,0.052658056924614005
"Rabindra Bharati University, Kolkata - WBPCB",2025-10-05,78.0,32.19,77.73,19.76,8.08,0.91,25.78,23.52,mean_of_source_observations,26.8,90,15.4,1008.2,86.0,108.0,81.0,91.66666666666667,84.14285714285714,82.0,6,10,-0.9975590477788613,0.06982797572987089
"Rabindra Bharati University, Kolkata - WBPCB",2025-10-06,82.0,39.44,81.23,21.74,8.34,0.83,28.59,29.38,mean_of_source_observations,26.8,89,10.5,1008.9,78.0,86.0,108.0,90.66666666666667,84.28571428571429,96.0,0,10,-0.9962102997023297,0.0869772313136861
"Rabindra Bharati University, Kolkata - WBPCB",2025-10-07,96.0,39.75,95.52,22.36,9.61,1.0,20.44,32.36,mean_of_source_observations,27.8,86,6.1,1008.9,82.0,78.0,86.0,82.0,86.42857142857143,88.0,1,10,-0.9945667569706337,0.1041007489354256
"Rabindra Bharati University, Kolkata - WBPCB",2025-10-08,88.0,27.12,87.27,25.96,8.34,0.75,26.51,28.43,mean_of_source_observations,27.1,88,9.9,1009.3,96.0,82.0,78.0,85.33333333333333,87.42857142857143,75.0,2,10,-0.9926289059345095,0.121193461470736
"Rabindra Bharati University, Kolkata - WBPCB",2025-10-09,75.0,41.85,74.55,12.77,9.36,0.86,26.88,25.14,mean_of_source_observations,27.6,87,6.8,1009.7,88.0,96.0,82.0,88.66666666666667,88.42857142857143,96.0,3,10,-0.9903973200352558,0.1382503109109819
"Rabindra Bharati University, Kolkata - WBPCB",2025-10-10,96.0,41.36,95.61,20.04,7.55,0.92,21.28,31.18,mean_of_source_observations,27.4,86,8.1,1009.0,75.0,88.0,96.0,86.33333333333333,87.57142857142857,83.0,4,10,-0.9878726596350429,0.15526624985999563
"Rabindra Bharati University, Kolkata - WBPCB",2025-10-11,83.0,46.83,82.59,23.76,9.97,0.95,20.49,30.23,mean_of_source_observations,27.3,85,10.9,1009.0,96.0,75.0,88.0,86.33333333333333,85.85714285714286,104.0,5,10,-0.9850556718215013,0.172236243027682
"Rabindra Bharati University, Kolkata - WBPCB",2025-10-12,104.0,53.52,105.24,28.21,8.48,0.93,22.76,24.76,mean_of_source_observations,27.9,78,7.6,1009.6,83.0,96.0,75.0,84.66666666666667,85.42857142857143,99.0,6,10,-0.981947190186646,0.18915526872004093
"Rabindra Bharati University, Kolkata - WBPCB",2025-10-13,99.0,50.08,99.09,21.09,8.29,0.92,23.02,29.32,mean_of_source_observations,27.8,74,9.7,1010.4,104.0,83.0,96.0,94.33333333333333,89.14285714285714,87.0,0,10,-0.9785481345802031,0.20601832032517084
"Rabindra Bharati University, Kolkata - WBPCB",2025-10-14,87.0,43.01,86.59,15.29,6.09,0.92,27.26,31.31,mean_of_source_observations,28.0,70,11.4,1009.4,99.0,104.0,83.0,95.33333333333333,91.57142857142857,102.0,1,10,-0.9748595108374125,0.22282040779479959
"Rabindra Bharati University, Kolkata - WBPCB",2025-10-15,102.0,38.95,102.21,26.26,8.43,0.87,23.16,31.91,mean_of_source_observations,28.4,64,12.3,1009.1,87.0,99.0,104.0,96.66666666666667,90.28571428571429,99.0,2,10,-0.9708824104813836,0.23955655912092708
"Rabindra Bharati University, Kolkata - WBPCB",2025-10-16,99.0,59.29,92.43,21.03,6.75,1.03,22.43,27.86,mean_of_source_observations,28.4,63,9.0,1009.5,102.0,87.0,99.0,96.0,92.28571428571429,100.0,3,10,-0.9666180104000972,0.2562218218071163
"Rabindra Bharati University, Kolkata - WBPCB",2025-10-17,100.0,46.17,99.91,18.82,7.04,0.96,23.17,26.92,mean_of_source_observations,29.3,63,9.5,1010.8,99.0,102.0,87.0,96.0,95.71428571428571,97.0,4,10,-0.9620675724981452,0.27281126433401914
"Rabindra Bharati University, Kolkata - WBPCB",2025-10-18,97.0,46.39,97.42,21.45,6.78,0.96,28.36,32.06,mean_of_source_observations,29.5,64,7.1,1010.4,100.0,99.0,102.0,100.33333333333333,96.28571428571429,87.0,5,10,-0.957232443323312,0.28931997761869527
"Rabindra Bharati University, Kolkata - WBPCB",2025-10-19,87.0,46.65,86.62,23.53,6.4,0.86,25.04,24.16,mean_of_source_observations,30.4,64,9.0,1009.5,97.0,100.0,99.0,98.66666666666667,98.28571428571429,89.0,6,10,-0.9521140536681102,0.3057430764672831
"Rabindra Bharati University, Kolkata - WBPCB",2025-10-20,89.0,48.32,89.07,21.9,11.19,0.91,24.46,29.5,mean_of_source_observations,30.8,60,11.5,1009.8,87.0,97.0,100.0,94.66666666666667,95.85714285714286,104.0,0,10,-0.9467139181463862,0.3220757010206104
"Rabindra Bharati University, Kolkata - WBPCB",2025-10-21,104.0,46.93,104.22,15.17,10.0,0.9,24.67,23.64,mean_of_source_observations,30.2,58,10.6,1010.7,89.0,87.0,97.0,91.0,94.42857142857143,93.0,1,10,-0.9410336347451197,0.3383130181923076
"Rabindra Bharati University, Kolkata - WBPCB",2025-10-22,93.0,45.07,93.12,28.76,10.88,0.85,28.88,31.53,mean_of_source_observations,29.9,58,10.5,1011.0,104.0,89.0,87.0,93.33333333333333,96.85714285714286,93.0,2,10,-0.9350748843515574,0.3544502230989869
"Rabindra Bharati University, Kolkata - WBPCB",2025-10-23,93.0,45.68,93.22,30.58,6.17,0.93,22.75,27.24,mean_of_source_observations,30.2,56,8.3,1010.5,93.0,104.0,89.0,95.33333333333333,95.57142857142857,89.0,3,10,-0.9288394302558068,0.3704825404820963
"Rabindra Bharati University, Kolkata - WBPCB",2025-10-24,89.0,48.92,89.15,28.07,8.11,0.89,28.95,32.19,mean_of_source_observations,30.3,53,8.6,1010.4,93.0,93.0,104.0,96.66666666666667,94.71428571428571,102.0,4,10,-0.9223291176290545,0.3864052261209853
"Rabindra Bharati University, Kolkata - WBPCB",2025-10-25,102.0,46.62,101.75,20.52,6.06,0.95,25.63,29.67,mean_of_source_observations,29.5,68,8.3,1010.5,89.0,93.0,93.0,91.66666666666667,93.14285714285714,112.0,5,10,-0.9155458729775467,0.40221356823680365
"Rabindra Bharati University, Kolkata - WBPCB",2025-10-26,112.0,46.16,116.6,24.75,6.96,0.85,24.52,24.12,mean_of_source_observations,29.8,69,4.6,1010.8,102.0,89.0,93.0,94.66666666666667,93.85714285714286,90.0,6,10,-0.9084917035725082,0.41790288888678667
"Rabindra Bharati University, Kolkata - WBPCB",2025-10-27,90.0,51.04,90.24,25.77,6.62,1.02,32.5,32.7,mean_of_source_observations,30.3,65,7.4,1011.2,112.0,102.0,89.0,101.0,97.42857142857143,101.0,0,10,-0.9011686968561569,0.4334685453485363
"Rabindra Bharati University, Kolkata - WBPCB",2025-10-28,101.0,49.55,100.35,28.57,9.86,0.87,21.83,33.11,mean_of_source_observations,29.9,69,11.4,1010.8,90.0,112.0,102.0,101.33333333333333,97.57142857142857,110.0,1,10,-0.8935790198239952,0.4489059314938798
"Rabindra Bharati University, Kolkata - WBPCB",2025-10-29,110.0,59.5,113.03,29.05,7.41,0.97,23.94,30.94,mean_of_source_observations,26.6,89,12.0,1010.5,101.0,90.0,112.0,101.0,97.14285714285714,102.0,2,10,-0.8857249183835637,0.4642104791518923
"Rabindra Bharati University, Kolkata - WBPCB",2025-10-30,102.0,37.51,100.81,23.18,9.6,0.93,21.3,25.61,mean_of_source_observations,26.8,88,10.3,1010.8,110.0,101.0,90.0,100.33333333333333,99.57142857142857,105.0,3,10,-0.8776087166898392,0.4793776594606945
"Rabindra Bharati University, Kolkata - WBPCB",2025-10-31,105.0,58.17,106.09,26.88,8.91,0.92,27.86,27.09,mean_of_source_observations,27.9,82,12.3,1009.6,102.0,110.0,101.0,104.33333333333333,100.85714285714286,99.0,4,10,-0.8692328164574792,0.49440298420761813
"Rabindra Bharati University, Kolkata - WBPCB",2025-11-01,99.0,59.45,93.67,28.68,11.46,1.0,30.07,28.55,mean_of_source_observations,27.3,87,9.9,1008.5,105.0,102.0,110.0,105.66666666666667,103.14285714285714,106.0,5,11,-0.8605996962501181,0.5092820071573356
"Rabindra Bharati University, Kolkata - WBPCB",2025-11-02,106.0,41.98,107.22,33.17,5.78,0.83,30.01,25.8,mean_of_source_observations,26.3,81,13.2,1008.9,99.0,105.0,102.0,102.0,102.71428571428571,103.0,6,11,-0.8517119107469189,0.5240103253675756
"Rabindra Bharati University, Kolkata - WBPCB",2025-11-03,103.0,51.76,102.57,30.11,9.89,1.01,28.67,33.56,mean_of_source_observations,25.8,73,11.0,1008.8,106.0,99.0,105.0,103.33333333333333,101.85714285714286,110.0,0,11,-0.8425720899866032,0.5385835804920232
"Rabindra Bharati University, Kolkata - WBPCB",2025-11-04,110.0,52.05,113.36,30.65,9.72,0.93,24.41,28.55,mean_of_source_observations,25.2,68,10.8,1008.2,103.0,106.0,99.0,102.66666666666667,103.71428571428571,111.0,1,11,-0.8331829385891785,0.5529974600700271
"Rabindra Bharati University, Kolkata - WBPCB",2025-11-05,111.0,46.89,115.76,27.78,6.54,0.88,23.9,19.32,mean_of_source_observations,25.4,73,9.5,1007.2,110.0,103.0,106.0,106.33333333333333,105.0,120.0,2,11,-0.8235472349556007,0.5672476988027229
"Rabindra Bharati University, Kolkata - WBPCB",2025-11-06,120.0,50.73,128.53,33.68,9.51,0.91,19.99,29.18,mean_of_source_observations,26.5,74,6.8,1008.8,111.0,110.0,103.0,108.0,105.14285714285714,109.0,3,11,-0.8136678304455991,0.5813300798152042
"Rabindra Bharati University, Kolkata - WBPCB",2025-11-07,109.0,49.37,111.81,29.53,8.5,0.97,31.11,26.95,mean_of_source_observations,27.1,67,12.4,1010.9,120.0,111.0,110.0,113.66666666666667,107.71428571428571,118.0,4,11,-0.8035476485339116,0.5952404359043674
"Rabindra Bharati University, Kolkata - WBPCB",2025-11-08,118.0,65.26,110.26,24.21,7.66,0.94,26.41,27.84,mean_of_source_observations,25.6,56,12.3,1012.2,109.0,120.0,111.0,113.33333333333333,108.28571428571429,107.0,5,11,-0.7931896839451843,0.6089746507720486
"Rabindra Bharati University, Kolkata - WBPCB",2025-11-09,107.0,61.27,109.77,34.17,6.76,0.92,23.52,26.89,mean_of_source_observations,24.4,57,9.3,1011.3,118.0,109.0,120.0,115.66666666666667,111.0,113.0,6,11,-0.7825970017677834,0.6225286602431057
"Rabindra Bharati University, Kolkata - WBPCB",2025-11-11,,,,26.53,11.07,0.9,22.08,31.71,mean_of_source_observations,24.4,53,8.1,1012.6,113.0,107.0,118.0,112.66666666666667,112.57142857142857,106.0,1,11,-0.7607200913564104,0.6490800741100398
"Rabindra Bharati University, Kolkata - WBPCB",2025-11-19,115.0,64.13,95.86,30.56,8.05,0.96,24.91,33.07,mean_of_source_observations,25.1,57,7.1,1014.5,109.0,117.0,116.0,114.0,110.85714285714286,111.0,2,11,-0.6644834655228552,0.7473029667054297
"Rabindra Bharati University, Kolkata - WBPCB",2025-11-20,111.0,63.07,109.52,33.95,8.17,1.03,27.33,32.15,mean_of_source_observations,25.4,52,10.2,1015.6,115.0,109.0,117.0,113.66666666666667,112.14285714285714,119.0,3,11,-0.6515303615068021,0.75862255966641
"Rabindra Bharati University, Kolkata - WBPCB",2025-11-21,119.0,59.11,126.55,25.58,7.73,1.01,21.86,25.86,mean_of_source_observations,25.3,56,7.7,1016.6,111.0,115.0,109.0,111.66666666666667,112.42857142857143,126.0,4,11,-0.6383844591746642,0.769717664006921
"Rabindra Bharati University, Kolkata - WBPCB",2025-11-22,126.0,67.69,115.71,31.91,8.59,1.03,24.92,30.74,mean_of_source_observations,24.5,59,10.0,1015.5,119.0,111.0,115.0,115.0,112.85714285714286,106.0,5,11,-0.6250496486104377,0.7805849965070866
"Rabindra Bharati University, Kolkata - WBPCB",2025-11-23,106.0,55.96,107.83,38.15,9.04,0.92,23.13,25.0,mean_of_source_observations,24.5,60,7.9,1015.8,126.0,119.0,111.0,118.66666666666667,116.14285714285714,119.0,6,11,-0.6115298757991053,0.7912213413483807
"Rabindra Bharati University, Kolkata - WBPCB",2025-11-24,119.0,65.49,112.65,29.54,9.1,0.92,27.24,30.33,mean_of_source_observations,23.9,56,13.0,1016.3,106.0,126.0,119.0,117.0,114.71428571428571,120.0,0,11,-0.5978291414589552,0.801623551065242
"Rabindra Bharati University, Kolkata - WBPCB",2025-11-25,120.0,65.73,124.82,26.97,6.52,0.94,25.09,26.41,mean_of_source_observations,22.7,53,9.7,1015.5,119.0,106.0,126.0,117.0,115.0,116.0,1,11,-0.5839514998576998,0.8117885474764613
"Rabindra Bharati University, Kolkata - WBPCB",2025-11-26,116.0,61.21,122.81,27.95,7.57,0.97,27.07,24.76,mean_of_source_observations,22.4,55,9.2,1016.2,120.0,119.0,106.0,115.0,116.57142857142857,118.0,2,11,-0.5699010576127624,0.821713322596059
"Rabindra Bharati University, Kolkata - WBPCB",2025-11-27,118.0,65.0,116.55,26.2,9.79,1.0,28.26,28.99,mean_of_source_observations,23.5,59,6.9,1016.2,116.0,120.0,119.0,118.33333333333333,116.71428571428571,112.0,3,11,-0.5556819724760489,0.8313949395234058
"Rabindra Bharati University, Kolkata - WBPCB",2025-11-28,112.0,56.83,115.96,27.66,9.34,0.83,27.07,19.41,mean_of_source_observations,23.7,60,7.7,1015.0,118.0,116.0,120.0,118.0,117.71428571428571,130.0,4,11,-0.5412984521036173,0.8408305333122887
"Rabindra Bharati University, Kolkata - WBPCB",2025-11-29,130.0,68.91,116.26,29.58,5.94,0.99,25.82,22.41,mean_of_source_observations,23.7,59,9.1,1013.7,112.0,118.0,116.0,115.33333333333333,116.71428571428571,112.0,5,11,-0.5267547528105542,0.8500173118187018
"Rabindra Bharati University, Kolkata - WBPCB",2025-11-30,112.0,63.26,112.17,25.25,8.53,0.98,22.01,27.5,mean_of_source_observations,23.6,57,8.0,1013.7,130.0,112.0,118.0,120.0,117.28571428571429,124.0,6,11,-0.5120551783114646,0.8589525565270845
"Rabindra Bharati University, Kolkata - WBPCB",2025-12-01,124.0,61.76,134.59,31.52,5.03,0.95,24.99,28.35,mean_of_source_observations,23.8,60,9.2,1013.8,112.0,130.0,112.0,118.0,118.14285714285714,136.0,0,12,-0.4972040784469378,0.8676336233547726
"Rabindra Bharati University, Kolkata - WBPCB",2025-12-02,136.0,70.57,118.34,35.48,8.07,1.06,23.4,26.88,mean_of_source_observations,23.9,59,6.5,1013.9,124.0,112.0,130.0,122.0,118.85714285714286,122.0,1,12,-0.4822058478963526,0.8760579434344281
"Rabindra Bharati University, Kolkata - WBPCB",2025-12-03,122.0,61.42,132.11,27.78,10.85,0.99,23.97,22.96,mean_of_source_observations,23.1,59,9.3,1015.5,136.0,124.0,112.0,124.0,121.14285714285714,124.0,2,12,-0.46706492487743034,0.8842230238742036
"Rabindra Bharati University, Kolkata - WBPCB",2025-12-04,124.0,57.93,135.21,38.39,6.58,1.02,23.88,25.43,mean_of_source_observations,21.9,58,10.3,1016.5,122.0,136.0,124.0,127.33333333333333,122.0,122.0,3,12,-0.451785789832884,0.8921264484954345
"Rabindra Bharati University, Kolkata - WBPCB",2025-12-05,122.0,57.44,131.15,34.16,6.75,0.94,22.06,29.35,mean_of_source_observations,21.7,54,10.9,1017.6,124.0,122.0,136.0,127.33333333333333,122.85714285714286,132.0,4,12,-0.4363729641045924,0.8997658785476209
"Rabindra Bharati University, Kolkata - WBPCB",2025-12-06,132.0,69.41,119.24,36.53,9.15,1.04,19.13,29.96,mean_of_source_observations,20.5,53,8.9,1017.3,122.0,124.0,122.0,122.66666666666667,124.28571428571429,119.0,5,12,-0.42083100859565564,0.9071390534005044
"Rabindra Bharati University, Kolkata - WBPCB",2025-12-07,119.0,59.52,126.9,29.35,5.69,1.05,23.0,28.03,mean_of_source_observations,20.7,59,8.4,1016.9,132.0,122.0,124.0,126.0,124.57142857142857,154.0,6,12,-0.4051645224207563,0.9142437912130223
"Rabindra Bharati University, Kolkata - WBPCB",2025-12-08,154.0,76.2,123.64,36.0,7.05,1.08,25.58,31.83,mean_of_source_observations,21.2,55,8.0,1015.9,119.0,132.0,122.0,124.33333333333333,125.57142857142857,112.0,0,12,-0.3893781415452015,0.9210779895789526
"Rabindra Bharati University, Kolkata - WBPCB",2025-12-09,112.0,55.76,116.46,27.7,8.89,0.89,20.96,29.37,mean_of_source_observations,21.5,61,8.5,1015.6,154.0,119.0,132.0,135.0,129.85714285714286,155.0,1,12,-0.37347653741307074,0.9276396261490467
"Rabindra Bharati University, Kolkata - WBPCB",2025-12-10,155.0,76.44,127.48,36.37,7.05,1.0,25.05,25.66,mean_of_source_observations,21.7,63,7.8,1016.3,112.0,154.0,119.0,128.33333333333334,126.42857142857143,130.0,2,12,-0.3574644155648614,0.9339267592294762
"Rabindra Bharati University, Kolkata - WBPCB",2025-12-11,130.0,68.69,114.89,33.38,7.65,0.97,30.7,27.17,mean_of_source_observations,21.3,58,7.5,1015.2,155.0,112.0,154.0,140.33333333333334,131.14285714285714,125.0,3,12,-0.34134651424503615,0.9399375283564133
"Rabindra Bharati University, Kolkata - WBPCB",2025-12-12,125.0,67.29,135.73,35.13,9.12,1.01,28.07,23.53,mean_of_source_observations,21.7,58,7.6,1014.6,130.0,155.0,112.0,132.33333333333334,132.0,118.0,4,12,-0.3251276029999093,0.9456701548465688
"Rabindra Bharati University, Kolkata - WBPCB",2025-12-13,118.0,65.12,121.84,27.76,8.63,1.01,29.93,27.73,mean_of_source_observations,21.8,61,6.8,1015.2,125.0,130.0,155.0,136.66666666666666,132.42857142857142,136.0,5,12,-0.30881248126625377,0.9511229423235357
"Rabindra Bharati University, Kolkata - WBPCB",2025-12-14,136.0,70.47,127.96,29.07,8.4,0.95,26.17,31.68,mean_of_source_observations,22.8,60,7.6,1015.8,118.0,125.0,130.0,124.33333333333333,130.42857142857142,129.0,6,12,-0.29240597695107734,0.9562942772197719
"Rabindra Bharati University, Kolkata - WBPCB",2025-12-15,129.0,68.35,129.04,35.62,7.49,0.99,28.5,30.3,mean_of_source_observations,22.4,61,8.9,1015.8,136.0,118.0,125.0,126.33333333333333,132.85714285714286,150.0,0,12,-0.27591294500296043,0.9611826292540837
"Rabindra Bharati University, Kolkata - WBPCB",2025-12-16,150.0,74.74,124.7,29.03,8.56,0.9,22.83,32.62,mean_of_source_observations,21.4,60,7.9,1015.4,129.0,136.0,118.0,127.66666666666667,129.28571428571428,133.0,1,12,-0.2593382659754056,0.9657865518844574
"Rabindra Bharati University, Kolkata - WBPCB",2025-12-17,133.0,69.63,132.35,35.22,7.81,1.07,23.07,27.1,mean_of_source_observations,21.5,61,10.1,1016.1,150.0,129.0,136.0,138.33333333333334,134.71428571428572,134.0,2,12,-0.2426868445825954,0.9701046827361175
"Rabindra Bharati University, Kolkata - WBPCB",2025-12-18,134.0,70.05,123.51,27.4,8.69,0.96,16.78,32.44,mean_of_source_observations,22.1,62,7.7,1015.5,133.0,150.0,129.0,137.33333333333334,131.57142857142858,126.0,3,12,-0.22596360824801906,0.974135744004672
"Rabindra Bharati University, Kolkata - WBPCB",2025-12-19,126.0,67.48,135.46,37.06,7.25,0.99,28.56,27.45,mean_of_source_observations,22.4,61,8.7,1014.0,134.0,133.0,150.0,139.0,132.14285714285714,132.0,4,12,-0.20917350564635637,0.9778785428342386
"Rabindra Bharati University, Kolkata - WBPCB",2025-12-20,132.0,69.35,116.61,28.15,7.73,0.97,29.62,32.85,mean_of_source_observations,20.7,70,8.5,1014.1,126.0,134.0,133.0,131.0,132.28571428571428,139.0,5,12,-0.19232150523909483,0.9813319716704275
"Rabindra Bharati University, Kolkata - WBPCB",2025-12-21,139.0,71.51,129.63,35.94,6.52,1.06,23.34,28.01,mean_of_source_observations,20.6,70,7.7,1015.7,132.0,126.0,134.0,130.66666666666666,134.28571428571428,131.0,6,12,-0.17541259380427843,0.9844950085880858
"Rabindra Bharati University, Kolkata - WBPCB",2025-12-22,131.0,60.81,145.58,36.34,7.95,0.81,24.24,30.37,mean_of_source_observations,20.7,69,8.5,1014.9,139.0,132.0,126.0,132.33333333333334,134.71428571428572,115.0,0,12,-0.15845177496083632,0.9873667175937016
"Rabindra Bharati University, Kolkata - WBPCB",2025-12-23,115.0,62.95,120.46,30.7,6.78,0.97,22.74,32.86,mean_of_source_observations,20.4,65,8.9,1014.0,131.0,139.0,132.0,134.0,135.0,149.0,1,12,-0.14144406768794202,0.9899462489023779
"Rabindra Bharati University, Kolkata - WBPCB",2025-12-24,149.0,74.42,123.51,36.29,6.33,1.0,26.15,27.45,mean_of_source_observations,19.9,65,9.3,1014.4,115.0,131.0,139.0,128.33333333333334,130.0,139.0,2,12,-0.12439450483979998,0.9922328391893008
"Rabindra Bharati University, Kolkata - WBPCB",2025-12-25,139.0,71.5,134.06,34.97,8.39,0.97,28.37,28.79,mean_of_source_observations,18.5,65,12.5,1015.7,149.0,115.0,131.0,131.66666666666666,132.28571428571428,133.0,3,12,-0.10730813165636247,0.9942258118156161
"Rabindra Bharati University, Kolkata - WBPCB",2025-12-26,133.0,69.74,131.42,31.58,8.32,1.08,19.77,32.26,mean_of_source_observations,18.0,65,7.9,1015.3,139.0,149.0,115.0,134.33333333333334,133.0,137.0,4,12,-0.09019000427034513,0.9959245770286599
"Rabindra Bharati University, Kolkata - WBPCB",2025-12-27,137.0,70.99,133.13,29.62,9.17,0.95,26.23,27.65,mean_of_source_observations,18.6,69,10.3,1015.3,133.0,139.0,149.0,140.33333333333334,134.0,144.0,5,12,-0.07304518821104743,0.9973286321364752
"Rabindra Bharati University, Kolkata - WBPCB",2025-12-28,144.0,72.92,134.55,25.55,7.35,1.04,24.17,23.8,mean_of_source_observations,18.2,69,9.6,1016.2,137.0,133.0,139.0,136.33333333333334,134.71428571428572,128.0,6,12,-0.05587875690537313,0.9984375616565666
"Rabindra Bharati University, Kolkata - WBPCB",2025-12-29,128.0,68.27,136.01,35.6,8.61,1.01,25.34,35.02,mean_of_source_observations,17.3,69,9.1,1016.2,144.0,137.0,133.0,138.0,135.42857142857142,128.0,0,12,-0.03869579017652689,0.9992510374388481
"Rabindra Bharati University, Kolkata - WBPCB",2025-12-30,128.0,67.11,140.32,27.38,8.83,1.05,26.38,26.56,mean_of_source_observations,16.3,71,8.7,1015.0,128.0,144.0,137.0,136.33333333333334,135.0,142.0,1,12,-0.021501372740813793,0.999768818762748
"Rabindra Bharati University, Kolkata - WBPCB",2025-12-31,142.0,72.49,134.46,34.6,8.67,0.96,24.44,28.59,mean_of_source_observations,16.9,69,8.9,1013.6,128.0,128.0,144.0,133.33333333333334,136.85714285714286,122.0,2,12,-0.004300592702981974,0.9999907524084426
"Rabindra Bharati University, Kolkata - WBPCB",2026-01-01,122.0,66.3,129.05,33.11,6.76,0.94,24.69,31.83,mean_of_source_observations,18.4,66,8.2,1014.0,142.0,128.0,128.0,132.66666666666666,135.85714285714286,147.0,3,1,0.017201575418260506,0.9998520419557735
"Rabindra Bharati University, Kolkata - WBPCB",2026-01-02,147.0,73.89,137.1,37.22,8.22,1.06,24.36,26.11,mean_of_source_observations,19.6,63,9.2,1015.3,122.0,142.0,128.0,130.66666666666666,133.42857142857142,133.0,4,1,0.03439806061360801,0.9994082116062598
"Rabindra Bharati University, Kolkata - WBPCB",2026-01-03,133.0,62.59,147.86,33.03,8.55,0.99,27.91,24.81,mean_of_source_observations,19.5,64,9.8,1016.9,147.0,122.0,142.0,137.0,135.42857142857142,159.0,5,1,0.051584366869408364,0.9986686402879997
"Rabindra Bharati University, Kolkata - WBPCB",2026-01-04,159.0,77.44,130.43,32.94,8.01,0.93,26.26,28.9,mean_of_source_observations,18.8,69,10.3,1018.2,133.0,147.0,122.0,134.0,134.85714285714286,149.0,6,1,0.06875540848113941,0.9976335468520451
"Rabindra Bharati University, Kolkata - WBPCB",2026-01-05,149.0,74.51,123.28,37.56,4.87,0.98,25.66,22.27,mean_of_source_observations,16.4,69,10.5,1019.2,159.0,133.0,147.0,146.33333333333334,137.0,145.0,0,1,0.08590610426133272,0.9963032375991965
"Rabindra Bharati University, Kolkata - WBPCB",2026-01-06,145.0,73.42,141.38,35.88,8.24,1.02,21.19,27.15,mean_of_source_observations,15.6,72,10.8,1019.3,149.0,159.0,133.0,147.0,140.0,158.0,1,1,0.10303137904317879,0.9946781061893646
"Rabindra Bharati University, Kolkata - WBPCB",2026-01-07,158.0,77.41,130.88,35.82,11.32,1.06,23.86,28.87,mean_of_source_observations,17.0,67,8.4,1019.5,145.0,149.0,159.0,151.0,142.42857142857142,171.0,2,1,0.1201261651823505,0.9927586335250793
"Rabindra Bharati University, Kolkata - WBPCB",2026-01-08,171.0,81.16,113.23,36.51,7.46,0.99,27.7,27.21,mean_of_source_observations,17.2,63,10.7,1019.6,158.0,145.0,149.0,150.66666666666666,144.71428571428572,159.0,3,1,0.13718540405660057,0.9905453876091833
"Rabindra Bharati University, Kolkata - WBPCB",2026-01-09,159.0,77.69,139.41,27.87,6.91,0.86,25.11,23.08,mean_of_source_observations,17.4,62,10.7,1018.2,171.0,158.0,145.0,158.0,151.71428571428572,119.0,4,1,0.1542040475626894,0.988039023376751
"Rabindra Bharati University, Kolkata - WBPCB",2026-01-10,119.0,62.32,127.53,37.79,8.56,0.99,26.98,33.25,mean_of_source_observations,17.2,63,9.9,1017.5,159.0,171.0,158.0,162.66666666666666,153.42857142857142,122.0,5,1,0.17117705961019986,0.985240282501282
"Rabindra Bharati University, Kolkata - WBPCB",2026-01-11,122.0,65.39,131.42,37.18,8.47,0.91,30.3,28.42,mean_of_source_observations,19.0,54,12.3,1018.5,119.0,159.0,171.0,149.66666666666666,151.42857142857142,131.0,6,1,0.18809941761179758,0.9821499931752291
"Rabindra Bharati University, Kolkata - WBPCB",2026-01-12,131.0,68.95,135.11,30.15,9.79,0.88,28.12,32.72,mean_of_source_observations,18.8,57,10.8,1019.2,122.0,119.0,159.0,133.33333333333334,146.14285714285714,142.0,0,1,0.20496611396949532,0.9787690698649216
"Rabindra Bharati University, Kolkata - WBPCB",2026-01-13,142.0,72.48,133.92,33.5,6.11,0.85,25.28,27.24,mean_of_source_observations,18.8,56,9.6,1017.5,131.0,122.0,119.0,124.0,143.57142857142858,151.0,1,1,0.22177215755648186,0.975098513039961
"Rabindra Bharati University, Kolkata - WBPCB",2026-01-14,151.0,75.15,138.42,34.39,9.1,1.05,23.47,25.23,mean_of_source_observations,18.5,56,9.9,1015.3,142.0,131.0,122.0,131.66666666666666,143.14285714285714,129.0,2,1,0.23851257519407648,0.9711394088771653
"Rabindra Bharati University, Kolkata - WBPCB",2026-01-15,129.0,68.44,128.54,33.98,8.89,0.99,17.34,28.95,mean_of_source_observations,18.2,57,9.8,1015.0,151.0,142.0,131.0,141.33333333333334,142.14285714285714,145.0,3,1,0.2551824131233728,0.9668929289391521
"Rabindra Bharati University, Kolkata - WBPCB",2026-01-16,145.0,73.36,136.73,36.0,7.79,0.99,24.49,27.38,mean_of_source_observations,18.4,54,8.6,1014.8,129.0,151.0,142.0,140.66666666666666,136.14285714285714,128.0,4,1,0.2717767384711357,0.9623603298276545
"Rabindra Bharati University, Kolkata - WBPCB",2026-01-17,128.0,68.26,130.03,40.74,8.51,1.06,24.02,24.26,mean_of_source_observations,19.2,56,7.7,1013.3,145.0,129.0,151.0,141.66666666666666,134.14285714285714,131.0,5,1,0.2882906407095177,0.9575429528116719
"Rabindra Bharati University, Kolkata - WBPCB",2026-01-18,131.0,69.02,138.63,39.22,9.54,1.02,26.17,32.84,mean_of_source_observations,20.3,56,8.9,1012.5,128.0,145.0,129.0,134.0,135.42857142857142,126.0,6,1,0.3047192331091634,0.9524422234305676
"Rabindra Bharati University, Kolkata - WBPCB",2026-01-19,126.0,64.7,137.52,28.87,9.31,1.06,24.54,26.06,mean_of_source_observations,21.2,55,7.3,1013.3,131.0,128.0,145.0,134.66666666666666,136.71428571428572,125.0,0,1,0.321057654185271,0.9470596510722283
"Rabindra Bharati University, Kolkata - WBPCB",2026-01-20,125.0,67.27,124.07,37.21,6.29,0.91,24.04,22.12,mean_of_source_observations,22.4,53,9.6,1014.2,126.0,131.0,128.0,128.33333333333334,136.0,128.0,1,1,0.3373010691361842,0.9413968285264122
"Rabindra Bharati University, Kolkata - WBPCB",2026-01-21,128.0,64.92,141.47,40.24,9.23,0.97,19.66,32.38,mean_of_source_observations,22.9,55,9.3,1015.4,125.0,126.0,131.0,127.33333333333333,133.57142857142858,124.0,2,1,0.3534446712740877,0.9354554315134164
"Rabindra Bharati University, Kolkata - WBPCB",2026-01-22,124.0,66.89,127.38,36.15,7.9,0.89,22.18,26.45,mean_of_source_observations,21.9,49,9.7,1016.7,128.0,125.0,126.0,126.33333333333333,130.28571428571428,160.0,3,1,0.3694836834473831,0.9292372181882051
"Rabindra Bharati University, Kolkata - WBPCB",2026-01-23,160.0,77.79,138.9,39.17,8.11,1.01,26.43,26.11,mean_of_source_observations,21.1,55,9.2,1017.9,124.0,128.0,125.0,125.66666666666667,129.57142857142858,124.0,4,1,0.38541335945432564,0.9227440286201427
"Rabindra Bharati University, Kolkata - WBPCB",2026-01-24,124.0,66.91,134.99,43.12,8.11,0.97,30.15,22.36,mean_of_source_observations,21.6,52,10.5,1017.8,160.0,124.0,128.0,137.33333333333334,131.71428571428572,187.0,5,1,0.4012289854475009,0.9159777842484877
"Rabindra Bharati University, Kolkata - WBPCB",2026-01-25,187.0,86.18,147.58,38.82,7.77,1.08,24.71,33.72,mean_of_source_observations,22.2,52,10.2,1016.4,124.0,160.0,124.0,136.0,131.14285714285714,149.0,6,1,0.4169258813287287,0.908940487313808
"Rabindra Bharati University, Kolkata - WBPCB",2026-01-26,149.0,74.54,129.65,35.44,9.79,1.01,25.98,23.9,mean_of_source_observations,22.9,54,12.0,1017.9,187.0,124.0,160.0,157.0,139.14285714285714,143.0,0,1,0.4324994021339788,0.901634220265486
"Rabindra Bharati University, Kolkata - WBPCB",2026-01-27,143.0,72.78,128.42,38.85,7.87,1.04,27.86,28.27,mean_of_source_observations,22.3,58,11.9,1018.2,149.0,187.0,124.0,153.33333333333334,142.42857142857142,124.0,1,1,0.44794493940789115,0.8940611451454876
"Rabindra Bharati University, Kolkata - WBPCB",2026-01-28,124.0,67.05,131.12,34.92,6.32,1.02,22.57,31.04,mean_of_source_observations,22.5,54,10.7,1016.5,143.0,149.0,187.0,159.66666666666666,145.0,152.0,2,1,0.4632579225674917,0.88622350294858
"Rabindra Bharati University, Kolkata - WBPCB",2026-01-29,152.0,75.36,128.51,34.35,7.41,1.13,26.1,29.45,mean_of_source_observations,23.4,54,10.5,1016.1,124.0,143.0,149.0,138.66666666666666,144.42857142857142,129.0,3,1,0.4784338202547012,0.8781236129591848
"Rabindra Bharati University, Kolkata - WBPCB",2026-01-30,129.0,68.36,137.87,32.68,8.27,0.97,22.78,27.89,mean_of_source_observations,22.8,59,8.5,1017.6,152.0,124.0,143.0,139.66666666666666,148.42857142857142,141.0,4,1,0.49346814167723735,0.8697638720650646
"Rabindra Bharati University, Kolkata - WBPCB",2026-01-31,141.0,72.0,116.81,40.91,9.84,0.95,27.59,22.57,mean_of_source_observations,22.2,62,11.1,1018.0,129.0,152.0,124.0,135.0,144.0,184.0,5,1,0.5083564379375122,0.8611467540480452
"Rabindra Bharati University, Kolkata - WBPCB",2026-02-01,184.0,85.04,121.48,30.57,8.9,1.06,25.45,25.46,mean_of_source_observations,21.8,55,9.9,1017.8,141.0,129.0,152.0,140.66666666666666,146.42857142857142,136.0,6,2,0.5230943033491326,0.8522748088519838
"Rabindra Bharati University, Kolkata - WBPCB",2026-02-02,136.0,70.56,121.15,40.67,6.72,0.95,25.9,28.69,mean_of_source_observations,21.8,50,8.0,1017.3,184.0,141.0,129.0,151.33333333333334,146.0,158.0,0,2,0.5376773767406141,0.8431506618282
"Rabindra Bharati University, Kolkata - WBPCB",2026-02-03,158.0,77.14,138.37,36.15,11.73,1.1,22.65,25.53,mean_of_source_observations,22.4,54,9.8,1017.9,136.0,184.0,141.0,153.66666666666666,144.14285714285714,131.0,1,2,0.5521013427459208,0.8337770129585915
"Rabindra Bharati University, Kolkata - WBPCB",2026-02-04,131.0,66.98,144.71,27.88,8.4,0.97,27.12,28.74,mean_of_source_observations,23.2,56,8.6,1017.8,158.0,136.0,184.0,159.33333333333334,146.28571428571428,135.0,2,2,0.5663619330814524,0.8241566360566663
"Rabindra Bharati University, Kolkata - WBPCB",2026-02-05,135.0,70.43,128.78,35.45,9.91,0.96,31.25,30.29,mean_of_source_observations,23.4,51,10.6,1017.6,131.0,158.0,136.0,141.66666666666666,147.28571428571428,167.0,3,2,0.580454927809098,0.8142923779467267
"Rabindra Bharati University, Kolkata - WBPCB",2026-02-06,167.0,80.01,127.98,24.72,7.77,1.0,21.98,31.2,mean_of_source_observations,22.1,49,12.2,1017.0,135.0,131.0,158.0,141.33333333333334,144.85714285714286,124.0,4,2,0.5943761565849831,0.804187157621448
"Rabindra Bharati University, Kolkata - WBPCB",2026-02-07,124.0,66.89,129.78,36.43,8.8,1.02,23.98,24.11,mean_of_source_observations,21.0,52,10.5,1015.4,167.0,135.0,131.0,144.33333333333334,150.28571428571428,167.0,5,2,0.6081214998935418,0.7938439653781019
"Rabindra Bharati University, Kolkata - WBPCB",2026-02-08,167.0,79.88,138.94,37.48,9.26,1.02,25.69,35.2,mean_of_source_observations,21.9,53,9.8,1014.6,124.0,167.0,135.0,142.0,147.85714285714286,146.0,6,2,0.6216868902665479,0.7832658619336791
"Rabindra Bharati University, Kolkata - WBPCB",2026-02-09,146.0,73.72,120.6,31.02,9.83,0.97,27.36,30.57,mean_of_source_observations,22.3,52,11.8,1014.5,167.0,124.0,167.0,152.66666666666666,145.42857142857142,123.0,0,2,0.6350683134867438,0.7724559775191742
"Rabindra Bharati University, Kolkata - WBPCB",2026-02-10,123.0,66.67,130.38,34.03,9.59,1.07,23.32,28.07,mean_of_source_observations,22.5,48,9.4,1015.6,146.0,167.0,124.0,145.66666666666666,146.85714285714286,144.0,1,2,0.6482618097757122,0.7614175109532997
"Rabindra Bharati University, Kolkata - WBPCB",2026-02-11,144.0,72.91,136.44,41.86,9.31,0.96,16.5,31.61,mean_of_source_observations,23.6,47,9.3,1017.0,123.0,146.0,167.0,145.33333333333334,141.85714285714286,149.0,2,2,0.6612634749656386,0.7501537286959042
"Rabindra Bharati University, Kolkata - WBPCB",2026-02-12,149.0,74.54,132.02,31.15,7.53,1.01,29.08,35.74,mean_of_source_observations,23.6,47,10.2,1016.0,144.0,123.0,146.0,137.66666666666666,143.71428571428572,142.0,3,2,0.6740694616546161,0.7386679638813748
"Rabindra Bharati University, Kolkata - WBPCB",2026-02-13,142.0,72.43,129.0,28.67,7.14,1.04,27.28,23.42,mean_of_source_observations,23.3,47,12.3,1014.8,149.0,144.0,123.0,138.66666666666666,145.71428571428572,125.0,4,2,0.6866759803451553,0.726963615332308
"Rabindra Bharati University, Kolkata - WBPCB",2026-02-14,125.0,60.36,135.67,39.55,8.5,0.87,19.77,27.35,mean_of_source_observations,23.8,46,9.9,1013.3,142.0,149.0,144.0,145.0,142.14285714285714,116.0,5,2,0.6990793005655562,0.7150441465537444
"Rabindra Bharati University, Kolkata - WBPCB",2026-02-15,116.0,64.68,103.32,41.54,9.4,1.0,23.18,20.37,mean_of_source_observations,23.9,48,10.7,1013.1,125.0,142.0,149.0,138.66666666666666,142.28571428571428,124.0,6,2,0.7112757519738152,0.7029130847082615
"Rabindra Bharati University, Kolkata - WBPCB",2026-02-16,124.0,67.03,132.17,32.98,7.67,0.93,29.7,28.7,mean_of_source_observations,23.8,47,11.9,1013.6,116.0,125.0,142.0,127.66666666666667,135.0,126.0,0,2,0.7232617254437388,0.6905740195722294
"Rabindra Bharati University, Kolkata - WBPCB",2026-02-17,126.0,67.72,120.3,37.24,9.6,1.03,29.34,29.26,mean_of_source_observations,24.1,48,11.6,1013.3,124.0,116.0,125.0,121.66666666666667,131.85714285714286,138.0,1,2,0.7350336741329412,0.6780306024735382
"Rabindra Bharati University, Kolkata - WBPCB",2026-02-18,138.0,71.22,109.75,38.56,10.18,0.94,27.82,27.95,mean_of_source_observations,25.1,44,8.6,1013.3,126.0,124.0,116.0,122.0,132.28571428571428,129.0,2,2,0.746588114532413,0.6652865452111116
"Rabindra Bharati University, Kolkata - WBPCB",2026-02-19,129.0,68.57,129.6,29.45,6.63,1.02,24.47,25.96,mean_of_source_observations,25.9,42,9.8,1014.5,138.0,126.0,124.0,129.33333333333334,131.42857142857142,125.0,3,2,0.7579216274973472,0.6523456189565257
"Rabindra Bharati University, Kolkata - WBPCB",2026-02-20,125.0,60.14,136.65,30.46,6.74,1.02,25.25,21.44,mean_of_source_observations,26.8,45,9.2,1014.9,129.0,138.0,126.0,131.0,128.57142857142858,131.0,4,2,0.7690308592589181,0.6392116531380588
"Rabindra Bharati University, Kolkata - WBPCB",2026-02-21,131.0,69.13,123.18,37.76,7.79,1.04,24.61,29.29,mean_of_source_observations,26.6,46,8.5,1011.6,125.0,129.0,138.0,130.66666666666666,126.14285714285714,134.0,5,2,0.7799125224167177,0.6258885343075018
"Rabindra Bharati University, Kolkata - WBPCB",2026-02-22,134.0,70.09,132.18,39.61,8.46,1.01,28.38,32.8,mean_of_source_observations,26.8,43,11.0,1009.4,131.0,125.0,129.0,128.33333333333334,127.0,132.0,6,2,0.7905633969115482,0.612380204990065
"Rabindra Bharati University, Kolkata - WBPCB",2026-02-23,132.0,69.53,137.45,34.65,7.21,0.98,22.37,26.17,mean_of_source_observations,26.7,62,7.9,1009.4,134.0,131.0,125.0,130.0,129.57142857142858,141.0,0,2,0.8009803309782905,0.5986906625177214
"Rabindra Bharati University, Kolkata - WBPCB",2026-02-24,141.0,72.05,134.45,28.3,10.03,0.97,22.58,29.51,mean_of_source_observations,23.3,81,13.2,1011.1,132.0,134.0,131.0,132.33333333333334,130.71428571428572,135.0,1,2,0.8111602420785621,0.5848239578463322
"Rabindra Bharati University, Kolkata - WBPCB",2026-02-25,135.0,70.42,136.81,40.57,8.64,1.07,28.03,23.0,mean_of_source_observations,24.0,70,8.8,1011.3,141.0,132.0,134.0,135.66666666666666,132.85714285714286,128.0,2,2,0.8211001178128892,0.5707841943569036
"Rabindra Bharati University, Kolkata - WBPCB",2026-02-26,128.0,68.09,128.59,29.57,8.06,0.95,24.87,29.56,mean_of_source_observations,23.6,58,8.1,1010.3,135.0,141.0,132.0,136.0,132.42857142857142,117.0,3,2,0.8307970168121247,0.5565755266413303
"Rabindra Bharati University, Kolkata - WBPCB",2026-02-27,117.0,64.93,122.37,30.29,5.85,0.92,29.14,26.81,mean_of_source_observations,23.7,61,10.7,1008.4,128.0,135.0,141.0,134.66666666666666,132.28571428571428,106.0,4,2,0.8402480696078469,0.5422021592729844
"Rabindra Bharati University, Kolkata - WBPCB",2026-02-28,106.0,56.02,107.4,33.09,6.03,0.98,22.99,25.61,mean_of_source_observations,25.0,64,9.2,1007.7,117.0,128.0,135.0,126.66666666666667,131.14285714285714,124.0,5,2,0.8494504794814806,0.527668345562516
"Rabindra Bharati University, Kolkata - WBPCB",2026-03-01,124.0,66.99,118.63,38.2,8.42,0.94,24.84,25.62,mean_of_source_observations,26.9,71,11.6,1007.9,106.0,117.0,128.0,117.0,127.57142857142857,119.0,6,3,0.8584015232918917,0.512978386299228
"Rabindra Bharati University, Kolkata - WBPCB",2026-03-02,119.0,65.46,112.98,35.04,4.8,0.93,22.23,26.8,mean_of_source_observations,27.9,62,10.8,1009.3,124.0,106.0,117.0,115.66666666666667,126.14285714285714,126.0,0,3,0.8670985522812081,0.4981366284784055
"Rabindra Bharati University, Kolkata - WBPCB",2026-03-03,126.0,65.47,138.53,33.01,9.52,0.9,25.02,29.32,mean_of_source_observations,26.9,43,8.8,1011.0,119.0,124.0,106.0,116.33333333333333,124.28571428571429,113.0,1,3,0.8755389928586302,0.4831474640149687
"Rabindra Bharati University, Kolkata - WBPCB",2026-03-04,113.0,56.77,117.74,33.08,7.76,0.92,20.56,23.83,mean_of_source_observations,26.9,44,13.8,1010.9,126.0,119.0,124.0,123.0,122.14285714285714,114.0,2,3,0.8837203473619977,0.4680153284438345
"Rabindra Bharati University, Kolkata - WBPCB",2026-03-05,114.0,57.49,119.81,31.13,12.86,0.95,23.54,26.79,mean_of_source_observations,27.3,51,7.0,1009.0,113.0,126.0,119.0,119.33333333333333,119.0,130.0,3,3,0.8916401947968874,0.45274469960737107
"Rabindra Bharati University, Kolkata - WBPCB",2026-03-06,130.0,68.66,122.98,33.22,11.46,1.0,20.69,27.95,mean_of_source_observations,27.2,67,13.3,1009.5,114.0,113.0,126.0,117.66666666666667,117.0,113.0,4,3,0.8992961915530253,0.4373400963303323
"Rabindra Bharati University, Kolkata - WBPCB",2026-03-07,113.0,62.41,118.06,19.74,7.73,1.02,27.08,24.52,mean_of_source_observations,26.6,73,8.9,1011.3,130.0,114.0,113.0,119.0,118.85714285714286,122.0,5,3,0.9066860720977985,0.4218060770826634
"Rabindra Bharati University, Kolkata - WBPCB",2026-03-08,122.0,65.94,131.79,29.24,7.84,1.01,27.15,33.9,mean_of_source_observations,26.7,74,10.0,1012.0,113.0,130.0,114.0,119.0,119.85714285714286,108.0,6,3,0.9138076496466615,0.40614723863057883
"Rabindra Bharati University, Kolkata - WBPCB",2026-03-09,108.0,62.05,111.22,31.42,9.49,0.96,19.81,25.31,mean_of_source_observations,26.8,75,15.0,1012.9,122.0,113.0,130.0,121.66666666666667,119.57142857142857,113.0,0,3,0.9206588168102428,0.3903682146763026
"Rabindra Bharati University, Kolkata - WBPCB",2026-03-10,113.0,61.69,117.73,25.25,10.55,0.95,29.0,25.91,mean_of_source_observations,26.7,78,7.5,1013.6,108.0,122.0,113.0,114.33333333333333,118.0,122.0,1,3,0.9272375462179537,0.374473674486883
"Rabindra Bharati University, Kolkata - WBPCB",2026-03-11,122.0,66.22,109.07,31.75,5.54,1.01,32.49,24.91,mean_of_source_observations,27.0,78,8.5,1011.6,113.0,108.0,122.0,114.33333333333333,116.14285714285714,103.0,2,3,0.9335418911179212,0.35846832151248087
"Rabindra Bharati University, Kolkata - WBPCB",2026-03-12,103.0,57.98,103.51,29.04,5.32,1.02,25.14,33.91,mean_of_source_observations,26.7,81,12.8,1009.0,122.0,113.0,108.0,114.33333333333333,117.42857142857143,107.0,3,3,0.9395699859530622,0.342356891994542
"Rabindra Bharati University, Kolkata - WBPCB",2026-03-13,107.0,60.91,109.06,37.35,7.07,0.97,23.08,29.87,mean_of_source_observations,28.9,73,16.2,1007.9,103.0,122.0,113.0,112.66666666666667,115.85714285714286,110.0,4,3,0.945320046913132,0.3261441535642696
"Rabindra Bharati University, Kolkata - WBPCB",2026-03-14,110.0,57.5,113.44,36.41,8.87,0.92,33.47,25.05,mean_of_source_observations,28.8,72,15.7,1009.8,107.0,103.0,122.0,110.66666666666667,112.57142857142857,107.0,5,3,0.9507903724625832,0.3098349038318025
"Rabindra Bharati University, Kolkata - WBPCB",2026-03-15,107.0,57.26,109.46,27.45,8.75,0.9,21.04,31.66,mean_of_source_observations,27.3,77,24.7,1010.2,110.0,107.0,103.0,106.66666666666667,112.14285714285714,105.0,6,3,0.9559793438440766,0.2934339689665273
"Rabindra Bharati University, Kolkata - WBPCB",2026-03-17,,,,28.82,6.2,0.99,25.54,28.91,mean_of_source_observations,26.5,75,16.9,1009.3,105.0,107.0,110.0,107.33333333333333,109.57142857142857,108.0,1,3,0.9655071658143364,0.2603764827344581
"Rabindra Bharati University, Kolkata - WBPCB",2026-03-25,107.0,61.04,109.72,31.67,7.31,0.93,23.31,27.72,mean_of_source_observations,27.4,77,11.4,1009.7,102.0,115.0,96.0,104.33333333333333,108.28571428571429,113.0,2,3,0.992098522791769,0.12546123335273648
"Rabindra Bharati University, Kolkata - WBPCB",2026-03-26,113.0,47.02,117.9,24.9,7.76,0.95,20.52,29.05,mean_of_source_observations,28.3,71,9.7,1010.5,107.0,102.0,115.0,108.0,108.14285714285714,94.0,3,3,0.9941098647022418,0.10837701279187609
"Rabindra Bharati University, Kolkata - WBPCB",2026-03-27,94.0,56.05,89.46,28.55,7.44,0.97,28.77,30.78,mean_of_source_observations,30.0,65,15.3,1007.8,113.0,107.0,102.0,107.33333333333333,107.57142857142857,105.0,4,3,0.9958270335100595,0.09126072172931188
"Rabindra Bharati University, Kolkata - WBPCB",2026-03-28,105.0,58.97,106.0,30.83,5.98,0.97,23.51,26.04,mean_of_source_observations,26.8,67,21.9,1006.8,94.0,113.0,107.0,104.66666666666667,105.0,103.0,5,3,0.9972495210773451,0.07411742515094437
"Rabindra Bharati University, Kolkata - WBPCB",2026-03-29,103.0,54.17,102.96,26.96,6.93,0.94,21.2,30.88,mean_of_source_observations,27.8,78,12.6,1007.3,105.0,94.0,113.0,104.0,104.57142857142857,107.0,6,3,0.998376906467142,0.056952196034039754
"Rabindra Bharati University, Kolkata - WBPCB",2026-03-30,107.0,59.04,109.48,28.89,8.78,0.95,24.5,19.31,mean_of_source_observations,28.4,81,12.3,1007.9,103.0,105.0,94.0,100.66666666666667,105.57142857142857,104.0,0,3,0.9992088560679753,0.03977011384605572
"Rabindra Bharati University, Kolkata - WBPCB",2026-03-31,104.0,50.04,104.86,24.52,8.48,1.05,25.21,25.75,mean_of_source_observations,27.6,78,14.9,1009.3,107.0,103.0,105.0,105.0,104.42857142857143,100.0,1,3,0.9997451236925734,0.022576263041545485
"Rabindra Bharati University, Kolkata - WBPCB",2026-04-01,100.0,60.0,95.85,25.72,8.25,1.02,19.76,25.09,mean_of_source_observations,30.0,70,12.5,1009.0,104.0,107.0,103.0,104.66666666666667,104.71428571428571,115.0,2,4,0.9999855506507186,0.005375731557583884
"Rabindra Bharati University, Kolkata - WBPCB",2026-04-02,115.0,64.35,98.91,25.5,6.51,1.01,25.99,24.02,mean_of_source_observations,30.7,69,14.2,1008.6,100.0,104.0,107.0,103.66666666666667,103.71428571428571,94.0,3,4,0.9999300657962057,-0.011826390691832589
"Rabindra Bharati University, Kolkata - WBPCB",2026-04-03,94.0,49.53,94.12,22.99,7.73,0.93,21.86,27.38,mean_of_source_observations,31.5,64,13.0,1007.7,115.0,100.0,104.0,106.33333333333333,104.0,107.0,4,4,0.9995786855478958,-0.029025013321975237
"Rabindra Bharati University, Kolkata - WBPCB",2026-04-04,107.0,48.63,109.61,25.27,4.73,0.97,30.13,29.33,mean_of_source_observations,31.8,64,13.6,1006.5,94.0,115.0,100.0,103.0,104.0,100.0,5,4,0.9989315138848577,-0.046215046983708354
"Rabindra Bharati University, Kolkata - WBPCB",2026-04-05,100.0,58.43,99.82,19.16,8.27,0.98,26.57,30.36,mean_of_source_observations,28.6,67,18.2,1007.3,107.0,94.0,115.0,105.33333333333333,104.28571428571429,111.0,6,4,0.9979887423155984,-0.06339140486951038
"Rabindra Bharati University, Kolkata - WBPCB",2026-04-06,111.0,58.65,115.37,23.54,10.14,0.96,23.8,28.86,mean_of_source_observations,27.1,73,11.6,1008.9,100.0,107.0,94.0,100.33333333333333,103.85714285714286,98.0,0,4,0.9967506498213929,-0.08054900421874167
"Rabindra Bharati University, Kolkata - WBPCB",2026-04-07,98.0,46.84,97.74,24.25,5.79,0.9,22.76,25.92,mean_of_source_observations,26.0,78,11.5,1009.4,111.0,100.0,107.0,106.0,104.42857142857143,92.0,1,4,0.9952176027737294,-0.09768276782171598
"Rabindra Bharati University, Kolkata - WBPCB",2026-04-08,92.0,46.94,91.45,24.19,7.12,0.91,24.69,29.28,mean_of_source_observations,25.4,81,15.3,1009.3,98.0,111.0,100.0,103.0,103.57142857142857,84.0,2,4,0.9933900548258936,-0.11478762552212701
"Rabindra Bharati University, Kolkata - WBPCB",2026-04-09,84.0,47.23,83.8,24.07,8.49,0.74,26.84,28.48,mean_of_source_observations,24.1,88,11.5,1010.5,92.0,98.0,111.0,100.33333333333333,102.42857142857143,81.0,3,4,0.9912685467787256,-0.13185851571739118
"Rabindra Bharati University, Kolkata - WBPCB",2026-04-10,81.0,41.03,80.61,24.66,9.88,0.91,24.92,31.11,mean_of_source_observations,26.6,74,8.6,1010.7,84.0,92.0,98.0,91.33333333333333,98.0,82.0,4,4,0.9888537064205885,-0.1488903868564548
"Rabindra Bharati University, Kolkata - WBPCB",2026-04-11,82.0,42.86,81.81,26.82,7.33,0.87,24.35,30.6,mean_of_source_observations,27.8,71,8.4,1009.4,81.0,84.0,92.0,85.66666666666667,96.14285714285714,97.0,5,4,0.986146248341595,-0.16587819893463143
"Rabindra Bharati University, Kolkata - WBPCB",2026-04-12,97.0,41.94,97.11,28.34,6.96,0.98,25.18,28.18,mean_of_source_observations,29.1,72,14.3,1007.0,82.0,81.0,84.0,82.33333333333333,92.57142857142857,99.0,6,4,0.9831469737221499,-0.1828169249850199
"Rabindra Bharati University, Kolkata - WBPCB",2026-04-13,99.0,42.75,98.5,21.57,5.05,0.9,23.19,25.17,mean_of_source_observations,30.1,75,14.3,1007.2,97.0,82.0,81.0,86.66666666666667,92.14285714285714,80.0,0,4,0.9798567700958665,-0.1997015525660636
"Rabindra Bharati University, Kolkata - WBPCB",2026-04-14,80.0,46.25,79.75,18.99,8.16,0.85,23.97,25.96,mean_of_source_observations,31.2,67,14.3,1007.1,99.0,97.0,82.0,92.66666666666667,90.42857142857143,101.0,1,4,0.9762766110869321,-0.21652708524481437
"Rabindra Bharati University, Kolkata - WBPCB",2026-04-15,101.0,47.23,100.45,19.5,11.06,0.91,18.74,26.3,mean_of_source_observations,31.0,74,14.8,1005.6,80.0,99.0,97.0,92.0,87.85714285714286,90.0,2,4,0.9724075561219968,-0.23328854407545518
"Rabindra Bharati University, Kolkata - WBPCB",2026-04-16,90.0,53.88,87.84,21.71,8.42,0.88,27.92,27.06,mean_of_source_observations,29.6,77,17.4,1006.6,101.0,80.0,99.0,93.33333333333333,89.14285714285714,93.0,3,4,0.9682507501166718,-0.2499809690726521
"Rabindra Bharati University, Kolkata - WBPCB",2026-04-17,93.0,39.65,92.59,22.11,7.97,0.92,25.9,28.95,mean_of_source_observations,30.0,79,11.9,1007.9,90.0,101.0,80.0,90.33333333333333,90.0,104.0,4,4,0.9638074231367307,-0.26659942067929354
"Rabindra Bharati University, Kolkata - WBPCB",2026-04-18,104.0,49.89,104.55,20.12,8.48,0.94,22.68,30.4,mean_of_source_observations,30.6,75,13.3,1007.0,93.0,90.0,101.0,94.66666666666667,91.71428571428571,98.0,5,4,0.9590788900341131,-0.28313898122818354
"Rabindra Bharati University, Kolkata - WBPCB",2026-04-19,98.0,42.96,97.68,17.66,7.98,0.95,30.7,27.91,mean_of_source_observations,31.0,74,15.7,1005.6,104.0,93.0,90.0,95.66666666666667,94.85714285714286,87.0,6,4,0.9540665500578387,-0.2995947563972602
"Rabindra Bharati University, Kolkata - WBPCB",2026-04-20,87.0,43.38,86.91,21.1,6.78,0.86,25.26,28.13,mean_of_source_observations,31.5,72,15.7,1004.2,98.0,104.0,93.0,98.33333333333333,95.0,81.0,0,4,0.9487718864399473,-0.31596187665790293
"Rabindra Bharati University, Kolkata - WBPCB",2026-04-21,81.0,46.83,80.84,23.67,9.23,0.92,21.89,28.54,mean_of_source_observations,31.7,68,12.6,1003.6,87.0,98.0,104.0,96.33333333333333,93.28571428571429,70.0,1,4,0.9431964659565866,-0.33223549871590435
"Rabindra Bharati University, Kolkata - WBPCB",2026-04-22,70.0,36.66,69.25,25.28,8.34,0.81,27.57,26.41,mean_of_source_observations,31.9,72,14.8,1004.2,81.0,87.0,98.0,88.66666666666667,93.42857142857143,81.0,2,4,0.9373419384643772,-0.3484108069446808
"Rabindra Bharati University, Kolkata - WBPCB",2026-04-23,81.0,44.33,80.94,20.11,8.03,0.94,26.19,25.08,mean_of_source_observations,31.8,73,15.0,1004.6,70.0,81.0,87.0,79.33333333333333,89.0,85.0,3,4,0.9312100364121947,-0.3644830148102912
"Rabindra Bharati University, Kolkata - WBPCB",2026-04-24,85.0,42.7,84.64,20.55,6.54,0.93,26.18,22.39,mean_of_source_observations,32.0,72,13.8,1005.8,81.0,70.0,81.0,77.33333333333333,87.71428571428571,78.0,4,4,0.9248025743285089,-0.38044736628785164
"Rabindra Bharati University, Kolkata - WBPCB",2026-04-25,78.0,44.0,77.24,18.15,9.96,0.93,23.72,25.83,mean_of_source_observations,31.6,72,16.1,1007.0,85.0,81.0,70.0,78.66666666666667,86.57142857142857,84.0,5,4,0.9181214482844365,-0.39629913726891813
"Rabindra Bharati University, Kolkata - WBPCB",2026-04-26,84.0,42.44,83.95,21.83,9.0,0.9,26.35,29.61,mean_of_source_observations,31.0,71,17.8,1005.8,78.0,85.0,81.0,81.33333333333333,82.85714285714286,90.0,6,4,0.9111686353326631,-0.41203363695942635
"Rabindra Bharati University, Kolkata - WBPCB",2026-04-27,90.0,53.68,85.06,18.12,7.17,0.96,24.21,25.8,mean_of_source_observations,30.9,73,22.0,1002.7,84.0,78.0,85.0,82.33333333333333,80.85714285714286,82.0,0,4,0.9039461929224011,-0.42764620926777464
"Rabindra Bharati University, Kolkata - WBPCB",2026-04-29,,,,13.71,7.25,0.86,19.29,29.59,mean_of_source_observations,28.4,82,18.9,1004.7,82.0,90.0,84.0,85.33333333333333,81.42857142857143,84.0,2,4,0.8887010478292915,-0.45848712914008766
"Rabindra Bharati University, Kolkata - WBPCB",2026-05-07,80.0,38.5,79.7,12.32,7.87,0.86,24.31,27.6,mean_of_source_observations,26.4,83,16.3,1008.9,85.0,80.0,79.0,81.33333333333333,82.71428571428571,86.0,3,5,0.8174009818249189,-0.5760691233798758
"Rabindra Bharati University, Kolkata - WBPCB",2026-05-08,86.0,32.54,85.27,19.48,7.77,0.84,25.41,20.89,mean_of_source_observations,26.8,83,11.5,1009.6,80.0,85.0,80.0,81.66666666666667,82.14285714285714,79.0,4,5,0.8073707443023492,-0.5900444739548627
"Rabindra Bharati University, Kolkata - WBPCB",2026-05-09,79.0,38.51,78.87,16.05,7.51,0.9,24.84,23.55,mean_of_source_observations,27.5,79,9.9,1009.3,86.0,80.0,85.0,83.66666666666667,82.14285714285714,71.0,5,5,0.7971015927871943,-0.6038452208771035
"Rabindra Bharati University, Kolkata - WBPCB",2026-05-10,71.0,35.76,70.46,23.43,6.44,0.8,24.57,27.27,mean_of_source_observations,27.2,75,11.0,1008.9,79.0,86.0,80.0,81.66666666666667,83.14285714285714,79.0,6,5,0.7865965660866021,-0.6174672802835514
"Rabindra Bharati University, Kolkata - WBPCB",2026-05-11,79.0,26.05,78.24,16.94,6.24,0.91,25.13,24.31,mean_of_source_observations,27.7,75,10.3,1008.6,71.0,79.0,86.0,78.66666666666667,80.0,71.0,0,5,0.7758587728069828,-0.6309066211876704
"Rabindra Bharati University, Kolkata - WBPCB",2026-05-12,71.0,42.17,64.6,18.64,8.7,0.86,28.07,26.74,mean_of_source_observations,29.3,73,11.8,1006.8,79.0,71.0,79.0,76.33333333333333,80.0,75.0,1,5,0.7648913904341226,-0.6441592666722685
"Rabindra Bharati University, Kolkata - WBPCB",2026-05-13,75.0,43.09,74.79,16.23,7.17,0.94,24.43,28.18,mean_of_source_observations,29.9,72,15.6,1004.2,71.0,79.0,71.0,73.66666666666667,78.71428571428571,73.0,2,5,0.753697664392914,-0.6572212950663319
"Rabindra Bharati University, Kolkata - WBPCB",2026-05-14,73.0,29.67,72.94,26.32,8.47,0.79,23.28,32.82,mean_of_source_observations,30.7,69,15.5,1002.9,75.0,71.0,79.0,75.0,77.28571428571429,71.0,3,5,0.742280907086982,-0.6700888411055113
"Rabindra Bharati University, Kolkata - WBPCB",2026-05-15,71.0,30.48,70.82,17.26,6.67,0.89,24.16,27.14,mean_of_source_observations,31.3,72,14.6,1002.5,73.0,75.0,71.0,73.0,76.28571428571429,71.0,4,5,0.7306444969184916,-0.6827580970759147
"Rabindra Bharati University, Kolkata - WBPCB",2026-05-16,71.0,33.71,70.89,26.4,8.27,0.91,26.74,31.56,mean_of_source_observations,31.0,75,15.8,1003.2,71.0,73.0,75.0,73.0,74.14285714285714,57.0,5,5,0.7187918772884232,-0.6952253139408722
"Rabindra Bharati University, Kolkata - WBPCB",2026-05-17,57.0,33.57,55.14,21.84,9.95,0.89,29.24,32.71,mean_of_source_observations,31.7,74,15.0,1002.9,71.0,71.0,73.0,71.66666666666667,73.0,67.0,6,5,0.7067265555776158,-0.7074868024503348
"Rabindra Bharati University, Kolkata - WBPCB",2026-05-18,67.0,34.92,66.06,20.24,8.88,0.82,23.12,32.73,mean_of_source_observations,32.0,77,15.1,1002.0,57.0,71.0,71.0,66.33333333333333,71.0,72.0,0,5,0.6944521021088763,-0.719538934232584
"Rabindra Bharati University, Kolkata - WBPCB",2026-05-19,72.0,41.82,71.01,19.6,7.38,0.91,25.3,29.0,mean_of_source_observations,31.7,77,18.5,1001.8,67.0,57.0,71.0,65.0,69.28571428571429,72.0,1,5,0.6819721490904629,-0.7313781428679254
"Rabindra Bharati University, Kolkata - WBPCB",2026-05-20,72.0,29.62,71.0,19.55,8.39,0.79,26.02,21.72,mean_of_source_observations,32.1,76,11.5,1000.5,72.0,67.0,57.0,65.33333333333333,69.42857142857143,61.0,2,5,0.6692903895412567,-0.7430009249440493
"Rabindra Bharati University, Kolkata - WBPCB",2026-05-21,61.0,25.88,60.16,9.36,7.64,0.83,22.02,29.57,mean_of_source_observations,32.2,77,12.6,1001.8,72.0,72.0,67.0,70.33333333333333,69.0,80.0,3,5,0.6564105761979381,-0.7544038410927472
"Rabindra Bharati University, Kolkata - WBPCB",2026-05-22,80.0,22.36,79.4,16.33,8.01,0.89,25.06,31.48,mean_of_source_observations,31.7,82,13.6,1003.7,61.0,72.0,72.0,68.33333333333333,67.28571428571429,61.0,4,5,0.6433365204044917,-0.765583517007675
"Rabindra Bharati University, Kolkata - WBPCB",2026-05-23,61.0,25.48,60.42,21.04,7.51,0.89,20.6,27.82,mean_of_source_observations,31.5,81,17.2,1003.5,80.0,61.0,72.0,71.0,68.57142857142857,76.0,5,5,0.6300720909843687,-0.7765366444428655
"Rabindra Bharati University, Kolkata - WBPCB",2026-05-24,76.0,28.88,75.72,17.03,7.75,0.85,19.69,33.73,mean_of_source_observations,32.4,75,16.5,1003.9,61.0,80.0,61.0,67.33333333333333,67.14285714285714,71.0,6,5,0.6166212130956382,-0.7872599821916922
"Rabindra Bharati University, Kolkata - WBPCB",2026-05-25,71.0,38.38,70.48,11.02,8.32,0.83,26.1,30.87,mean_of_source_observations,32.1,75,22.3,1003.7,76.0,61.0,80.0,72.33333333333333,69.85714285714286,61.0,0,5,0.6029878670694714,-0.7977503570459932
"Rabindra Bharati University, Kolkata - WBPCB",2026-05-26,61.0,25.53,60.66,16.72,6.51,0.88,23.85,29.92,mean_of_source_observations,32.6,72,16.5,1003.8,71.0,76.0,61.0,69.33333333333333,70.42857142857143,81.0,1,5,0.5891760872322963,-0.8080046647350754
"Rabindra Bharati University, Kolkata - WBPCB",2026-05-27,81.0,29.18,81.05,24.16,6.48,0.86,25.61,31.6,mean_of_source_observations,29.5,82,13.3,1005.0,61.0,71.0,76.0,69.33333333333333,68.85714285714286,56.0,2,5,0.5751899607119775,-0.8180198708443175
"Rabindra Bharati University, Kolkata - WBPCB",2026-05-28,56.0,27.53,54.87,22.05,5.92,0.72,24.95,29.16,mean_of_source_observations,29.6,79,10.3,1005.7,81.0,61.0,71.0,71.0,70.14285714285714,73.0,3,5,0.5610336262283677,-0.8277930117131022
"Rabindra Bharati University, Kolkata - WBPCB",2026-05-29,73.0,33.68,72.6,16.26,5.6,0.91,22.07,20.0,mean_of_source_observations,29.6,71,16.2,1006.2,56.0,81.0,61.0,66.0,69.42857142857143,73.0,4,5,0.5467112728685939,-0.8373211953118121
"Rabindra Bharati University, Kolkata - WBPCB",2026-05-30,73.0,40.57,72.79,20.5,6.17,0.89,24.86,26.46,mean_of_source_observations,28.2,74,12.4,1006.2,73.0,56.0,81.0,70.0,68.42857142857143,59.0,5,5,0.5322271388474397,-0.8466016020976267
"Rabindra Bharati University, Kolkata - WBPCB",2026-05-31,59.0,23.72,57.85,14.67,8.24,0.9,21.3,31.96,mean_of_source_observations,30.5,70,13.4,1006.1,73.0,73.0,56.0,67.33333333333333,70.14285714285714,76.0,6,5,0.5175855102531889,-0.8556314858488706
"Rabindra Bharati University, Kolkata - WBPCB",2026-06-01,76.0,23.61,75.18,8.76,6.66,0.78,29.17,25.46,mean_of_source_observations,31.8,68,14.2,1006.6,59.0,73.0,73.0,68.33333333333333,67.71428571428571,61.0,0,6,0.5027907197793043,-0.8644081744776648
"Rabindra Bharati University, Kolkata - WBPCB",2026-06-02,61.0,31.57,60.5,12.0,8.77,0.69,20.93,27.36,mean_of_source_observations,32.2,67,10.0,1005.3,76.0,59.0,73.0,69.33333333333333,68.42857142857143,65.0,1,6,0.4878471454423119,-0.8729290708206411
"Rabindra Bharati University, Kolkata - WBPCB",2026-06-03,65.0,29.3,64.67,22.61,8.05,0.87,24.41,24.69,mean_of_source_observations,32.2,72,13.2,1002.7,61.0,76.0,59.0,65.33333333333333,68.42857142857143,65.0,2,6,0.47275920928627757,-0.881191653407483
"Rabindra Bharati University, Kolkata - WBPCB",2026-06-04,65.0,35.27,63.96,14.55,5.05,0.89,21.87,33.86,mean_of_source_observations,32.5,73,13.4,1001.3,65.0,61.0,76.0,67.33333333333333,66.14285714285714,61.0,3,6,0.4575313760742512,-0.8891934772070711
"Rabindra Bharati University, Kolkata - WBPCB",2026-06-05,61.0,28.14,60.09,14.56,8.98,0.76,26.71,33.53,mean_of_source_observations,31.3,77,13.5,1001.4,65.0,65.0,61.0,63.666666666666664,67.42857142857143,68.0,4,6,0.44216815196707204,-0.8969321743510065
"Rabindra Bharati University, Kolkata - WBPCB",2026-06-06,68.0,22.75,67.8,14.2,9.22,0.78,24.01,25.22,mean_of_source_observations,29.4,85,11.4,1002.4,61.0,65.0,65.0,63.666666666666664,65.71428571428571,68.0,5,6,0.42667408318992467,-0.9044054548343001
"Rabindra Bharati University, Kolkata - WBPCB",2026-06-07,68.0,27.58,67.21,23.6,6.51,1.0,23.44,28.56,mean_of_source_observations,29.1,87,17.7,1002.7,68.0,61.0,65.0,64.66666666666667,65.0,51.0,6,6,0.4110537546870351,-0.9116111071930239
"Rabindra Bharati University, Kolkata - WBPCB",2026-06-08,51.0,30.09,44.81,22.28,8.63,0.84,27.56,25.88,mean_of_source_observations,30.7,78,13.5,1001.0,68.0,68.0,61.0,65.66666666666667,66.28571428571429,71.0,0,6,0.3953117887649151,-0.9185469991587165
"Rabindra Bharati University, Kolkata - WBPCB",2026-06-09,71.0,28.25,70.76,24.73,6.72,0.89,25.09,30.07,mean_of_source_observations,31.9,78,11.3,1000.0,51.0,68.0,68.0,62.333333333333336,62.714285714285715,45.0,1,6,0.37945284372454435,-0.925211078289358
"Rabindra Bharati University, Kolkata - WBPCB",2026-06-10,45.0,26.28,44.71,14.35,8.15,0.81,26.55,29.73,mean_of_source_observations,30.4,81,17.0,1001.1,71.0,51.0,68.0,63.333333333333336,64.14285714285714,68.0,2,6,0.36348161248290634,-0.9316013725767187
"Rabindra Bharati University, Kolkata - WBPCB",2026-06-11,68.0,29.03,67.59,16.2,6.1,0.74,22.06,30.71,mean_of_source_observations,28.8,87,14.4,1003.3,45.0,71.0,51.0,55.666666666666664,61.285714285714285,69.0,3,6,0.3474028211842774,-0.9377159910299093
"Rabindra Bharati University, Kolkata - WBPCB",2026-06-12,69.0,29.32,68.01,8.27,5.31,0.85,20.79,29.16,mean_of_source_observations,28.4,84,9.3,1005.3,68.0,45.0,71.0,61.333333333333336,61.714285714285715,51.0,4,6,0.3312212278016865,-0.9435531242349544
"Rabindra Bharati University, Kolkata - WBPCB",2026-06-13,51.0,30.22,48.46,21.1,7.43,0.84,25.32,37.59,mean_of_source_observations,28.9,86,11.5,1004.1,69.0,68.0,45.0,60.666666666666664,62.857142857142854,55.0,5,6,0.31494162072895193,-0.9491110448902284
"Rabindra Bharati University, Kolkata - WBPCB",2026-06-14,55.0,26.0,53.96,9.57,7.81,0.82,24.04,24.75,mean_of_source_observations,29.4,83,13.4,1002.5,51.0,69.0,68.0,62.666666666666664,60.42857142857143,48.0,6,6,0.2985688173637202,-0.9543881083175908
"Rabindra Bharati University, Kolkata - WBPCB",2026-06-15,48.0,21.36,47.59,15.46,7.4,0.82,26.88,22.54,mean_of_source_observations,30.6,80,11.7,1002.7,55.0,51.0,69.0,58.333333333333336,58.57142857142857,56.0,0,6,0.2821076626819194,-0.9593827529490743
"Rabindra Bharati University, Kolkata - WBPCB",2026-06-16,56.0,22.81,54.93,9.68,6.22,0.85,24.76,26.81,mean_of_source_observations,31.2,74,11.9,1004.0,48.0,55.0,51.0,51.333333333333336,58.142857142857146,55.0,1,6,0.26556302780405594,-0.9640935007889755
"Rabindra Bharati University, Kolkata - WBPCB",2026-06-17,55.0,28.31,53.78,11.79,7.4,0.84,25.62,23.0,mean_of_source_observations,31.7,73,11.0,1004.1,56.0,48.0,55.0,53.0,56.0,64.0,2,6,0.24893980855376657,-0.9685189578512204
"Rabindra Bharati University, Kolkata - WBPCB",2026-06-18,64.0,17.16,62.85,10.63,8.4,0.75,20.13,23.24,mean_of_source_observations,29.8,83,14.0,1003.9,55.0,56.0,48.0,53.0,57.42857142857143,68.0,3,6,0.23224292400907015,-0.9726578145718654
"Rabindra Bharati University, Kolkata - WBPCB",2026-06-19,68.0,23.34,67.11,11.53,7.93,0.86,30.67,24.84,mean_of_source_observations,27.6,87,13.8,1004.6,64.0,55.0,56.0,58.333333333333336,56.857142857142854,68.0,4,6,0.21547731504673012,-0.976508846196619
"Rabindra Bharati University, Kolkata - WBPCB",2026-06-20,68.0,19.02,67.53,11.74,8.27,0.71,24.51,25.09,mean_of_source_observations,30.0,79,12.9,1004.1,68.0,64.0,55.0,62.333333333333336,56.714285714285715,51.0,5,6,0.19864794288017112,-0.9800709131432666
"Rabindra Bharati University, Kolkata - WBPCB",2026-06-21,51.0,21.1,50.31,11.62,6.99,0.72,27.09,24.99,mean_of_source_observations,29.3,87,12.2,1003.3,68.0,68.0,64.0,66.66666666666667,59.142857142857146,54.0,6,6,0.18175978759137534,-0.9833429613388902
"Rabindra Bharati University, Kolkata - WBPCB",2026-06-22,54.0,27.65,53.07,17.51,9.76,0.89,22.49,29.76,mean_of_source_observations,28.1,89,13.3,1003.7,51.0,68.0,68.0,62.333333333333336,58.57142857142857,43.0,0,6,0.16481784665719793,-0.9863240225317866
"Rabindra Bharati University, Kolkata - WBPCB",2026-06-23,43.0,21.59,40.05,9.07,6.24,0.86,25.92,26.44,mean_of_source_observations,29.1,86,9.1,1001.3,54.0,51.0,68.0,57.666666666666664,59.42857142857143,47.0,1,6,0.14782713347053048,-0.9890132145779883
"Rabindra Bharati University, Kolkata - WBPCB",2026-06-24,47.0,20.63,47.37,14.72,8.73,0.82,21.09,27.5,mean_of_source_observations,29.3,86,9.8,1001.8,43.0,54.0,51.0,49.333333333333336,57.57142857142857,63.0,2,6,0.13079267585675922,-0.9914097417023038
"Rabindra Bharati University, Kolkata - WBPCB",2026-06-25,63.0,12.86,62.41,18.96,9.77,0.72,26.36,30.98,mean_of_source_observations,29.7,85,12.8,1003.2,47.0,43.0,54.0,48.0,56.42857142857143,68.0,3,6,0.11371951458594969,-0.9935128947338007
"Rabindra Bharati University, Kolkata - WBPCB",2026-06-26,68.0,24.07,67.78,11.42,8.72,0.8,23.93,25.6,mean_of_source_observations,29.8,80,11.3,1004.2,63.0,47.0,43.0,51.0,56.285714285714285,43.0,4,6,0.0966127018812031,-0.9953220513156602
"Rabindra Bharati University, Kolkata - WBPCB",2026-06-27,43.0,23.37,42.92,10.47,7.7,0.82,25.09,27.22,mean_of_source_observations,30.1,79,12.0,1003.3,68.0,63.0,47.0,59.333333333333336,56.285714285714285,53.0,5,6,0.07947729992362097,-0.9968366760893436
"Rabindra Bharati University, Kolkata - WBPCB",2026-06-28,53.0,31.42,48.24,12.51,7.21,0.78,27.09,29.27,mean_of_source_observations,29.6,84,12.8,1001.9,43.0,68.0,63.0,58.0,52.714285714285715,54.0,6,6,0.062318379354325076,-0.998056320853012
"Rabindra Bharati University, Kolkata - WBPCB",2026-06-29,54.0,17.93,52.92,18.55,9.55,0.78,21.3,21.79,mean_of_source_observations,29.2,89,9.8,1001.1,53.0,43.0,68.0,54.666666666666664,53.0,56.0,0,6,0.04514101777397193,-0.9989806246941579
"Rabindra Bharati University, Kolkata - WBPCB",2026-06-30,56.0,20.64,55.37,14.24,5.87,0.86,22.95,20.35,mean_of_source_observations,28.0,90,9.4,1001.4,54.0,53.0,43.0,50.0,53.0,46.0,1,6,0.02795029824021032,-0.999609314096404
"Rabindra Bharati University, Kolkata - WBPCB",2026-07-01,46.0,20.68,45.76,11.05,6.54,0.9,26.37,29.2,mean_of_source_observations,28.6,86,9.9,1000.5,56.0,54.0,53.0,54.333333333333336,54.857142857142854,57.0,2,7,0.01075130776352193,-0.9999422030204416
"Rabindra Bharati University, Kolkata - WBPCB",2026-07-02,57.0,27.73,56.24,15.39,7.4,0.83,31.29,29.67,mean_of_source_observations,28.6,86,12.4,999.9,46.0,56.0,54.0,52.0,54.714285714285715,48.0,3,7,-0.00645086419810515,-0.9999791929590823
"Rabindra Bharati University, Kolkata - WBPCB",2026-07-03,48.0,18.58,48.31,8.49,9.86,0.86,24.59,34.77,mean_of_source_observations,29.6,82,14.4,998.9,57.0,46.0,56.0,53.0,53.857142857142854,53.0,4,7,-0.023651127245231586,-0.9997202729664083
"Rabindra Bharati University, Kolkata - WBPCB",2026-07-04,53.0,20.5,52.13,16.16,8.57,0.72,26.77,28.59,mean_of_source_observations,29.2,81,20.5,995.6,48.0,57.0,46.0,50.333333333333336,51.0,58.0,5,7,-0.04084439154329611,-0.9991655196610109
"Rabindra Bharati University, Kolkata - WBPCB",2026-07-05,58.0,22.18,56.83,14.94,6.55,0.87,24.68,30.74,mean_of_source_observations,28.0,88,16.9,994.4,53.0,48.0,57.0,52.666666666666664,52.42857142857143,53.0,6,7,-0.05802556932878035,-0.9983150972033183
"Rabindra Bharati University, Kolkata - WBPCB",2026-07-06,53.0,19.82,52.03,11.81,7.53,0.78,30.83,27.45,mean_of_source_observations,27.7,88,17.6,997.3,58.0,53.0,48.0,53.0,53.142857142857146,48.0,0,7,-0.07518957641475855,-0.9971692572470178
"Rabindra Bharati University, Kolkata - WBPCB",2026-07-07,48.0,16.32,48.08,9.49,7.08,0.83,19.76,29.04,mean_of_source_observations,27.9,90,19.7,1001.2,53.0,58.0,53.0,54.666666666666664,53.0,52.0,1,7,-0.09233133369539122,-0.9957283388645872
"Rabindra Bharati University, Kolkata - WBPCB",2026-07-08,52.0,19.7,50.8,9.25,6.94,0.81,25.28,33.48,mean_of_source_observations,29.4,84,15.3,1001.6,48.0,53.0,58.0,53.0,51.857142857142854,52.0,2,7,-0.10944576864891556,-0.993992768446958
"Rabindra Bharati University, Kolkata - WBPCB",2026-07-09,52.0,24.39,50.88,15.36,9.47,0.91,20.12,21.2,mean_of_source_observations,27.9,91,17.4,1002.2,52.0,48.0,53.0,51.0,52.714285714285715,48.0,3,7,-0.12652781683868314,-0.9919630595773397
"Rabindra Bharati University, Kolkata - WBPCB",2026-07-10,48.0,12.99,48.37,18.34,5.94,0.75,17.48,29.42,mean_of_source_observations,27.4,93,14.8,1001.3,52.0,52.0,48.0,50.666666666666664,52.0,49.0,4,7,-0.1435724234118113,-0.9896398128792412
"Rabindra Bharati University, Kolkata - WBPCB",2026-07-11,49.0,19.2,49.25,10.26,10.41,0.85,25.89,35.0,mean_of_source_observations,28.9,87,13.2,999.9,48.0,52.0,52.0,50.666666666666664,52.0,66.0,5,7,-0.16057454459499376,-0.9870237158387383
"Rabindra Bharati University, Kolkata - WBPCB",2026-07-12,66.0,14.66,65.24,14.97,9.24,0.79,25.42,28.99,mean_of_source_observations,28.8,88,12.8,998.1,49.0,48.0,52.0,49.666666666666664,51.42857142857143,57.0,6,7,-0.17752914918703497,-0.984115542601034
"Rabindra Bharati University, Kolkata - WBPCB",2026-07-13,57.0,24.87,56.23,5.0,9.64,0.83,24.15,33.43,mean_of_source_observations,28.8,89,8.8,999.1,66.0,49.0,48.0,54.333333333333336,52.57142857142857,49.0,0,7,-0.19443122004766195,-0.9809161537413774
"Rabindra Bharati University, Kolkata - WBPCB",2026-07-14,49.0,10.16,48.79,10.45,7.31,0.78,24.68,26.04,mean_of_source_observations,28.7,86,8.0,999.9,57.0,66.0,49.0,57.333333333333336,53.142857142857146,58.0,1,7,-0.2112757555821793,-0.9774264960104055
"Rabindra Bharati University, Kolkata - WBPCB",2026-07-16,,,,9.03,5.85,0.82,24.23,28.19,mean_of_source_observations,29.0,82,14.5,999.7,58.0,49.0,57.0,54.666666666666664,54.142857142857146,62.0,3,7,-0.24477230089725957,-0.9695805901076308
"Rabindra Bharati University, Kolkata - WBPCB",2026-07-24,54.0,15.87,52.86,15.02,8.89,0.75,25.41,27.55,mean_of_source_observations,26.9,90,13.2,1001.4,44.0,42.0,42.0,42.666666666666664,50.285714285714285,67.0,4,7,-0.3754703786876202,-0.9268343944460494
"Rabindra Bharati University, Kolkata - WBPCB",2026-07-25,67.0,13.13,66.69,5.0,6.91,0.83,18.09,31.97,mean_of_source_observations,28.1,85,13.5,1000.1,54.0,44.0,42.0,46.666666666666664,49.142857142857146,72.0,5,7,-0.3913578365610259,-0.9202385798054075
"Rabindra Bharati University, Kolkata - WBPCB",2026-07-26,72.0,22.54,71.1,10.94,7.71,0.87,23.92,28.11,mean_of_source_observations,28.4,81,16.7,998.4,67.0,54.0,44.0,55.0,50.857142857142854,58.0,6,7,-0.4071294853542516,-0.9133704517637858
"Rabindra Bharati University, Kolkata - WBPCB",2026-07-27,58.0,20.11,57.46,10.86,7.32,0.72,33.11,28.27,mean_of_source_observations,27.0,90,19.9,995.3,72.0,67.0,54.0,64.33333333333333,53.857142857142854,57.0,0,7,-0.4227806579826773,-0.9062320427107697
"Rabindra Bharati University, Kolkata - WBPCB",2026-07-28,57.0,15.83,56.4,19.16,6.82,0.81,24.31,27.22,mean_of_source_observations,27.9,85,21.1,996.0,58.0,72.0,67.0,65.66666666666667,54.142857142857146,38.0,1,7,-0.4383067230125192,-0.898825465016444
"Rabindra Bharati University, Kolkata - WBPCB",2026-07-29,38.0,12.06,36.65,11.54,7.99,0.77,28.31,30.3,mean_of_source_observations,27.9,87,13.1,998.5,57.0,58.0,72.0,62.333333333333336,56.285714285714285,48.0,2,7,-0.45370308603134424,-0.8911529104063088
"Rabindra Bharati University, Kolkata - WBPCB",2026-07-30,48.0,23.78,47.68,14.9,7.68,0.8,29.33,26.72,mean_of_source_observations,27.8,86,18.1,1000.1,38.0,57.0,58.0,51.0,55.714285714285715,46.0,3,7,-0.46896519100763184,-0.8832166493127127
"Rabindra Bharati University, Kolkata - WBPCB",2026-07-31,46.0,22.69,45.73,13.9,7.44,0.91,25.66,31.24,mean_of_source_observations,28.5,83,13.9,1002.2,48.0,38.0,57.0,47.666666666666664,56.285714285714285,47.0,4,7,-0.48408852163897587,-0.8750190302029955
"Rabindra Bharati University, Kolkata - WBPCB",2026-08-01,47.0,18.76,47.34,5.0,6.91,0.78,22.47,24.41,mean_of_source_observations,28.5,86,12.3,1001.9,46.0,48.0,38.0,44.0,55.142857142857146,52.0,5,8,-0.4990686026885319,-0.8665624788845385
"Rabindra Bharati University, Kolkata - WBPCB",2026-08-02,52.0,29.4,51.44,16.7,8.48,0.81,17.69,24.52,mean_of_source_observations,28.8,88,13.6,1002.1,47.0,46.0,48.0,47.0,52.285714285714285,49.0,6,8,-0.5139010013093103,-0.8578494977869301
"Rabindra Bharati University, Kolkata - WBPCB",2026-08-03,49.0,13.78,49.02,14.37,10.48,0.81,27.05,30.31,mean_of_source_observations,29.2,88,8.4,1002.8,52.0,47.0,46.0,48.333333333333336,49.42857142857143,42.0,0,8,-0.5285813283559292,-0.8488826652214553
"Rabindra Bharati University, Kolkata - WBPCB",2026-08-04,42.0,11.46,36.21,15.69,8.21,0.83,22.56,27.79,mean_of_source_observations,29.4,87,10.8,1003.2,49.0,52.0,47.0,49.333333333333336,48.142857142857146,61.0,1,8,-0.5431052396834317,-0.8396646346181327
"Rabindra Bharati University, Kolkata - WBPCB",2026-08-05,61.0,16.11,59.99,30.52,9.49,0.8,25.53,26.61,mean_of_source_observations,28.4,89,11.5,1001.6,42.0,49.0,52.0,47.666666666666664,46.0,44.0,2,8,-0.5574684374327892,-0.8301981337405212
"Rabindra Bharati University, Kolkata - WBPCB",2026-08-06,44.0,19.76,44.49,5.0,5.91,0.89,21.25,30.96,mean_of_source_observations,27.7,88,7.6,1001.1,61.0,42.0,49.0,50.666666666666664,49.285714285714285,57.0,3,8,-0.5716666713027052,-0.8204859638785327
"Rabindra Bharati University, Kolkata - WBPCB",2026-08-07,57.0,21.48,56.07,21.13,8.24,0.86,24.2,26.11,mean_of_source_observations,27.1,91,11.5,1000.2,44.0,61.0,42.0,49.0,48.714285714285715,73.0,4,8,-0.5856957398073508,-0.8105309990194823
"Rabindra Bharati University, Kolkata - WBPCB",2026-08-08,73.0,19.03,72.18,12.51,6.35,0.7,25.1,27.43,mean_of_source_observations,27.9,87,16.9,1001.6,57.0,44.0,61.0,54.0,50.285714285714285,47.0,5,8,-0.5995514915196489,-0.8003361849976323
"Rabindra Bharati University, Kolkata - WBPCB",2026-08-09,47.0,22.41,46.59,15.06,5.78,0.8,25.81,32.61,mean_of_source_observations,28.6,87,11.4,1002.6,73.0,57.0,44.0,58.0,54.0,38.0,6,8,-0.6132298262997502,-0.7899045386224707
"Rabindra Bharati University, Kolkata - WBPCB",2026-08-10,38.0,13.94,32.95,13.7,6.89,0.77,21.66,33.07,mean_of_source_observations,28.7,87,7.3,1001.3,47.0,73.0,57.0,59.0,53.285714285714285,54.0,0,8,-0.6267266965083301,-0.7792391467859886
"Rabindra Bharati University, Kolkata - WBPCB",2026-08-11,54.0,28.69,52.63,12.14,9.79,0.88,28.59,33.17,mean_of_source_observations,28.4,88,8.7,1000.0,38.0,47.0,73.0,52.666666666666664,51.714285714285715,66.0,1,8,-0.6400381082043503,-0.7683431655492202
"Rabindra Bharati University, Kolkata - WBPCB",2026-08-12,66.0,20.65,64.91,11.59,9.43,0.68,23.21,27.17,mean_of_source_observations,28.7,88,8.9,1000.3,54.0,38.0,47.0,46.333333333333336,53.42857142857143,73.0,2,8,-0.65316012232693,-0.7572198192083127
"Rabindra Bharati University, Kolkata - WBPCB",2026-08-13,73.0,27.33,72.63,15.56,8.36,0.99,19.98,32.07,mean_of_source_observations,28.4,88,15.3,999.0,66.0,54.0,38.0,52.666666666666664,54.142857142857146,45.0,3,8,-0.666088855860977,-0.7458723993404063
"Rabindra Bharati University, Kolkata - WBPCB",2026-08-14,45.0,23.36,45.41,7.67,5.7,0.86,24.67,25.01,mean_of_source_observations,28.5,86,16.0,1000.6,73.0,66.0,54.0,64.33333333333333,58.285714285714285,61.0,4,8,-0.6788204829862355,-0.734304263829602
"Rabindra Bharati University, Kolkata - WBPCB",2026-08-15,61.0,24.2,60.65,17.55,7.71,0.85,25.1,25.14,mean_of_source_observations,28.1,87,12.5,1000.2,45.0,73.0,66.0,61.333333333333336,56.57142857142857,54.0,5,8,-0.6913512362094071,-0.722518835873311
"Rabindra Bharati University, Kolkata - WBPCB",2026-08-16,54.0,25.04,52.68,12.6,8.45,0.9,25.48,20.46,mean_of_source_observations,27.8,89,15.0,997.8,61.0,45.0,73.0,59.666666666666664,54.857142857142854,57.0,6,8,-0.7036774074790128,-0.7105196029692745
"Rabindra Bharati University, Kolkata - WBPCB",2026-08-17,57.0,24.62,56.14,9.61,8.26,0.97,29.09,33.5,mean_of_source_observations,26.6,94,19.9,998.7,54.0,61.0,45.0,53.333333333333336,55.857142857142854,81.0,0,8,-0.7157953492826642,-0.6983101158835584
"Rabindra Bharati University, Kolkata - WBPCB",2026-08-18,81.0,25.91,80.27,12.65,5.23,0.89,24.29,25.28,mean_of_source_observations,28.1,86,19.3,1001.6,57.0,54.0,61.0,57.333333333333336,58.57142857142857,50.0,1,8,-0.7277014757264236,-0.6858939875998223
"Rabindra Bharati University, Kolkata - WBPCB",2026-08-19,50.0,29.87,44.81,20.12,6.66,0.91,24.64,27.67,mean_of_source_observations,29.0,81,12.7,1003.4,81.0,57.0,54.0,64.0,62.42857142857143,61.0,2,8,-0.7393922635959241,-0.673274892250183
"Rabindra Bharati University, Kolkata - WBPCB",2026-08-20,61.0,24.01,60.37,12.48,7.9,0.84,21.69,25.13,mean_of_source_observations,29.2,84,9.6,1003.3,50.0,81.0,57.0,62.666666666666664,60.142857142857146,63.0,3,8,-0.7508642533989489,-0.6604565640279754
"Rabindra Bharati University, Kolkata - WBPCB",2026-08-21,63.0,27.04,62.61,16.45,8.8,0.84,27.46,30.33,mean_of_source_observations,29.8,86,7.4,1001.9,61.0,50.0,81.0,64.0,58.42857142857143,69.0,4,8,-0.7621140503891487,-0.6474427960827475
"Rabindra Bharati University, Kolkata - WBPCB",2026-08-22,69.0,22.99,68.35,11.85,4.71,0.81,25.55,26.86,mean_of_source_observations,29.6,85,12.9,1001.3,63.0,61.0,50.0,58.0,61.0,61.0,5,8,-0.7731383255706026,-0.6342374393978054
"Rabindra Bharati University, Kolkata - WBPCB",2026-08-23,61.0,31.53,60.23,18.39,7.76,0.82,23.74,23.85,mean_of_source_observations,29.4,82,14.6,1000.8,69.0,63.0,61.0,64.33333333333333,62.142857142857146,63.0,6,8,-0.7839338166829201,-0.620844401650647
"Rabindra Bharati University, Kolkata - WBPCB",2026-08-24,63.0,20.38,62.47,18.19,8.21,0.79,19.29,29.51,mean_of_source_observations,28.3,87,14.6,1001.4,61.0,69.0,63.0,64.33333333333333,63.142857142857146,58.0,0,8,-0.7944973291665992,-0.6072676460566135
"Rabindra Bharati University, Kolkata - WBPCB",2026-08-25,58.0,34.05,56.86,23.33,9.27,0.8,29.33,23.43,mean_of_source_observations,28.8,85,15.4,1002.9,63.0,61.0,69.0,64.33333333333333,64.0,64.0,1,8,-0.8048257371083452,-0.593511190196115
"Rabindra Bharati University, Kolkata - WBPCB",2026-08-26,64.0,24.4,63.01,14.7,9.04,0.83,21.32,25.37,mean_of_source_observations,29.0,87,10.1,1002.4,58.0,63.0,61.0,60.666666666666664,60.714285714285715,59.0,2,8,-0.8149159841660791,-0.5795791048257612
"Rabindra Bharati University, Kolkata - WBPCB",2026-08-27,59.0,17.19,58.17,18.47,8.87,0.72,23.23,21.25,mean_of_source_observations,29.5,87,8.9,1001.4,64.0,58.0,63.0,61.666666666666664,62.714285714285715,68.0,3,8,-0.8247650844733614,-0.5654755126737576
"Rabindra Bharati University, Kolkata - WBPCB",2026-08-28,68.0,25.91,66.96,16.13,6.8,0.85,26.08,23.47,mean_of_source_observations,29.2,89,10.7,1000.7,59.0,64.0,58.0,60.333333333333336,62.42857142857143,60.0,4,8,-0.8343701235229537,-0.5512045872199277
"Rabindra Bharati University, Kolkata - WBPCB",2026-08-29,60.0,21.86,58.87,21.43,5.14,0.83,21.41,28.66,mean_of_source_observations,29.4,85,14.5,999.7,68.0,59.0,64.0,63.666666666666664,63.142857142857146,66.0,5,8,-0.8437282590292712,-0.5367705514607103
"Rabindra Bharati University, Kolkata - WBPCB",2026-08-30,66.0,30.39,65.8,12.85,7.41,0.87,20.52,21.71,mean_of_source_observations,28.4,90,13.8,998.4,60.0,68.0,59.0,62.333333333333336,61.857142857142854,64.0,6,8,-0.8528367217694595,-0.522177676659508
